{
"type": "FeatureCollection",
"crs": { "type": "name", "properties": { "name": "urn:ogc:def:crs:OGC:1.3:CRS84" } },
"features": [
{ "type": "Feature", "properties": { "shapeName": "Damascus", "shapeISO": "", "shapeID": "27442178B22471987034404", "shapeGroup": "SYR", "shapeType": "ADM2" }, "geometry": { "type": "Polygon", "coordinates": [ [ [ 36.272859618000041, 33.555752787000074 ], [ 36.26991311300003, 33.557929315000024 ], [ 36.247029557000076, 33.547879539000064 ], [ 36.238957805000041, 33.546055255000056 ], [ 36.231536047000077, 33.541921301000059 ], [ 36.230760468000028, 33.544515878000027 ], [ 36.227676687000042, 33.546414687000038 ], [ 36.225290959000063, 33.544628892000048 ], [ 36.223221718000048, 33.545082766000064 ], [ 36.222570039000061, 33.539572273000033 ], [ 36.214880602000051, 33.536892630000068 ], [ 36.212367460000053, 33.539336603000038 ], [ 36.208955119000052, 33.534978953000063 ], [ 36.204044116000034, 33.533895304000055 ], [ 36.202845186000047, 33.530575190000036 ], [ 36.204900450000025, 33.529598631000056 ], [ 36.202345309000066, 33.528797213000075 ], [ 36.197741760000042, 33.525573153000039 ], [ 36.199247928000034, 33.514596071000028 ], [ 36.208652086000029, 33.515956216000063 ], [ 36.210247547000051, 33.485949060000053 ], [ 36.205129323000051, 33.485643718000063 ], [ 36.209663210000031, 33.479041936000044 ], [ 36.205857454000068, 33.473154261000047 ], [ 36.206976, 33.469349478000026 ], [ 36.214392403000033, 33.470235206000041 ], [ 36.218753595000067, 33.472362995000026 ], [ 36.222258062000037, 33.468271491000053 ], [ 36.226297141000032, 33.470029213000032 ], [ 36.225170433000073, 33.471938313000067 ], [ 36.227528071000052, 33.472724446000029 ], [ 36.229921421000029, 33.47161017600007 ], [ 36.23232295400004, 33.473293579000028 ], [ 36.231752283000048, 33.474371506000068 ], [ 36.238032304000058, 33.475682899000049 ], [ 36.23804476600003, 33.47833346200008 ], [ 36.243294788000071, 33.480043721000072 ], [ 36.247134630000062, 33.47607548700006 ], [ 36.266344858000025, 33.468520690000048 ], [ 36.272048914000038, 33.469989543000054 ], [ 36.278897685000061, 33.475821633000066 ], [ 36.280146896000076, 33.474023738000028 ], [ 36.277452837000055, 33.465154109000025 ], [ 36.280219554000041, 33.461974372000043 ], [ 36.283168902000057, 33.46120101200006 ], [ 36.28275018100004, 33.45860967200008 ], [ 36.297420762000058, 33.462413106000042 ], [ 36.299068777000059, 33.461301008000078 ], [ 36.296000636000031, 33.465068043000031 ], [ 36.298449333000065, 33.468070689000058 ], [ 36.303201084000079, 33.467442076000054 ], [ 36.30374854300004, 33.464741092000054 ], [ 36.307110697000041, 33.465172137000025 ], [ 36.310141524000073, 33.461834707000037 ], [ 36.314438470000027, 33.462930701000062 ], [ 36.31536875300003, 33.470409044000064 ], [ 36.313748395000061, 33.471627094000041 ], [ 36.318672062000076, 33.469306892000077 ], [ 36.317354136000063, 33.47370228300008 ], [ 36.321405926000068, 33.473954441000046 ], [ 36.321740202000058, 33.478024496000046 ], [ 36.315665636000062, 33.478297547000068 ], [ 36.314513570000031, 33.480559738000068 ], [ 36.317277594000075, 33.480805444000055 ], [ 36.317463660000044, 33.484527554000067 ], [ 36.325128279000069, 33.485826289000045 ], [ 36.323888625000052, 33.490014340000073 ], [ 36.327364874000068, 33.488655875000063 ], [ 36.327960996000058, 33.493277781000074 ], [ 36.34019248900006, 33.51848327600004 ], [ 36.348736534000068, 33.519491438000045 ], [ 36.350504441000055, 33.52085934400003 ], [ 36.348228607000067, 33.526811043000066 ], [ 36.34373480000005, 33.525664939000023 ], [ 36.353390885000067, 33.546605923000072 ], [ 36.355925738000053, 33.556682608000074 ], [ 36.340128336000078, 33.559061679000024 ], [ 36.336167680000074, 33.558877893000044 ], [ 36.334344931000032, 33.564951946000065 ], [ 36.32518871700006, 33.564085099000067 ], [ 36.326997765000044, 33.567067570000063 ], [ 36.323555125000041, 33.569321131000038 ], [ 36.320752377000076, 33.568039474000045 ], [ 36.322670931000062, 33.571021931000075 ], [ 36.321442164000075, 33.571833842000046 ], [ 36.314094388000058, 33.570158702000072 ], [ 36.315788564000059, 33.568978489000074 ], [ 36.31363753200003, 33.566884563000031 ], [ 36.315291480000042, 33.565134450000073 ], [ 36.287336743000026, 33.564026181000031 ], [ 36.283735098000079, 33.562406301000067 ], [ 36.280380894000075, 33.563640637000049 ], [ 36.272859618000041, 33.555752787000074 ] ] ] } },
{ "type": "Feature", "properties": { "shapeName": "Jebel Saman", "shapeISO": "", "shapeID": "27442178B96508006833869", "shapeGroup": "SYR", "shapeType": "ADM2" }, "geometry": { "type": "Polygon", "coordinates": [ [ [ 37.322596892000035, 36.362372374000074 ], [ 37.309794086000068, 36.376628530000062 ], [ 37.274665638000045, 36.360891376000041 ], [ 37.260341418000053, 36.351536782000039 ], [ 37.236370272000045, 36.343059181000058 ], [ 37.231385929000055, 36.345107130000031 ], [ 37.222923044000026, 36.355044754000062 ], [ 37.216784092000069, 36.368199651000054 ], [ 37.208598822000056, 36.374046273000033 ], [ 37.198074904000066, 36.374338604000059 ], [ 37.185797001000026, 36.372876948000055 ], [ 37.176150076000056, 36.368199652000044 ], [ 37.158041442000069, 36.356376225000076 ], [ 37.149547950000056, 36.346859485000039 ], [ 37.136977715000057, 36.343059181000058 ], [ 37.076143625000043, 36.340808232000029 ], [ 37.05933458800007, 36.338118786000052 ], [ 37.042090113000029, 36.339504752000039 ], [ 37.017355187000078, 36.33090628900004 ], [ 37.004319913000074, 36.329544181000074 ], [ 36.997252697000079, 36.330577723000033 ], [ 36.991426086000047, 36.32534392000008 ], [ 36.987391917000025, 36.292398211000034 ], [ 36.98720598500006, 36.269689781000068 ], [ 36.963640819000034, 36.279046836000077 ], [ 36.93722525000004, 36.281377622000036 ], [ 36.914963975000035, 36.305864573000065 ], [ 36.912740564000046, 36.302344173000051 ], [ 36.89382370900006, 36.299357301000043 ], [ 36.878889350000065, 36.306326668000054 ], [ 36.85599, 36.336195386000043 ], [ 36.846033760000068, 36.343164754000043 ], [ 36.833090649000042, 36.344160377000037 ], [ 36.815169418000039, 36.342169130000059 ], [ 36.798243811000077, 36.336195386000043 ], [ 36.795493522000072, 36.322336793000034 ], [ 36.775161146000073, 36.314522425000064 ], [ 36.760298297000077, 36.312744847000033 ], [ 36.765542984000035, 36.304437638000024 ], [ 36.768991471000049, 36.30225181600008 ], [ 36.786981583000056, 36.302667619000033 ], [ 36.793420568000045, 36.28136666000006 ], [ 36.801443100000029, 36.281480790000046 ], [ 36.815185882000037, 36.284387948000074 ], [ 36.821889877000046, 36.28352546800005 ], [ 36.82266005300005, 36.28195547200005 ], [ 36.818174364000072, 36.275123868000037 ], [ 36.816152748000036, 36.267625456000076 ], [ 36.823858261000055, 36.258413316000031 ], [ 36.822423935000074, 36.250219346000051 ], [ 36.835638046000042, 36.249128342000063 ], [ 36.837614059000032, 36.247369767000066 ], [ 36.840307236000058, 36.233804704000079 ], [ 36.837755203000029, 36.231725693000044 ], [ 36.833094488000029, 36.231021977000069 ], [ 36.828207016000079, 36.217161180000062 ], [ 36.812276841000028, 36.214830398000061 ], [ 36.80492210400007, 36.214727402000051 ], [ 36.798246383000048, 36.216547012000035 ], [ 36.789918899000043, 36.21119499200006 ], [ 36.780565262000039, 36.207487107000077 ], [ 36.77556800800005, 36.201414109000041 ], [ 36.774015427000052, 36.195390701000065 ], [ 36.768686294000076, 36.195440293000047 ], [ 36.765069962000041, 36.191366196000047 ], [ 36.766458512000042, 36.18883323600005 ], [ 36.773439408000058, 36.185846329000071 ], [ 36.760152816000073, 36.165056229000072 ], [ 36.743234634000032, 36.16289329500006 ], [ 36.732858658000055, 36.156858445000069 ], [ 36.714979172000028, 36.15458488400003 ], [ 36.709234237000032, 36.150800705000051 ], [ 36.710256577000052, 36.146482467000055 ], [ 36.715806962000045, 36.144231797000032 ], [ 36.718758180000066, 36.140218127000026 ], [ 36.721053862000076, 36.133534430000054 ], [ 36.728820527000039, 36.123172580000073 ], [ 36.737875867000071, 36.117937031000054 ], [ 36.749556215000041, 36.11484566200005 ], [ 36.755808055000045, 36.109315095000056 ], [ 36.754641335000031, 36.10482902800004 ], [ 36.744424219000052, 36.099704273000043 ], [ 36.741394848000027, 36.08478414800004 ], [ 36.746652281000024, 36.080261150000069 ], [ 36.77071311900005, 36.066936973000054 ], [ 36.780771750000042, 36.06631288400007 ], [ 36.788962279000032, 36.069812726000066 ], [ 36.807035420000034, 36.07160052100005 ], [ 36.822692169000049, 36.06594743900007 ], [ 36.831579133000048, 36.066711520000069 ], [ 36.833540301000028, 36.06520680400007 ], [ 36.839128808000055, 36.047343590000025 ], [ 36.84545668800007, 36.040409373000045 ], [ 36.856675125000038, 36.044398956000066 ], [ 36.879411717000039, 36.043954002000078 ], [ 36.881835526000032, 36.042583525000055 ], [ 36.882742317000066, 36.02439875500005 ], [ 36.875407211000038, 36.015228248000028 ], [ 36.871859898000025, 36.001194720000058 ], [ 36.873333751000075, 35.988445312000067 ], [ 36.867640350000045, 35.981514519000029 ], [ 36.868094862000078, 35.970939921000024 ], [ 36.874854529000061, 35.960372289000077 ], [ 36.875474697000072, 35.943141238000067 ], [ 36.877612389000035, 35.934040726000035 ], [ 36.879382477000036, 35.93317182100003 ], [ 36.888464963000047, 35.93610960500007 ], [ 36.893098795000071, 35.928640642000062 ], [ 36.900485266000032, 35.925297047000072 ], [ 36.901590781000039, 35.913564053000073 ], [ 36.90434145200004, 35.911942789000079 ], [ 36.911159119000047, 35.913316144000078 ], [ 36.920435159000078, 35.912680998000042 ], [ 36.927870749000078, 35.915659362000042 ], [ 36.935540133000075, 35.915767729000038 ], [ 36.940960997000047, 35.911119337000059 ], [ 36.942116868000028, 35.904239744000051 ], [ 36.940241124000067, 35.901276087000042 ], [ 36.93685994100008, 35.900078991000044 ], [ 36.935119978000046, 35.897500359000048 ], [ 36.935713958000065, 35.89521011000005 ], [ 36.939526111000077, 35.88714344400006 ], [ 36.952598909000073, 35.885679460000063 ], [ 36.958464148000076, 35.878611005000039 ], [ 36.95955336600008, 35.870070339000051 ], [ 36.954150392000031, 35.866075632000047 ], [ 36.95403994000003, 35.86341576600006 ], [ 36.959447481000041, 35.85033883300008 ], [ 36.962872612000069, 35.847833182000045 ], [ 36.976566957000045, 35.845153377000031 ], [ 36.979515621000075, 35.842768696000064 ], [ 36.980867016000047, 35.83806280500005 ], [ 36.98967615600003, 35.837687517000063 ], [ 36.990525217000027, 35.836156035000045 ], [ 36.985158193000075, 35.825353205000056 ], [ 36.984767654000052, 35.812322050000034 ], [ 36.986899682000058, 35.805324254000027 ], [ 36.990457039000034, 35.805671313000062 ], [ 37.002437895000071, 35.815764283000078 ], [ 37.010498322000046, 35.820220053000071 ], [ 37.018875493000053, 35.820274569000048 ], [ 37.025002906000054, 35.817040887000076 ], [ 37.027138857000068, 35.818092686000057 ], [ 37.031332250000048, 35.824537053000029 ], [ 37.031499616000076, 35.835904925000079 ], [ 37.033895270000073, 35.843728617000068 ], [ 37.052574250000077, 35.837224322000054 ], [ 37.060733925000079, 35.836956508000071 ], [ 37.066195759000038, 35.84022624000005 ], [ 37.070370154000045, 35.836901111000032 ], [ 37.068073244000061, 35.833037587000035 ], [ 37.088055229000076, 35.822720633000074 ], [ 37.091563312000062, 35.818683727000064 ], [ 37.096129986000051, 35.818237443000044 ], [ 37.103219213000045, 35.82038084800007 ], [ 37.103375227000072, 35.829066811000075 ], [ 37.109212309000043, 35.831192525000063 ], [ 37.120449517000054, 35.829052661000048 ], [ 37.121064236000052, 35.826379597000027 ], [ 37.114538641000024, 35.809494537000035 ], [ 37.115273346000038, 35.80171507600005 ], [ 37.127926130000048, 35.799467512000035 ], [ 37.136714350000034, 35.796271426000033 ], [ 37.136815340000055, 35.781395532000033 ], [ 37.121211925000068, 35.780281144000071 ], [ 37.107769412000039, 35.766746313000056 ], [ 37.108022707000032, 35.764962059000027 ], [ 37.119679112000028, 35.757975430000045 ], [ 37.115446717000054, 35.74935957200006 ], [ 37.103505431000031, 35.747147608000034 ], [ 37.104823497000041, 35.741611180000064 ], [ 37.116979076000064, 35.739867400000037 ], [ 37.116963283000075, 35.73437597700007 ], [ 37.119352529000025, 35.733643522000079 ], [ 37.120181540000033, 35.727014715000053 ], [ 37.11979541900007, 35.707754065000074 ], [ 37.114988609000079, 35.703209485000059 ], [ 37.10990074700004, 35.701574100000073 ], [ 37.104812885000058, 35.695941110000035 ], [ 37.100451860000078, 35.687219061000064 ], [ 37.099574542000028, 35.679473683000026 ], [ 37.103359210000065, 35.673590859000058 ], [ 37.111172712000041, 35.670683509000071 ], [ 37.123004347000062, 35.67317969100003 ], [ 37.133288638000067, 35.670116974000052 ], [ 37.135298194000029, 35.667719024000064 ], [ 37.131782972000053, 35.655984592000038 ], [ 37.128160351000076, 35.65056990800008 ], [ 37.128179122000063, 35.644440461000045 ], [ 37.134158166000077, 35.639608404000057 ], [ 37.145478325000056, 35.635937284000079 ], [ 37.139754316000051, 35.62883277800006 ], [ 37.131422330000078, 35.62360695600006 ], [ 37.11814182300003, 35.609267749000026 ], [ 37.120930954000073, 35.604750325000055 ], [ 37.110909864000064, 35.593115521000072 ], [ 37.111209330000065, 35.590866190000042 ], [ 37.142924475000029, 35.587641467000026 ], [ 37.156454889000031, 35.582914696000046 ], [ 37.166651073000025, 35.553038382000068 ], [ 37.170083117000047, 35.550405126000044 ], [ 37.174949001000073, 35.550218475000065 ], [ 37.177627721000079, 35.553372011000079 ], [ 37.188022445000058, 35.557554530000061 ], [ 37.197312311000076, 35.556664173000058 ], [ 37.201662724000073, 35.554427002000068 ], [ 37.202167062000058, 35.549903928000049 ], [ 37.199051025000074, 35.546180991000028 ], [ 37.215441228000032, 35.544183196000063 ], [ 37.219465021000076, 35.545710800000052 ], [ 37.221636681000064, 35.558730492000052 ], [ 37.234144141000058, 35.560632749000035 ], [ 37.240561868000043, 35.554716261000067 ], [ 37.245780209000031, 35.540736553000045 ], [ 37.250399361000063, 35.533387588000039 ], [ 37.260561303000031, 35.530605630000025 ], [ 37.269103051000059, 35.533128145000035 ], [ 37.283160369000029, 35.532584382000039 ], [ 37.284185475000072, 35.539341603000025 ], [ 37.28749005800006, 35.539857281000025 ], [ 37.298527657000079, 35.546585191000077 ], [ 37.300898644000029, 35.546772717000067 ], [ 37.301696909000043, 35.543089243000054 ], [ 37.300313212000049, 35.541707826000049 ], [ 37.303657176000058, 35.539388200000076 ], [ 37.324591861000044, 35.541628834000051 ], [ 37.322772972000053, 35.527391201000057 ], [ 37.31385522000005, 35.524034434000043 ], [ 37.325331393000056, 35.516107013000067 ], [ 37.327737737000064, 35.511818093000045 ], [ 37.335308788000077, 35.515859449000061 ], [ 37.346125038000025, 35.506909071000052 ], [ 37.368008044000078, 35.515340372000026 ], [ 37.385455855000032, 35.508327119000057 ], [ 37.384830868000051, 35.531748962000052 ], [ 37.383080323000058, 35.536183821000066 ], [ 37.416985285000067, 35.555610174000037 ], [ 37.434121753000056, 35.550030055000036 ], [ 37.434122616000025, 35.603011885000058 ], [ 37.423009993000051, 35.640053960000046 ], [ 37.40611890100007, 35.659975865000035 ], [ 37.385684158000061, 35.674818293000044 ], [ 37.369962366000038, 35.694758127000057 ], [ 37.370729284000049, 35.715081418000068 ], [ 37.366871652000043, 35.751290740000059 ], [ 37.349639074000038, 35.763397169000029 ], [ 37.331999991000032, 35.77835204400003 ], [ 37.329670706000059, 35.788898815000039 ], [ 37.347659060000069, 35.795667876000039 ], [ 37.346571408000045, 35.803660295000043 ], [ 37.337368408000032, 35.810179086000062 ], [ 37.322419579000041, 35.816258431000051 ], [ 37.325186749000068, 35.835509039000044 ], [ 37.321421864000058, 35.837580132000028 ], [ 37.318195490000051, 35.845457253000063 ], [ 37.317812033000052, 35.860795587000041 ], [ 37.319982787000072, 35.865235767000058 ], [ 37.292707680000035, 35.875458133000052 ], [ 37.270236132000036, 35.887897739000039 ], [ 37.267440441000076, 35.894708502000071 ], [ 37.265019523000035, 35.911171843000034 ], [ 37.267828466000026, 35.932840835000036 ], [ 37.27424890900005, 35.955713661000061 ], [ 37.275051464000057, 35.979389042000037 ], [ 37.281471906000036, 35.998650369000075 ], [ 37.279866796000078, 36.009484865000047 ], [ 37.269762009000033, 36.016596381000056 ], [ 37.261408024000048, 36.01951680600007 ], [ 37.241573808000055, 36.042125313000042 ], [ 37.213488022000035, 36.032401829000037 ], [ 37.203809757000045, 36.03168006900006 ], [ 37.203990852000061, 36.039174896000077 ], [ 37.208244584000056, 36.048047705000045 ], [ 37.230278441000053, 36.068357474000038 ], [ 37.235799228000076, 36.08502285000003 ], [ 37.246915849000061, 36.108406088000038 ], [ 37.259949130000052, 36.12718934600008 ], [ 37.270682420000071, 36.141755953000029 ], [ 37.31131558900006, 36.180472463000058 ], [ 37.325498864000053, 36.188139098000079 ], [ 37.337765481000076, 36.190055757000039 ], [ 37.409448524000027, 36.195039070000064 ], [ 37.423075361000031, 36.192281066000078 ], [ 37.415503340000043, 36.206842646000041 ], [ 37.40513584200005, 36.211776892000046 ], [ 37.402192365000076, 36.214755088000061 ], [ 37.381217839000044, 36.215660789000026 ], [ 37.363642485000071, 36.209337203000075 ], [ 37.35845772700003, 36.213717828000028 ], [ 37.33983409800004, 36.212468619000049 ], [ 37.347056007000049, 36.235310515000037 ], [ 37.336670894000065, 36.254133531000036 ], [ 37.323689504000072, 36.267763991000038 ], [ 37.321742296000025, 36.284639799000047 ], [ 37.323808338000049, 36.290941622000048 ], [ 37.310734287000059, 36.314682394000044 ], [ 37.309366170000033, 36.327337478000061 ], [ 37.318258932000049, 36.355725910000046 ], [ 37.322596892000035, 36.362372374000074 ] ] ] } },
{ "type": "Feature", "properties": { "shapeName": "Al Bab", "shapeISO": "", "shapeID": "27442178B24628051118006", "shapeGroup": "SYR", "shapeType": "ADM2" }, "geometry": { "type": "Polygon", "coordinates": [ [ [ 37.423075361000031, 36.192281066000078 ], [ 37.434948605000045, 36.163258432000077 ], [ 37.435619132000056, 36.149847904000069 ], [ 37.439642289000062, 36.143813167000076 ], [ 37.447018080000078, 36.140460535000045 ], [ 37.451506014000074, 36.130934307000075 ], [ 37.469145451000031, 36.122356323000076 ], [ 37.476521241000057, 36.113639480000074 ], [ 37.486579136000046, 36.072737371000073 ], [ 37.497871151000027, 36.06810035400008 ], [ 37.514070717000038, 36.071396318000041 ], [ 37.538880194000058, 36.07407842300006 ], [ 37.548938089000046, 36.07743105600008 ], [ 37.578172853000069, 36.082438100000047 ], [ 37.612732487000073, 36.075131789000068 ], [ 37.645879119000028, 36.075131789000068 ], [ 37.668393812000033, 36.069503116000078 ], [ 37.697593980000079, 36.074227332000078 ], [ 37.69660110600006, 36.077384295000059 ], [ 37.701424114000076, 36.115541123000071 ], [ 37.724506528000063, 36.155446313000027 ], [ 37.750427827000067, 36.191339435000032 ], [ 37.764103879000061, 36.203119213000036 ], [ 37.802360770000064, 36.218825143000061 ], [ 37.83405018600007, 36.228214600000058 ], [ 37.858697508000034, 36.242690012000025 ], [ 37.869615605000035, 36.255977964000067 ], [ 37.866396460000033, 36.256266246000052 ], [ 37.848055563000059, 36.264693144000034 ], [ 37.83268886500008, 36.263949594000053 ], [ 37.808399569000073, 36.248335047000069 ], [ 37.789067273000057, 36.247095797000043 ], [ 37.767504326000051, 36.243378048000068 ], [ 37.738258031000044, 36.243873748000055 ], [ 37.732805332000055, 36.248830747000056 ], [ 37.723139184000047, 36.254035596000051 ], [ 37.714216585000031, 36.269154443000048 ], [ 37.716199385000039, 36.290469540000061 ], [ 37.721156384000039, 36.29815288900005 ], [ 37.73528383200005, 36.301622788000032 ], [ 37.742223631000059, 36.300631388000056 ], [ 37.754120429000068, 36.304596987000025 ], [ 37.754368278000072, 36.311041086000046 ], [ 37.744206431000066, 36.322937885000044 ], [ 37.737266631000068, 36.326407784000025 ], [ 37.731024472000058, 36.335696053000049 ], [ 37.738884514000063, 36.344736151000063 ], [ 37.751463784000066, 36.344450166000058 ], [ 37.756041696000068, 36.346510199000079 ], [ 37.765025826000056, 36.357389029000046 ], [ 37.765025826000056, 36.36532022800003 ], [ 37.761803777000068, 36.369037977000062 ], [ 37.752865143000065, 36.374541721000071 ], [ 37.748716340000044, 36.398173796000037 ], [ 37.741269230000057, 36.406223321000027 ], [ 37.730159425000068, 36.411514723000039 ], [ 37.729753350000067, 36.422613992000038 ], [ 37.735656415000051, 36.425075548000052 ], [ 37.742967180000051, 36.43670101500004 ], [ 37.743958580000026, 36.441162315000042 ], [ 37.743176819000041, 36.447964338000077 ], [ 37.738543205000042, 36.451531799000065 ], [ 37.734691447000046, 36.45955269500007 ], [ 37.734574475000045, 36.464013288000046 ], [ 37.758811454000067, 36.48508864300004 ], [ 37.760812378000026, 36.49494575600005 ], [ 37.764777976000062, 36.499407055000063 ], [ 37.76823227400007, 36.507470592000061 ], [ 37.763281505000066, 36.513452771000061 ], [ 37.752486078000061, 36.508639524000046 ], [ 37.739221533000034, 36.508682707000048 ], [ 37.73218792800003, 36.515242386000068 ], [ 37.72377438500007, 36.529803279000078 ], [ 37.70431439400005, 36.533674617000031 ], [ 37.689049698000076, 36.530730530000028 ], [ 37.692399979000072, 36.546609878000027 ], [ 37.700769424000043, 36.557497025000032 ], [ 37.700139999000044, 36.564203262000035 ], [ 37.694013596000048, 36.572423935000074 ], [ 37.688966751000066, 36.576387405000048 ], [ 37.675436020000063, 36.576738357000067 ], [ 37.671922684000037, 36.583810806000031 ], [ 37.671125786000061, 36.592834156000038 ], [ 37.679086685000073, 36.60955238400004 ], [ 37.678823472000033, 36.614332199000046 ], [ 37.675107956000033, 36.621763229000067 ], [ 37.656000137000035, 36.637948990000041 ], [ 37.650693894000028, 36.640336990000037 ], [ 37.648836136000057, 36.644052506000037 ], [ 37.647771836000061, 36.647768021000047 ], [ 37.650957107000067, 36.666875840000046 ], [ 37.647890091000079, 36.696359635000078 ], [ 37.650163650000025, 36.715970993000042 ], [ 37.649896622000028, 36.720483780000052 ], [ 37.645529278000026, 36.72617086300005 ], [ 37.602632523000068, 36.706979752000052 ], [ 37.578161240000043, 36.698511124000049 ], [ 37.534341812000036, 36.676351547000024 ], [ 37.521009445000061, 36.667211533000057 ], [ 37.502042771000049, 36.649290085000075 ], [ 37.484979629000065, 36.641092300000025 ], [ 37.472539902000051, 36.63797187800003 ], [ 37.461141586000053, 36.638151169000025 ], [ 37.427232743000047, 36.645780563000073 ], [ 37.403593063000073, 36.649148941000078 ], [ 37.391359330000057, 36.632032394000078 ], [ 37.377599716000077, 36.60451316800004 ], [ 37.38628959600004, 36.596548080000048 ], [ 37.407255173000067, 36.588087082000072 ], [ 37.41274833600005, 36.584527969000078 ], [ 37.41325187700005, 36.572401047000028 ], [ 37.415830612000036, 36.56908607500003 ], [ 37.419374466000079, 36.550783157000069 ], [ 37.425008774000048, 36.541952134000041 ], [ 37.430224097000064, 36.537954236000076 ], [ 37.43792533900006, 36.508569718000047 ], [ 37.43542289700008, 36.489164353000035 ], [ 37.431634560000077, 36.475353707000068 ], [ 37.427301407000073, 36.471872330000053 ], [ 37.420866012000033, 36.469507218000047 ], [ 37.410730362000038, 36.46805000300003 ], [ 37.400544722000063, 36.464396542000031 ], [ 37.374696535000055, 36.461307333000036 ], [ 37.373971939000057, 36.453405381000039 ], [ 37.376066208000054, 36.449304581000035 ], [ 37.365232468000045, 36.433279037000034 ], [ 37.351881896000066, 36.408017782000059 ], [ 37.342512520000071, 36.398226968000074 ], [ 37.322596892000035, 36.362372374000074 ], [ 37.318258932000049, 36.355725910000046 ], [ 37.309366170000033, 36.327337478000061 ], [ 37.310734287000059, 36.314682394000044 ], [ 37.323808338000049, 36.290941622000048 ], [ 37.321742296000025, 36.284639799000047 ], [ 37.323689504000072, 36.267763991000038 ], [ 37.336670894000065, 36.254133531000036 ], [ 37.347056007000049, 36.235310515000037 ], [ 37.33983409800004, 36.212468619000049 ], [ 37.35845772700003, 36.213717828000028 ], [ 37.363642485000071, 36.209337203000075 ], [ 37.381217839000044, 36.215660789000026 ], [ 37.402192365000076, 36.214755088000061 ], [ 37.40513584200005, 36.211776892000046 ], [ 37.415503340000043, 36.206842646000041 ], [ 37.423075361000031, 36.192281066000078 ] ] ] } },
{ "type": "Feature", "properties": { "shapeName": "Afrin", "shapeISO": "", "shapeID": "27442178B88911382861768", "shapeGroup": "SYR", "shapeType": "ADM2" }, "geometry": { "type": "Polygon", "coordinates": [ [ [ 36.914963975000035, 36.305864573000065 ], [ 36.924688051000032, 36.321261026000059 ], [ 36.930661795000049, 36.340177881000045 ], [ 36.924688051000032, 36.381994087000066 ], [ 36.926679299000057, 36.401906565000047 ], [ 36.932653043000073, 36.41285842800005 ], [ 36.964513009000029, 36.416840924000041 ], [ 36.980442991000075, 36.413854052000033 ], [ 36.999359846000061, 36.404893437000055 ], [ 37.011307333000047, 36.407880309000063 ], [ 37.019272325000031, 36.418832171000076 ], [ 37.020267949000072, 36.442727146000038 ], [ 37.006329213000072, 36.470604617000049 ], [ 36.988407983000059, 36.486534599000038 ], [ 36.985421111000051, 36.49748646200004 ], [ 37.006014851000032, 36.528149687000052 ], [ 36.994926923000037, 36.53501364300007 ], [ 36.979615023000065, 36.534485645000075 ], [ 36.977503035000041, 36.544517581000036 ], [ 36.982782364000059, 36.569864273000064 ], [ 36.998624802000052, 36.597845078000034 ], [ 37.016046524000046, 36.616853714000058 ], [ 37.026609420000057, 36.634805679000067 ], [ 37.026609420000057, 36.645364761000053 ], [ 37.029775619000077, 36.654340744000024 ], [ 37.034460068000044, 36.656850815000041 ], [ 37.02803993200007, 36.660570145000065 ], [ 37.02790260300003, 36.665510177000044 ], [ 37.033239365000043, 36.678449631000035 ], [ 37.056650162000039, 36.712690353000028 ], [ 37.058130264000056, 36.720739365000043 ], [ 37.056039810000073, 36.72426033000005 ], [ 37.051839828000027, 36.72681999200006 ], [ 37.019910812000035, 36.737009049000051 ], [ 37.009469986000056, 36.743131637000033 ], [ 36.998861312000031, 36.75531959500006 ], [ 36.988832474000048, 36.762010574000044 ], [ 36.944349289000058, 36.781240464000064 ], [ 36.902669906000028, 36.777692794000075 ], [ 36.879602433000059, 36.781370163000076 ], [ 36.804182052000044, 36.798570633000054 ], [ 36.739030838000076, 36.82418251100006 ], [ 36.685312272000033, 36.834749222000028 ], [ 36.675542832000076, 36.84560203500007 ], [ 36.670732498000064, 36.842721940000047 ], [ 36.668352127000048, 36.836252212000034 ], [ 36.677549362000036, 36.821260452000047 ], [ 36.678201675000025, 36.811189652000053 ], [ 36.670270920000064, 36.79980278000005 ], [ 36.632799148000061, 36.766302109000037 ], [ 36.627069473000063, 36.757699966000075 ], [ 36.623971939000057, 36.747091294000029 ], [ 36.625242233000051, 36.742521286000056 ], [ 36.635072708000052, 36.728021622000028 ], [ 36.638692856000034, 36.711572647000025 ], [ 36.636880874000042, 36.705110550000029 ], [ 36.627782821000039, 36.695299148000061 ], [ 36.618852616000027, 36.679990768000039 ], [ 36.606382370000063, 36.671522140000036 ], [ 36.591852188000075, 36.650110245000064 ], [ 36.588052749000042, 36.636041641000077 ], [ 36.587949752000043, 36.630529403000025 ], [ 36.603482561000078, 36.589988564000066 ], [ 36.60416, 36.57907 ], [ 36.59989, 36.56201 ], [ 36.59612, 36.55573 ], [ 36.59133, 36.53751 ], [ 36.58329, 36.52266 ], [ 36.57341, 36.51212 ], [ 36.55303, 36.50111 ], [ 36.55289, 36.49698 ], [ 36.55704, 36.4918 ], [ 36.55497, 36.48579 ], [ 36.56779, 36.46773 ], [ 36.568552017000059, 36.44505119300004 ], [ 36.573541641000077, 36.44230079700003 ], [ 36.575582504000067, 36.438550949000046 ], [ 36.576890945000059, 36.424821854000072 ], [ 36.584989548000067, 36.411699295000062 ], [ 36.586729049000041, 36.401880264000056 ], [ 36.589139938000073, 36.397809982000069 ], [ 36.593229294000025, 36.394231797000032 ], [ 36.59926033000005, 36.392290115000037 ], [ 36.606660843000043, 36.391309738000075 ], [ 36.615701675000025, 36.392660141000079 ], [ 36.622560502000056, 36.391199112000038 ], [ 36.623521805000053, 36.388010025000028 ], [ 36.620260239000061, 36.374872207000067 ], [ 36.627851486000054, 36.359670639000058 ], [ 36.627740859000028, 36.354162217000066 ], [ 36.612009049000051, 36.340749741000025 ], [ 36.607740402000047, 36.332860947000029 ], [ 36.607839584000033, 36.329881668000041 ], [ 36.611589432000073, 36.327901840000038 ], [ 36.621480941000073, 36.328802108000048 ], [ 36.639402390000043, 36.335611344000029 ], [ 36.650171280000052, 36.336069107000071 ], [ 36.659311295000066, 36.333982468000045 ], [ 36.666231156000038, 36.33023262100005 ], [ 36.669202804000065, 36.326169968000045 ], [ 36.669092178000028, 36.320497512000031 ], [ 36.679502487000036, 36.322298050000029 ], [ 36.697458267000059, 36.321516037000038 ], [ 36.715414048000071, 36.322565079000071 ], [ 36.729429245000063, 36.327714920000062 ], [ 36.722799301000066, 36.334482193000042 ], [ 36.725736618000042, 36.33803749100008 ], [ 36.740190505000044, 36.338720322000029 ], [ 36.745134354000072, 36.337831497000025 ], [ 36.751287461000061, 36.332651139000063 ], [ 36.760298297000077, 36.312744847000033 ], [ 36.775161146000073, 36.314522425000064 ], [ 36.795493522000072, 36.322336793000034 ], [ 36.798243811000077, 36.336195386000043 ], [ 36.815169418000039, 36.342169130000059 ], [ 36.833090649000042, 36.344160377000037 ], [ 36.846033760000068, 36.343164754000043 ], [ 36.85599, 36.336195386000043 ], [ 36.878889350000065, 36.306326668000054 ], [ 36.89382370900006, 36.299357301000043 ], [ 36.912740564000046, 36.302344173000051 ], [ 36.914963975000035, 36.305864573000065 ] ] ] } },
{ "type": "Feature", "properties": { "shapeName": "A'zaz", "shapeISO": "", "shapeID": "27442178B26836039619487", "shapeGroup": "SYR", "shapeType": "ADM2" }, "geometry": { "type": "Polygon", "coordinates": [ [ [ 37.322596892000035, 36.362372374000074 ], [ 37.342512520000071, 36.398226968000074 ], [ 37.351881896000066, 36.408017782000059 ], [ 37.365232468000045, 36.433279037000034 ], [ 37.376066208000054, 36.449304581000035 ], [ 37.373971939000057, 36.453405381000039 ], [ 37.374696535000055, 36.461307333000036 ], [ 37.400544722000063, 36.464396542000031 ], [ 37.410730362000038, 36.46805000300003 ], [ 37.420866012000033, 36.469507218000047 ], [ 37.427301407000073, 36.471872330000053 ], [ 37.431634560000077, 36.475353707000068 ], [ 37.43542289700008, 36.489164353000035 ], [ 37.43792533900006, 36.508569718000047 ], [ 37.430224097000064, 36.537954236000076 ], [ 37.425008774000048, 36.541952134000041 ], [ 37.419374466000079, 36.550783157000069 ], [ 37.415830612000036, 36.56908607500003 ], [ 37.41325187700005, 36.572401047000028 ], [ 37.41274833600005, 36.584527969000078 ], [ 37.407255173000067, 36.588087082000072 ], [ 37.38628959600004, 36.596548080000048 ], [ 37.377599716000077, 36.60451316800004 ], [ 37.391359330000057, 36.632032394000078 ], [ 37.403593063000073, 36.649148941000078 ], [ 37.372671127000046, 36.653551102000051 ], [ 37.334749222000028, 36.655141831000037 ], [ 37.303129196000043, 36.661630630000047 ], [ 37.266450882000072, 36.664930343000037 ], [ 37.225622177000048, 36.663339615000041 ], [ 37.196241379000071, 36.654249191000076 ], [ 37.185010910000074, 36.653600693000044 ], [ 37.174451829000077, 36.654569626000068 ], [ 37.151140213000076, 36.663450241000078 ], [ 37.144739150000078, 36.663232804000074 ], [ 37.126840592000065, 36.661661148000064 ], [ 37.121912003000034, 36.659391403000029 ], [ 37.112592697000025, 36.646272660000079 ], [ 37.103570938000075, 36.626970291000077 ], [ 37.09626197800003, 36.623510361000058 ], [ 37.090990066000074, 36.623651505000055 ], [ 37.079881668000041, 36.62941169700008 ], [ 37.064580918000047, 36.642320633000054 ], [ 37.048471451000069, 36.653150559000039 ], [ 37.034460068000044, 36.656850815000041 ], [ 37.029775619000077, 36.654340744000024 ], [ 37.026609420000057, 36.645364761000053 ], [ 37.026609420000057, 36.634805679000067 ], [ 37.016046524000046, 36.616853714000058 ], [ 36.998624802000052, 36.597845078000034 ], [ 36.982782364000059, 36.569864273000064 ], [ 36.977503035000041, 36.544517581000036 ], [ 36.979615023000065, 36.534485645000075 ], [ 36.994926923000037, 36.53501364300007 ], [ 37.006014851000032, 36.528149687000052 ], [ 36.985421111000051, 36.49748646200004 ], [ 36.988407983000059, 36.486534599000038 ], [ 37.006329213000072, 36.470604617000049 ], [ 37.020267949000072, 36.442727146000038 ], [ 37.019272325000031, 36.418832171000076 ], [ 37.011307333000047, 36.407880309000063 ], [ 36.999359846000061, 36.404893437000055 ], [ 36.980442991000075, 36.413854052000033 ], [ 36.964513009000029, 36.416840924000041 ], [ 36.932653043000073, 36.41285842800005 ], [ 36.926679299000057, 36.401906565000047 ], [ 36.924688051000032, 36.381994087000066 ], [ 36.930661795000049, 36.340177881000045 ], [ 36.924688051000032, 36.321261026000059 ], [ 36.914963975000035, 36.305864573000065 ], [ 36.93722525000004, 36.281377622000036 ], [ 36.963640819000034, 36.279046836000077 ], [ 36.98720598500006, 36.269689781000068 ], [ 36.987391917000025, 36.292398211000034 ], [ 36.991426086000047, 36.32534392000008 ], [ 36.997252697000079, 36.330577723000033 ], [ 37.004319913000074, 36.329544181000074 ], [ 37.017355187000078, 36.33090628900004 ], [ 37.042090113000029, 36.339504752000039 ], [ 37.05933458800007, 36.338118786000052 ], [ 37.076143625000043, 36.340808232000029 ], [ 37.136977715000057, 36.343059181000058 ], [ 37.149547950000056, 36.346859485000039 ], [ 37.158041442000069, 36.356376225000076 ], [ 37.176150076000056, 36.368199652000044 ], [ 37.185797001000026, 36.372876948000055 ], [ 37.198074904000066, 36.374338604000059 ], [ 37.208598822000056, 36.374046273000033 ], [ 37.216784092000069, 36.368199651000054 ], [ 37.222923044000026, 36.355044754000062 ], [ 37.231385929000055, 36.345107130000031 ], [ 37.236370272000045, 36.343059181000058 ], [ 37.260341418000053, 36.351536782000039 ], [ 37.274665638000045, 36.360891376000041 ], [ 37.309794086000068, 36.376628530000062 ], [ 37.322596892000035, 36.362372374000074 ] ] ] } },
{ "type": "Feature", "properties": { "shapeName": "Menbij", "shapeISO": "", "shapeID": "27442178B68936835306318", "shapeGroup": "SYR", "shapeType": "ADM2" }, "geometry": { "type": "Polygon", "coordinates": [ [ [ 37.697593980000079, 36.074227332000078 ], [ 37.701101186000074, 36.063075738000066 ], [ 37.702932976000056, 36.02713149300007 ], [ 37.712058536000029, 35.971274107000056 ], [ 37.713267247000033, 35.920888228000024 ], [ 37.708258404000048, 35.901240113000028 ], [ 37.710475207000059, 35.885726899000076 ], [ 37.71959012800005, 35.860650663000058 ], [ 37.721426306000069, 35.847241229000076 ], [ 37.721751139000048, 35.815984076000063 ], [ 37.726125225000033, 35.795857024000043 ], [ 37.774771911000073, 35.718633453000052 ], [ 37.851378325000042, 35.622266740000043 ], [ 37.884636225000065, 35.564065414000027 ], [ 37.928980094000053, 35.467063205000045 ], [ 37.940116540000076, 35.434372060000044 ], [ 37.965294192000044, 35.432157485000062 ], [ 38.04837086200007, 35.417100945000072 ], [ 38.175908608000043, 35.385127941000064 ], [ 38.225955016000057, 35.380943697000077 ], [ 38.316751980000049, 35.39538217300003 ], [ 38.244770100000039, 35.444211410000037 ], [ 38.27946832400005, 35.505765108000048 ], [ 38.290400641000076, 35.515509130000055 ], [ 38.299669344000051, 35.528342719000079 ], [ 38.302758912000058, 35.568031783000038 ], [ 38.267110052000078, 35.581340691000037 ], [ 38.268969745000049, 35.59438599300006 ], [ 38.264914678000025, 35.599102843000026 ], [ 38.260803015000079, 35.599686944000041 ], [ 38.256962334000036, 35.598353333000034 ], [ 38.253563486000075, 35.591560030000039 ], [ 38.206982309000068, 35.606532551000043 ], [ 38.210309536000068, 35.616751891000035 ], [ 38.192485107000039, 35.652638410000066 ], [ 38.196965595000052, 35.665170972000055 ], [ 38.19882343200004, 35.678137744000026 ], [ 38.198005330000058, 35.691175732000033 ], [ 38.194278123000061, 35.704575540000064 ], [ 38.186921154000061, 35.718443438000065 ], [ 38.163667713000052, 35.724849999000071 ], [ 38.162481313000058, 35.730070159000036 ], [ 38.157394921000048, 35.732229566000058 ], [ 38.169657043000029, 35.786533250000048 ], [ 38.145132799000066, 35.792664310000077 ], [ 38.172261211000034, 35.836460738000028 ], [ 38.153514671000039, 35.837556839000058 ], [ 38.15094728400004, 35.835368330000051 ], [ 38.127883948000033, 35.836979003000067 ], [ 38.125827153000046, 35.830632568000055 ], [ 38.115326114000027, 35.833515206000072 ], [ 38.130357012000047, 35.86028256000003 ], [ 38.135916386000076, 35.877166582000029 ], [ 38.157330269000056, 35.902492617000064 ], [ 38.183274012000027, 35.927818651000052 ], [ 38.200713062000034, 35.942241566000064 ], [ 38.191098314000044, 35.949850242000025 ], [ 38.185809328000062, 35.949490786000069 ], [ 38.176670383000044, 35.953303722000044 ], [ 38.164125059000071, 35.951703366000061 ], [ 38.160830615000066, 35.957056837000039 ], [ 38.163507350000032, 35.970646416000079 ], [ 38.161817322000047, 35.977624669000079 ], [ 38.15964357200005, 35.979385320000063 ], [ 38.155200859000047, 35.978108253000073 ], [ 38.152824617000078, 35.979260349000072 ], [ 38.15352228900008, 35.991260344000068 ], [ 38.147175481000033, 35.996674727000027 ], [ 38.132798341000068, 35.999023596000029 ], [ 38.123723350000034, 36.009906621000027 ], [ 38.110323661000052, 36.012270492000027 ], [ 38.102943278000055, 36.016790114000059 ], [ 38.100295216000063, 36.020474874000058 ], [ 38.095971259000066, 36.040241535000064 ], [ 38.105442783000058, 36.05156618500007 ], [ 38.099471605000076, 36.058978682000031 ], [ 38.086911539000027, 36.068656110000063 ], [ 38.085058415000049, 36.072362358000078 ], [ 38.062759654000047, 36.082124117000035 ], [ 38.058162579000054, 36.088680361000058 ], [ 38.059732380000071, 36.096864782000068 ], [ 38.062615019000077, 36.098923809000041 ], [ 38.068998003000047, 36.098512004000042 ], [ 38.080157765000024, 36.088210021000066 ], [ 38.089302140000029, 36.087554695000051 ], [ 38.092470913000056, 36.088834577000057 ], [ 38.09967750800007, 36.09933561500003 ], [ 38.100501119000057, 36.102012350000052 ], [ 38.081969874000038, 36.118072762000054 ], [ 38.081763971000044, 36.123014427000044 ], [ 38.074016771000061, 36.13743155800006 ], [ 38.080322652000063, 36.145046018000073 ], [ 38.079145901000061, 36.150689918000069 ], [ 38.086670766000054, 36.172232028000053 ], [ 38.104705953000064, 36.175021854000079 ], [ 38.10820749100003, 36.176919465000026 ], [ 38.112097727000048, 36.188986243000045 ], [ 38.115168783000058, 36.208794548000071 ], [ 38.13420932300005, 36.223228506000055 ], [ 38.137402488000077, 36.229569903000026 ], [ 38.134122328000046, 36.236364519000063 ], [ 38.136465300000054, 36.239058936000049 ], [ 38.133419437000043, 36.251008089000038 ], [ 38.134590923000076, 36.253702506000025 ], [ 38.140682647000062, 36.256514071000026 ], [ 38.162940873000025, 36.257216963000076 ], [ 38.171844164000049, 36.264011579000055 ], [ 38.174187135000068, 36.262957242000027 ], [ 38.18512931500004, 36.269444454000052 ], [ 38.196841697000025, 36.27232242000008 ], [ 38.198397326000077, 36.284774925000079 ], [ 38.197129842000038, 36.297703265000052 ], [ 38.192726967000056, 36.305400456000029 ], [ 38.176756164000039, 36.320552244000055 ], [ 38.175527639000052, 36.333246985000073 ], [ 38.177984687000048, 36.353312867000056 ], [ 38.177984686000059, 36.374607272000048 ], [ 38.186174842000071, 36.392216106000035 ], [ 38.198869584000079, 36.411872480000056 ], [ 38.217297434000045, 36.430709838000041 ], [ 38.228763652000055, 36.438490486000035 ], [ 38.260049977000051, 36.448231056000054 ], [ 38.264606873000048, 36.452008579000051 ], [ 38.26508025000004, 36.457038577000048 ], [ 38.259142331000078, 36.468139647000044 ], [ 38.238476953000031, 36.487595082000041 ], [ 38.235455470000034, 36.50057918300007 ], [ 38.23811876700006, 36.510793615000068 ], [ 38.243354902000078, 36.517912035000052 ], [ 38.250736670000038, 36.522810494000055 ], [ 38.263986037000052, 36.527506804000041 ], [ 38.270547836000048, 36.532905 ], [ 38.27404311600003, 36.539921297000035 ], [ 38.273936547000062, 36.547482827000067 ], [ 38.270942954000077, 36.553562173000046 ], [ 38.25342531900003, 36.567476702000079 ], [ 38.239001346000066, 36.58304673400005 ], [ 38.229891892000069, 36.603392567000071 ], [ 38.216417251000053, 36.622793809000029 ], [ 38.162890429000072, 36.663074490000042 ], [ 38.15505225000004, 36.66412927500005 ], [ 38.150773117000028, 36.655771162000065 ], [ 38.133931291000067, 36.659981619000064 ], [ 38.130623075000074, 36.667500291000067 ], [ 38.123520151000037, 36.672319431000062 ], [ 38.10591131700005, 36.669043368000075 ], [ 38.092473980000079, 36.670394371000043 ], [ 38.079401891000032, 36.658271783000032 ], [ 38.063216175000036, 36.659061331000032 ], [ 38.060452761000079, 36.655903143000046 ], [ 38.056505024000046, 36.643665163000037 ], [ 38.021764953000059, 36.628663768000024 ], [ 38.010316519000071, 36.620373524000058 ], [ 37.995236703000046, 36.616098111000042 ], [ 37.987024881000025, 36.615636240000072 ], [ 37.975181674000055, 36.609714638000071 ], [ 37.970444391000058, 36.609714638000071 ], [ 37.965793420000068, 36.612778057000071 ], [ 37.960000207000064, 36.626664057000028 ], [ 37.950327075000075, 36.627671749000058 ], [ 37.95033730800003, 36.662915417000079 ], [ 37.948760050000033, 36.669278915000064 ], [ 37.944794346000037, 36.673795412000061 ], [ 37.926324170000044, 36.667280228000038 ], [ 37.922676793000051, 36.656692690000057 ], [ 37.909254492000059, 36.638533106000068 ], [ 37.900964248000037, 36.63892788000004 ], [ 37.893858323000075, 36.637348786000075 ], [ 37.875303967000036, 36.638533106000068 ], [ 37.861136550000026, 36.648828948000073 ], [ 37.836191004000057, 36.659709452000072 ], [ 37.823172944000078, 36.662224385000059 ], [ 37.812178249000056, 36.660961848000056 ], [ 37.792862607000075, 36.633407571000077 ], [ 37.782849992000024, 36.629987098000072 ], [ 37.762150496000061, 36.633437015000027 ], [ 37.749578307000036, 36.62366602600008 ], [ 37.748143371000026, 36.599099577000061 ], [ 37.740875831000039, 36.58849157700007 ], [ 37.729756141000053, 36.540119960000027 ], [ 37.727939336000077, 36.534569625000074 ], [ 37.724518574000058, 36.532278197000039 ], [ 37.72377438500007, 36.529803279000078 ], [ 37.73218792800003, 36.515242386000068 ], [ 37.739221533000034, 36.508682707000048 ], [ 37.752486078000061, 36.508639524000046 ], [ 37.763281505000066, 36.513452771000061 ], [ 37.76823227400007, 36.507470592000061 ], [ 37.764777976000062, 36.499407055000063 ], [ 37.760812378000026, 36.49494575600005 ], [ 37.758811454000067, 36.48508864300004 ], [ 37.734574475000045, 36.464013288000046 ], [ 37.734691447000046, 36.45955269500007 ], [ 37.738543205000042, 36.451531799000065 ], [ 37.743176819000041, 36.447964338000077 ], [ 37.743958580000026, 36.441162315000042 ], [ 37.742967180000051, 36.43670101500004 ], [ 37.735656415000051, 36.425075548000052 ], [ 37.729753350000067, 36.422613992000038 ], [ 37.730159425000068, 36.411514723000039 ], [ 37.741269230000057, 36.406223321000027 ], [ 37.748716340000044, 36.398173796000037 ], [ 37.752865143000065, 36.374541721000071 ], [ 37.761803777000068, 36.369037977000062 ], [ 37.765025826000056, 36.36532022800003 ], [ 37.765025826000056, 36.357389029000046 ], [ 37.756041696000068, 36.346510199000079 ], [ 37.751463784000066, 36.344450166000058 ], [ 37.738884514000063, 36.344736151000063 ], [ 37.731024472000058, 36.335696053000049 ], [ 37.737266631000068, 36.326407784000025 ], [ 37.744206431000066, 36.322937885000044 ], [ 37.754368278000072, 36.311041086000046 ], [ 37.754120429000068, 36.304596987000025 ], [ 37.742223631000059, 36.300631388000056 ], [ 37.73528383200005, 36.301622788000032 ], [ 37.721156384000039, 36.29815288900005 ], [ 37.716199385000039, 36.290469540000061 ], [ 37.714216585000031, 36.269154443000048 ], [ 37.723139184000047, 36.254035596000051 ], [ 37.732805332000055, 36.248830747000056 ], [ 37.738258031000044, 36.243873748000055 ], [ 37.767504326000051, 36.243378048000068 ], [ 37.789067273000057, 36.247095797000043 ], [ 37.808399569000073, 36.248335047000069 ], [ 37.83268886500008, 36.263949594000053 ], [ 37.848055563000059, 36.264693144000034 ], [ 37.866396460000033, 36.256266246000052 ], [ 37.869615605000035, 36.255977964000067 ], [ 37.858697508000034, 36.242690012000025 ], [ 37.83405018600007, 36.228214600000058 ], [ 37.802360770000064, 36.218825143000061 ], [ 37.764103879000061, 36.203119213000036 ], [ 37.750427827000067, 36.191339435000032 ], [ 37.724506528000063, 36.155446313000027 ], [ 37.701424114000076, 36.115541123000071 ], [ 37.69660110600006, 36.077384295000059 ], [ 37.697593980000079, 36.074227332000078 ] ] ] } },
{ "type": "Feature", "properties": { "shapeName": "Ain Al Arab", "shapeISO": "", "shapeID": "27442178B6640625460328", "shapeGroup": "SYR", "shapeType": "ADM2" }, "geometry": { "type": "Polygon", "coordinates": [ [ [ 38.196841697000025, 36.27232242000008 ], [ 38.200979155000027, 36.275464659000079 ], [ 38.20403962000006, 36.280926733000058 ], [ 38.207492484000056, 36.282389408000029 ], [ 38.215077075000067, 36.278899632000048 ], [ 38.219559281000045, 36.282541424000044 ], [ 38.227963417000069, 36.282541424000044 ], [ 38.256630139000038, 36.275430851000067 ], [ 38.28056859600008, 36.273511918000054 ], [ 38.298626553000076, 36.274956233000069 ], [ 38.311724636000065, 36.27833935700005 ], [ 38.313405462000048, 36.281981149000046 ], [ 38.328813045000061, 36.283381838000025 ], [ 38.33189456100007, 36.276098254000033 ], [ 38.338898007000068, 36.271055773000057 ], [ 38.34394049000008, 36.271055772000068 ], [ 38.35178434900007, 36.263211913000077 ], [ 38.348422695000068, 36.251446122000061 ], [ 38.343940489000033, 36.245563228000037 ], [ 38.336656904000051, 36.244442676000062 ], [ 38.337777457000072, 36.236318678000032 ], [ 38.334373127000049, 36.235012957000038 ], [ 38.335206963000076, 36.228008729000067 ], [ 38.331561040000054, 36.220686962000059 ], [ 38.333260015000064, 36.21380102300003 ], [ 38.338678824000056, 36.209074942000029 ], [ 38.34464484700004, 36.208419637000077 ], [ 38.35934207400004, 36.200401622000072 ], [ 38.383440737000058, 36.194949555000051 ], [ 38.384657053000069, 36.190580369000031 ], [ 38.379475300000024, 36.18665431200003 ], [ 38.38554610400007, 36.178824957000074 ], [ 38.383869645000061, 36.167752786000051 ], [ 38.385119645000032, 36.161338938000029 ], [ 38.388446925000039, 36.159042243000044 ], [ 38.402253142000063, 36.157117676000041 ], [ 38.413414678000038, 36.152557459000036 ], [ 38.438066809000077, 36.155358838000041 ], [ 38.44226887700006, 36.183652762000065 ], [ 38.440046185000028, 36.196332663000078 ], [ 38.428413340000077, 36.205834152000079 ], [ 38.425180467000075, 36.21334737400008 ], [ 38.417616746000078, 36.222591923000039 ], [ 38.423779778000039, 36.227074129000073 ], [ 38.436666119000051, 36.230996059000063 ], [ 38.48092790100003, 36.240240609000068 ], [ 38.490945246000024, 36.23786621000005 ], [ 38.503310509000073, 36.237815269000066 ], [ 38.507548218000068, 36.235636425000052 ], [ 38.509888507000028, 36.232039420000035 ], [ 38.512583479000057, 36.204102825000064 ], [ 38.526870509000048, 36.20606379000003 ], [ 38.546480159000055, 36.220070683000074 ], [ 38.551802778000024, 36.228194681000048 ], [ 38.557685673000037, 36.229875507000031 ], [ 38.557965811000031, 36.231836473000044 ], [ 38.548160986000028, 36.23155633500005 ], [ 38.546863926000071, 36.237637801000062 ], [ 38.539196575000062, 36.245283090000044 ], [ 38.536955472000045, 36.246963917000073 ], [ 38.528551336000078, 36.246963917000073 ], [ 38.534154093000041, 36.260410534000073 ], [ 38.538916437000069, 36.260410534000073 ], [ 38.539451234000069, 36.280578325000079 ], [ 38.547250532000078, 36.290086041000052 ], [ 38.571094102000075, 36.28741199600006 ], [ 38.572134009000024, 36.259928753000054 ], [ 38.574075629000049, 36.257632149000074 ], [ 38.583813956000029, 36.262857592000046 ], [ 38.608753573000058, 36.274971122000068 ], [ 38.631555509000066, 36.282096727000066 ], [ 38.627517667000063, 36.303473542000063 ], [ 38.647231841000064, 36.312974348000068 ], [ 38.638443595000069, 36.32817564000004 ], [ 38.646044240000037, 36.339339088000031 ], [ 38.64034375600005, 36.344327011000075 ], [ 38.646756800000048, 36.347889814000041 ], [ 38.642956478000031, 36.368316548000053 ], [ 38.635830872000042, 36.37211687100006 ], [ 38.640106236000065, 36.38256775800005 ], [ 38.64034375600005, 36.389930883000034 ], [ 38.638918635000039, 36.394443767000041 ], [ 38.635118313000078, 36.397056489000079 ], [ 38.635355833000062, 36.399431691000075 ], [ 38.640581277000024, 36.40228193300004 ], [ 38.642006397000046, 36.404657134000047 ], [ 38.640581276000034, 36.409882578000065 ], [ 38.64224391700003, 36.412020260000077 ], [ 38.651751636000029, 36.411716313000056 ], [ 38.655538193000041, 36.414645086000064 ], [ 38.656495128000074, 36.418670825000049 ], [ 38.664095773000042, 36.42057098500004 ], [ 38.663834644000076, 36.435450496000044 ], [ 38.653407365000078, 36.44622316400006 ], [ 38.656970168000043, 36.455011410000054 ], [ 38.671696419000057, 36.459761814000046 ], [ 38.677396903000044, 36.476863266000066 ], [ 38.656495128000074, 36.482326230000069 ], [ 38.653135579000036, 36.498436859000037 ], [ 38.66670849500008, 36.528880184000059 ], [ 38.683809947000043, 36.543368914000041 ], [ 38.682147306000047, 36.552157160000036 ], [ 38.672649740000054, 36.559742245000052 ], [ 38.675496741000075, 36.575434137000059 ], [ 38.695685956000034, 36.613674884000034 ], [ 38.694261550000078, 36.61890220600003 ], [ 38.703287125000031, 36.63813972500003 ], [ 38.714689254000064, 36.637426376000064 ], [ 38.720151901000065, 36.641466140000034 ], [ 38.718965530000048, 36.643842697000025 ], [ 38.714925766000079, 36.644552231000034 ], [ 38.709939957000074, 36.641229629000065 ], [ 38.709463119000077, 36.650255203000029 ], [ 38.704950333000056, 36.651678085000071 ], [ 38.676209302000075, 36.638852022000037 ], [ 38.668371136000076, 36.638139461000037 ], [ 38.663145065000037, 36.653577804000065 ], [ 38.628705978000028, 36.643842697000025 ], [ 38.634405136000055, 36.63695335400007 ], [ 38.63416862400004, 36.610826493000047 ], [ 38.62372016900008, 36.605600357000071 ], [ 38.595746994000081, 36.613542557000073 ], [ 38.589040757000078, 36.633153915000037 ], [ 38.59260368300005, 36.645742417000065 ], [ 38.580244064000055, 36.664503098000068 ], [ 38.584527970000067, 36.677804947000027 ], [ 38.616117477000046, 36.674718856000027 ], [ 38.621580124000047, 36.66687965400007 ], [ 38.660535813000024, 36.675668716000075 ], [ 38.66837120100007, 36.67994499200006 ], [ 38.672647476000066, 36.684217453000031 ], [ 38.664571762000037, 36.71557045000003 ], [ 38.649847031000036, 36.717473984000037 ], [ 38.645807266000077, 36.723886490000041 ], [ 38.63606834400008, 36.73314857500003 ], [ 38.644144058000052, 36.746450424000045 ], [ 38.639867782000067, 36.749773025000025 ], [ 38.639867782000067, 36.751913071000047 ], [ 38.636545181000031, 36.75523948600005 ], [ 38.634168625000029, 36.761888504000069 ], [ 38.634881974000052, 36.768537521000042 ], [ 38.644205093000039, 36.769804001000068 ], [ 38.622850418000041, 36.790311813000073 ], [ 38.600622177000048, 36.806009293000045 ], [ 38.590970993000042, 36.817419052000048 ], [ 38.579652787000043, 36.823781968000048 ], [ 38.568132400000025, 36.835981369000024 ], [ 38.563402176000068, 36.838819503000025 ], [ 38.521600724000052, 36.854059219000078 ], [ 38.49297142100005, 36.862710953000033 ], [ 38.449392319000026, 36.881799697000076 ], [ 38.407842636000055, 36.895391464000056 ], [ 38.398542404000068, 36.897161484000037 ], [ 38.381540299000051, 36.897161484000037 ], [ 38.342519760000073, 36.900430679000067 ], [ 38.316331864000063, 36.905389786000057 ], [ 38.295602799000051, 36.906949997000027 ], [ 38.265241623000065, 36.913469314000054 ], [ 38.252820968000037, 36.913492202000043 ], [ 38.245412826000063, 36.911939621000045 ], [ 38.230489731000034, 36.905851365000046 ], [ 38.20047187800003, 36.908010483000055 ], [ 38.187810898000066, 36.904581070000063 ], [ 38.172800064000057, 36.894582748000062 ], [ 38.126440001000049, 36.8811 ], [ 38.07052, 36.85856 ], [ 38.05825, 36.84871 ], [ 38.05405, 36.84351 ], [ 38.051730001000067, 36.83637 ], [ 38.04086, 36.82859 ], [ 38.024466320000045, 36.826761010000041 ], [ 38.031211192000058, 36.819516720000024 ], [ 38.034079869000038, 36.810940089000042 ], [ 38.033306294000056, 36.803492685000037 ], [ 38.026862419000054, 36.786701925000045 ], [ 38.029202230000067, 36.771105764000026 ], [ 38.039437569000029, 36.752442476000056 ], [ 38.057286901000055, 36.737341450000031 ], [ 38.059454703000029, 36.714072628000054 ], [ 38.071708742000055, 36.691961616000071 ], [ 38.075198233000037, 36.678052539000078 ], [ 38.092473980000079, 36.670394371000043 ], [ 38.10591131700005, 36.669043368000075 ], [ 38.123520151000037, 36.672319431000062 ], [ 38.130623075000074, 36.667500291000067 ], [ 38.133931291000067, 36.659981619000064 ], [ 38.150773117000028, 36.655771162000065 ], [ 38.15505225000004, 36.66412927500005 ], [ 38.162890429000072, 36.663074490000042 ], [ 38.216417251000053, 36.622793809000029 ], [ 38.229891892000069, 36.603392567000071 ], [ 38.239001346000066, 36.58304673400005 ], [ 38.25342531900003, 36.567476702000079 ], [ 38.270942954000077, 36.553562173000046 ], [ 38.273936547000062, 36.547482827000067 ], [ 38.27404311600003, 36.539921297000035 ], [ 38.270547836000048, 36.532905 ], [ 38.263986037000052, 36.527506804000041 ], [ 38.250736670000038, 36.522810494000055 ], [ 38.243354902000078, 36.517912035000052 ], [ 38.23811876700006, 36.510793615000068 ], [ 38.235455470000034, 36.50057918300007 ], [ 38.238476953000031, 36.487595082000041 ], [ 38.259142331000078, 36.468139647000044 ], [ 38.26508025000004, 36.457038577000048 ], [ 38.264606873000048, 36.452008579000051 ], [ 38.260049977000051, 36.448231056000054 ], [ 38.228763652000055, 36.438490486000035 ], [ 38.217297434000045, 36.430709838000041 ], [ 38.198869584000079, 36.411872480000056 ], [ 38.186174842000071, 36.392216106000035 ], [ 38.177984686000059, 36.374607272000048 ], [ 38.177984687000048, 36.353312867000056 ], [ 38.175527639000052, 36.333246985000073 ], [ 38.176756164000039, 36.320552244000055 ], [ 38.192726967000056, 36.305400456000029 ], [ 38.197129842000038, 36.297703265000052 ], [ 38.198397326000077, 36.284774925000079 ], [ 38.196841697000025, 36.27232242000008 ] ] ] } },
{ "type": "Feature", "properties": { "shapeName": "As-Safira", "shapeISO": "", "shapeID": "27442178B22464389911891", "shapeGroup": "SYR", "shapeType": "ADM2" }, "geometry": { "type": "Polygon", "coordinates": [ [ [ 37.434121753000056, 35.550030055000036 ], [ 37.442703576000042, 35.547561702000053 ], [ 37.484993874000054, 35.518688777000079 ], [ 37.496364075000031, 35.49800295600005 ], [ 37.499765540000055, 35.475121639000065 ], [ 37.498795824000069, 35.472932515000025 ], [ 37.599154580000061, 35.461030613000048 ], [ 37.732892078000077, 35.462979106000034 ], [ 37.732006399000056, 35.480515546000049 ], [ 37.785855669000057, 35.480515546000049 ], [ 37.807820503000073, 35.44278563000006 ], [ 37.87548636300005, 35.440128593000054 ], [ 37.940116540000076, 35.434372060000044 ], [ 37.928980094000053, 35.467063205000045 ], [ 37.884636225000065, 35.564065414000027 ], [ 37.851378325000042, 35.622266740000043 ], [ 37.774771911000073, 35.718633453000052 ], [ 37.726125225000033, 35.795857024000043 ], [ 37.721751139000048, 35.815984076000063 ], [ 37.721426306000069, 35.847241229000076 ], [ 37.71959012800005, 35.860650663000058 ], [ 37.710475207000059, 35.885726899000076 ], [ 37.708258404000048, 35.901240113000028 ], [ 37.713267247000033, 35.920888228000024 ], [ 37.712058536000029, 35.971274107000056 ], [ 37.702932976000056, 36.02713149300007 ], [ 37.701101186000074, 36.063075738000066 ], [ 37.697593980000079, 36.074227332000078 ], [ 37.668393812000033, 36.069503116000078 ], [ 37.645879119000028, 36.075131789000068 ], [ 37.612732487000073, 36.075131789000068 ], [ 37.578172853000069, 36.082438100000047 ], [ 37.548938089000046, 36.07743105600008 ], [ 37.538880194000058, 36.07407842300006 ], [ 37.514070717000038, 36.071396318000041 ], [ 37.497871151000027, 36.06810035400008 ], [ 37.486579136000046, 36.072737371000073 ], [ 37.476521241000057, 36.113639480000074 ], [ 37.469145451000031, 36.122356323000076 ], [ 37.451506014000074, 36.130934307000075 ], [ 37.447018080000078, 36.140460535000045 ], [ 37.439642289000062, 36.143813167000076 ], [ 37.435619132000056, 36.149847904000069 ], [ 37.434948605000045, 36.163258432000077 ], [ 37.423075361000031, 36.192281066000078 ], [ 37.409448524000027, 36.195039070000064 ], [ 37.337765481000076, 36.190055757000039 ], [ 37.325498864000053, 36.188139098000079 ], [ 37.31131558900006, 36.180472463000058 ], [ 37.270682420000071, 36.141755953000029 ], [ 37.259949130000052, 36.12718934600008 ], [ 37.246915849000061, 36.108406088000038 ], [ 37.235799228000076, 36.08502285000003 ], [ 37.230278441000053, 36.068357474000038 ], [ 37.208244584000056, 36.048047705000045 ], [ 37.203990852000061, 36.039174896000077 ], [ 37.203809757000045, 36.03168006900006 ], [ 37.213488022000035, 36.032401829000037 ], [ 37.241573808000055, 36.042125313000042 ], [ 37.261408024000048, 36.01951680600007 ], [ 37.269762009000033, 36.016596381000056 ], [ 37.279866796000078, 36.009484865000047 ], [ 37.281471906000036, 35.998650369000075 ], [ 37.275051464000057, 35.979389042000037 ], [ 37.27424890900005, 35.955713661000061 ], [ 37.267828466000026, 35.932840835000036 ], [ 37.265019523000035, 35.911171843000034 ], [ 37.267440441000076, 35.894708502000071 ], [ 37.270236132000036, 35.887897739000039 ], [ 37.292707680000035, 35.875458133000052 ], [ 37.319982787000072, 35.865235767000058 ], [ 37.317812033000052, 35.860795587000041 ], [ 37.318195490000051, 35.845457253000063 ], [ 37.321421864000058, 35.837580132000028 ], [ 37.325186749000068, 35.835509039000044 ], [ 37.322419579000041, 35.816258431000051 ], [ 37.337368408000032, 35.810179086000062 ], [ 37.346571408000045, 35.803660295000043 ], [ 37.347659060000069, 35.795667876000039 ], [ 37.329670706000059, 35.788898815000039 ], [ 37.331999991000032, 35.77835204400003 ], [ 37.349639074000038, 35.763397169000029 ], [ 37.366871652000043, 35.751290740000059 ], [ 37.370729284000049, 35.715081418000068 ], [ 37.369962366000038, 35.694758127000057 ], [ 37.385684158000061, 35.674818293000044 ], [ 37.40611890100007, 35.659975865000035 ], [ 37.423009993000051, 35.640053960000046 ], [ 37.434122616000025, 35.603011885000058 ], [ 37.434121753000056, 35.550030055000036 ] ] ] } },
{ "type": "Feature", "properties": { "shapeName": "Jarablus", "shapeISO": "", "shapeID": "27442178B60985416821817", "shapeGroup": "SYR", "shapeType": "ADM2" }, "geometry": { "type": "Polygon", "coordinates": [ [ [ 37.72377438500007, 36.529803279000078 ], [ 37.724518574000058, 36.532278197000039 ], [ 37.727939336000077, 36.534569625000074 ], [ 37.729756141000053, 36.540119960000027 ], [ 37.740875831000039, 36.58849157700007 ], [ 37.748143371000026, 36.599099577000061 ], [ 37.749578307000036, 36.62366602600008 ], [ 37.762150496000061, 36.633437015000027 ], [ 37.782849992000024, 36.629987098000072 ], [ 37.792862607000075, 36.633407571000077 ], [ 37.812178249000056, 36.660961848000056 ], [ 37.823172944000078, 36.662224385000059 ], [ 37.836191004000057, 36.659709452000072 ], [ 37.861136550000026, 36.648828948000073 ], [ 37.875303967000036, 36.638533106000068 ], [ 37.893858323000075, 36.637348786000075 ], [ 37.900964248000037, 36.63892788000004 ], [ 37.909254492000059, 36.638533106000068 ], [ 37.922676793000051, 36.656692690000057 ], [ 37.926324170000044, 36.667280228000038 ], [ 37.944794346000037, 36.673795412000061 ], [ 37.948760050000033, 36.669278915000064 ], [ 37.95033730800003, 36.662915417000079 ], [ 37.950327075000075, 36.627671749000058 ], [ 37.960000207000064, 36.626664057000028 ], [ 37.965793420000068, 36.612778057000071 ], [ 37.970444391000058, 36.609714638000071 ], [ 37.975181674000055, 36.609714638000071 ], [ 37.987024881000025, 36.615636240000072 ], [ 37.995236703000046, 36.616098111000042 ], [ 38.010316519000071, 36.620373524000058 ], [ 38.021764953000059, 36.628663768000024 ], [ 38.056505024000046, 36.643665163000037 ], [ 38.060452761000079, 36.655903143000046 ], [ 38.063216175000036, 36.659061331000032 ], [ 38.079401891000032, 36.658271783000032 ], [ 38.092473980000079, 36.670394371000043 ], [ 38.075198233000037, 36.678052539000078 ], [ 38.071708742000055, 36.691961616000071 ], [ 38.059454703000029, 36.714072628000054 ], [ 38.057286901000055, 36.737341450000031 ], [ 38.039437569000029, 36.752442476000056 ], [ 38.029202230000067, 36.771105764000026 ], [ 38.026862419000054, 36.786701925000045 ], [ 38.033306294000056, 36.803492685000037 ], [ 38.034079869000038, 36.810940089000042 ], [ 38.031211192000058, 36.819516720000024 ], [ 38.024466320000045, 36.826761010000041 ], [ 37.99799, 36.8238 ], [ 37.97654, 36.81819 ], [ 37.95811, 36.81043 ], [ 37.92871, 36.79441 ], [ 37.90803, 36.7857 ], [ 37.86232, 36.77407 ], [ 37.81439, 36.75919 ], [ 37.79121, 36.74859 ], [ 37.76702, 36.74658 ], [ 37.73375, 36.7495 ], [ 37.72677, 36.74884 ], [ 37.71032, 36.74462 ], [ 37.69448, 36.73823 ], [ 37.67399, 36.73682 ], [ 37.65514, 36.73141 ], [ 37.645529278000026, 36.72617086300005 ], [ 37.649896622000028, 36.720483780000052 ], [ 37.650163650000025, 36.715970993000042 ], [ 37.647890091000079, 36.696359635000078 ], [ 37.650957107000067, 36.666875840000046 ], [ 37.647771836000061, 36.647768021000047 ], [ 37.648836136000057, 36.644052506000037 ], [ 37.650693894000028, 36.640336990000037 ], [ 37.656000137000035, 36.637948990000041 ], [ 37.675107956000033, 36.621763229000067 ], [ 37.678823472000033, 36.614332199000046 ], [ 37.679086685000073, 36.60955238400004 ], [ 37.671125786000061, 36.592834156000038 ], [ 37.671922684000037, 36.583810806000031 ], [ 37.675436020000063, 36.576738357000067 ], [ 37.688966751000066, 36.576387405000048 ], [ 37.694013596000048, 36.572423935000074 ], [ 37.700139999000044, 36.564203262000035 ], [ 37.700769424000043, 36.557497025000032 ], [ 37.692399979000072, 36.546609878000027 ], [ 37.689049698000076, 36.530730530000028 ], [ 37.70431439400005, 36.533674617000031 ], [ 37.72377438500007, 36.529803279000078 ] ] ] } },
{ "type": "Feature", "properties": { "shapeName": "Rural Damascus", "shapeISO": "", "shapeID": "27442178B80699161134092", "shapeGroup": "SYR", "shapeType": "ADM2" }, "geometry": { "type": "MultiPolygon", "coordinates": [ [ [ [ 36.310141524000073, 33.461834707000037 ], [ 36.311334717000079, 33.45489156800005 ], [ 36.310254390000068, 33.449335595000036 ], [ 36.307244903000026, 33.445168614000067 ], [ 36.295070112000076, 33.441069137000056 ], [ 36.274996721000036, 33.445282071000065 ], [ 36.273014164000074, 33.438590941000029 ], [ 36.280944392000038, 33.428182516000049 ], [ 36.291600636000055, 33.419508828000062 ], [ 36.294078833000071, 33.41554371400008 ], [ 36.295070112000076, 33.406374388000074 ], [ 36.29259191500006, 33.402409273000046 ], [ 36.282199629000047, 33.396737439000049 ], [ 36.275901876000034, 33.395531487000028 ], [ 36.258522355000025, 33.398290784000039 ], [ 36.244267085000047, 33.397948520000057 ], [ 36.236584676000064, 33.391505209000059 ], [ 36.238567234000072, 33.386300996000045 ], [ 36.220228580000025, 33.382335882000064 ], [ 36.206350680000071, 33.38952265100005 ], [ 36.203874588000076, 33.387044906000028 ], [ 36.196685714000068, 33.386796636000042 ], [ 36.187020748000066, 33.391257389000032 ], [ 36.178842545000066, 33.398939133000056 ], [ 36.165212619000044, 33.402904912000054 ], [ 36.162240982000071, 33.400922775000026 ], [ 36.159761429000071, 33.381593704000068 ], [ 36.155547654000031, 33.376388211000062 ], [ 36.14367741600006, 33.371125957000061 ], [ 36.134394827000051, 33.372176816000035 ], [ 36.127302170000064, 33.374715805000051 ], [ 36.12572670000003, 33.373228073000064 ], [ 36.125448227000049, 33.370672226000067 ], [ 36.132253646000038, 33.356317520000061 ], [ 36.131261825000024, 33.352846146000047 ], [ 36.123422623000067, 33.352609634000032 ], [ 36.119367600000032, 33.349378586000057 ], [ 36.117136001000063, 33.343179703000033 ], [ 36.107473373000062, 33.336240768000039 ], [ 36.105737686000055, 33.332525253000028 ], [ 36.106975003000059, 33.32806338000006 ], [ 36.112179216000072, 33.323850446000051 ], [ 36.121937812000056, 33.32225525900003 ], [ 36.13101350900007, 33.314928940000073 ], [ 36.140926294000053, 33.317407135000053 ], [ 36.152389962000029, 33.311156767000057 ], [ 36.162486604000037, 33.304272694000076 ], [ 36.168434275000038, 33.294607729000063 ], [ 36.165959943000075, 33.283591393000052 ], [ 36.146824629000037, 33.272816938000062 ], [ 36.146130507000066, 33.267843208000045 ], [ 36.150839080000026, 33.262391175000062 ], [ 36.158025850000058, 33.243556882000064 ], [ 36.159017129000063, 33.234387555000069 ], [ 36.165766484000073, 33.213820638000072 ], [ 36.182846362000078, 33.218207612000072 ], [ 36.190189636000071, 33.215385534000063 ], [ 36.193655983000042, 33.211397120000072 ], [ 36.203344132000041, 33.208623063000061 ], [ 36.208670994000045, 33.209876769000061 ], [ 36.216500831000076, 33.217344037000032 ], [ 36.226509889000056, 33.269527092000033 ], [ 36.229762292000032, 33.272987623000063 ], [ 36.236005490000025, 33.273457086000064 ], [ 36.244462211000041, 33.266877910000062 ], [ 36.261414194000054, 33.260157715000048 ], [ 36.267137920000039, 33.255911970000056 ], [ 36.276296979000051, 33.246078812000064 ], [ 36.28248882400004, 33.234378430000049 ], [ 36.297778503000075, 33.227184979000072 ], [ 36.307274643000028, 33.227351558000066 ], [ 36.315964181000027, 33.225172271000076 ], [ 36.320331331000034, 33.217983269000058 ], [ 36.322355741000024, 33.209677213000077 ], [ 36.331827666000038, 33.204799132000062 ], [ 36.338603362000072, 33.198398483000062 ], [ 36.34641070300006, 33.198868923000077 ], [ 36.368293124000047, 33.18386470400003 ], [ 36.395779588000039, 33.191583673000025 ], [ 36.397733704000075, 33.193566880000049 ], [ 36.393254273000025, 33.21726811800005 ], [ 36.425869227000078, 33.248707625000065 ], [ 36.432446239000058, 33.253114667000034 ], [ 36.439642426000034, 33.255413741000041 ], [ 36.449561193000079, 33.267950346000077 ], [ 36.466049422000026, 33.269596773000046 ], [ 36.471309427000051, 33.273178274000031 ], [ 36.490903759000048, 33.279488965000041 ], [ 36.494063020000056, 33.283845022000037 ], [ 36.46674371000006, 33.313741267000069 ], [ 36.460389133000035, 33.317977652000025 ], [ 36.447679982000068, 33.321861003000038 ], [ 36.438501151000025, 33.328568611000037 ], [ 36.439560247000031, 33.345161115000053 ], [ 36.437089022000066, 33.355399042000045 ], [ 36.414848007000046, 33.388937081000051 ], [ 36.423320775000036, 33.400587137000059 ], [ 36.416966199000058, 33.41047203200003 ], [ 36.421202583000024, 33.420003895000036 ], [ 36.427904598000055, 33.421228242000041 ], [ 36.446267854000041, 33.418238736000035 ], [ 36.451916366000034, 33.426711503000035 ], [ 36.460389134000025, 33.430594856000027 ], [ 36.460036102000061, 33.444716135000078 ], [ 36.462948616000062, 33.450276389000067 ], [ 36.45391386700004, 33.474588374000064 ], [ 36.446410163000053, 33.478876205000063 ], [ 36.43716452700005, 33.481556100000034 ], [ 36.433308906000036, 33.485676510000076 ], [ 36.420950316000074, 33.48381678800007 ], [ 36.418052698000054, 33.491350594000039 ], [ 36.422688887000049, 33.496566306000034 ], [ 36.431793542000037, 33.498730029000058 ], [ 36.439560246000042, 33.497670933000052 ], [ 36.447326951000036, 33.501554285000054 ], [ 36.447326950000047, 33.505437637000057 ], [ 36.430028383000035, 33.516028597000059 ], [ 36.43077657200007, 33.523529268000061 ], [ 36.423302929000045, 33.526460107000048 ], [ 36.414430637000066, 33.542313532000037 ], [ 36.410964655000043, 33.544624187000068 ], [ 36.397549440000034, 33.545330251000053 ], [ 36.384134224000036, 33.540034771000023 ], [ 36.360128050000071, 33.549213604000045 ], [ 36.353390885000067, 33.546605923000072 ], [ 36.34373480000005, 33.525664939000023 ], [ 36.348228607000067, 33.526811043000066 ], [ 36.350504441000055, 33.52085934400003 ], [ 36.348736534000068, 33.519491438000045 ], [ 36.34019248900006, 33.51848327600004 ], [ 36.327960996000058, 33.493277781000074 ], [ 36.327364874000068, 33.488655875000063 ], [ 36.323888625000052, 33.490014340000073 ], [ 36.325128279000069, 33.485826289000045 ], [ 36.317463660000044, 33.484527554000067 ], [ 36.317277594000075, 33.480805444000055 ], [ 36.314513570000031, 33.480559738000068 ], [ 36.315665636000062, 33.478297547000068 ], [ 36.321740202000058, 33.478024496000046 ], [ 36.321405926000068, 33.473954441000046 ], [ 36.317354136000063, 33.47370228300008 ], [ 36.318672062000076, 33.469306892000077 ], [ 36.313748395000061, 33.471627094000041 ], [ 36.31536875300003, 33.470409044000064 ], [ 36.314438470000027, 33.462930701000062 ], [ 36.310141524000073, 33.461834707000037 ] ] ], [ [ [ 36.272859618000041, 33.555752787000074 ], [ 36.267994626000075, 33.575386800000047 ], [ 36.269040260000054, 33.578986710000038 ], [ 36.254810497000051, 33.607107031000055 ], [ 36.249217472000055, 33.626075492000041 ], [ 36.243649780000055, 33.617223458000069 ], [ 36.234865934000027, 33.612085737000029 ], [ 36.197828420000064, 33.611512315000027 ], [ 36.194656333000069, 33.609397590000071 ], [ 36.18630618800006, 33.599655768000048 ], [ 36.185808989000066, 33.594186582000077 ], [ 36.186969120000072, 33.590374725000061 ], [ 36.191077775000053, 33.587456776000067 ], [ 36.204702543000053, 33.581425147000061 ], [ 36.203210947000059, 33.578607687000044 ], [ 36.17046244200003, 33.568591916000059 ], [ 36.177217484000039, 33.553674698000066 ], [ 36.183656693000046, 33.551595688000077 ], [ 36.192274093000037, 33.546289444000024 ], [ 36.184153093000077, 33.521430266000039 ], [ 36.197741760000042, 33.525573153000039 ], [ 36.202345309000066, 33.528797213000075 ], [ 36.204900450000025, 33.529598631000056 ], [ 36.202845186000047, 33.530575190000036 ], [ 36.204044116000034, 33.533895304000055 ], [ 36.208955119000052, 33.534978953000063 ], [ 36.212367460000053, 33.539336603000038 ], [ 36.214880602000051, 33.536892630000068 ], [ 36.222570039000061, 33.539572273000033 ], [ 36.223221718000048, 33.545082766000064 ], [ 36.225290959000063, 33.544628892000048 ], [ 36.227676687000042, 33.546414687000038 ], [ 36.230760468000028, 33.544515878000027 ], [ 36.231536047000077, 33.541921301000059 ], [ 36.238957805000041, 33.546055255000056 ], [ 36.247029557000076, 33.547879539000064 ], [ 36.26991311300003, 33.557929315000024 ], [ 36.272859618000041, 33.555752787000074 ] ] ] ] } },
{ "type": "Feature", "properties": { "shapeName": "Duma", "shapeISO": "", "shapeID": "27442178B16442606574703", "shapeGroup": "SYR", "shapeType": "ADM2" }, "geometry": { "type": "Polygon", "coordinates": [ [ [ 36.353390885000067, 33.546605923000072 ], [ 36.360128050000071, 33.549213604000045 ], [ 36.384134224000036, 33.540034771000023 ], [ 36.397549440000034, 33.545330251000053 ], [ 36.410964655000043, 33.544624187000068 ], [ 36.414430637000066, 33.542313532000037 ], [ 36.423302929000045, 33.526460107000048 ], [ 36.43077657200007, 33.523529268000061 ], [ 36.430028383000035, 33.516028597000059 ], [ 36.447326950000047, 33.505437637000057 ], [ 36.447326951000036, 33.501554285000054 ], [ 36.439560246000042, 33.497670933000052 ], [ 36.431793542000037, 33.498730029000058 ], [ 36.422688887000049, 33.496566306000034 ], [ 36.418052698000054, 33.491350594000039 ], [ 36.420950316000074, 33.48381678800007 ], [ 36.433308906000036, 33.485676510000076 ], [ 36.43716452700005, 33.481556100000034 ], [ 36.446410163000053, 33.478876205000063 ], [ 36.45391386700004, 33.474588374000064 ], [ 36.462948616000062, 33.450276389000067 ], [ 36.460036102000061, 33.444716135000078 ], [ 36.460389134000025, 33.430594856000027 ], [ 36.451916366000034, 33.426711503000035 ], [ 36.446267854000041, 33.418238736000035 ], [ 36.427904598000055, 33.421228242000041 ], [ 36.421202583000024, 33.420003895000036 ], [ 36.416966199000058, 33.41047203200003 ], [ 36.423320775000036, 33.400587137000059 ], [ 36.414848007000046, 33.388937081000051 ], [ 36.437089022000066, 33.355399042000045 ], [ 36.439560247000031, 33.345161115000053 ], [ 36.438501151000025, 33.328568611000037 ], [ 36.447679982000068, 33.321861003000038 ], [ 36.460389133000035, 33.317977652000025 ], [ 36.46674371000006, 33.313741267000069 ], [ 36.494063020000056, 33.283845022000037 ], [ 36.505617677000032, 33.296231972000044 ], [ 36.514654560000054, 33.296683226000027 ], [ 36.528102441000044, 33.283595871000045 ], [ 36.535788338000032, 33.280514621000066 ], [ 36.55045663900006, 33.259945695000056 ], [ 36.548569225000051, 33.252206149000074 ], [ 36.556131270000037, 33.246298301000024 ], [ 36.564682566000045, 33.217355454000028 ], [ 36.572340227000041, 33.182700013000044 ], [ 36.707906817000037, 33.194063960000051 ], [ 36.712264424000068, 33.19289793400003 ], [ 36.865069220000066, 33.065999618000035 ], [ 36.884914810000055, 33.056450932000075 ], [ 36.913490238000065, 33.051806320000026 ], [ 37.036781120000057, 33.048871521000024 ], [ 37.049461923000024, 33.04666211600005 ], [ 37.094854355000052, 33.033025742000063 ], [ 37.116411210000024, 33.022554398000068 ], [ 37.128355026000065, 33.018533707000074 ], [ 37.194208145000061, 33.00821495100007 ], [ 37.201601029000074, 33.006002426000066 ], [ 37.218510873000071, 33.005343049000032 ], [ 37.256792069000028, 33.002996445000065 ], [ 37.268732071000045, 32.99946022000006 ], [ 37.276712418000045, 32.995317459000034 ], [ 37.275255203000029, 32.964624405000052 ], [ 37.276906967000059, 32.943292618000044 ], [ 37.278978348000066, 32.926771164000058 ], [ 37.287229538000076, 32.906621933000054 ], [ 37.456495285000074, 32.67614936800004 ], [ 37.464327062000052, 32.664040232000048 ], [ 37.805860519000078, 32.845869065000045 ], [ 38.792501450000032, 33.374719620000064 ], [ 39.12533184800003, 33.531509424000035 ], [ 38.933435440000039, 33.75969505300003 ], [ 38.269365310000069, 33.836099625000031 ], [ 37.704175949000046, 33.901906967000059 ], [ 37.655668258000048, 33.909528733000059 ], [ 37.620698929000071, 33.917852402000051 ], [ 37.611040116000027, 33.923513412000034 ], [ 37.60388374300004, 33.937334061000058 ], [ 37.604047775000026, 33.94183158900006 ], [ 37.609376908000058, 33.946493148000059 ], [ 37.61370658800007, 33.958482742000058 ], [ 37.610616683000046, 33.969812393000041 ], [ 37.609708786000056, 33.973134994000077 ], [ 37.60171699600005, 33.980794907000075 ], [ 37.592058182000073, 33.984457016000079 ], [ 37.579737213000044, 33.986120947000074 ], [ 37.551763534000031, 33.987455368000042 ], [ 37.483827591000079, 33.981126785000072 ], [ 37.452787399000044, 33.969186782000065 ], [ 37.422689438000077, 33.952196121000043 ], [ 37.39622306800004, 33.95682716400006 ], [ 37.295721618000073, 33.931592655000031 ], [ 37.26728401400004, 33.910161900000048 ], [ 37.241877564000049, 33.895039014000076 ], [ 37.094883108000033, 33.795227964000048 ], [ 37.047094788000038, 33.774055923000049 ], [ 36.915906737000057, 33.710778461000075 ], [ 36.852748605000045, 33.686866741000074 ], [ 36.836894094000058, 33.678809530000024 ], [ 36.826237784000057, 33.675430700000049 ], [ 36.812656974000049, 33.673418731000027 ], [ 36.754242712000064, 33.668673040000044 ], [ 36.734749462000025, 33.662435200000061 ], [ 36.723053511000046, 33.655417630000045 ], [ 36.715854313000079, 33.660115175000044 ], [ 36.690768279000054, 33.664398157000051 ], [ 36.668212499000049, 33.648400059000039 ], [ 36.647627403000058, 33.644910848000052 ], [ 36.644928874000072, 33.642126172000076 ], [ 36.64120930200005, 33.619984257000056 ], [ 36.633798576000061, 33.61339694600008 ], [ 36.609096161000025, 33.617925722000052 ], [ 36.577806434000024, 33.611338411000077 ], [ 36.570807417000026, 33.614632067000059 ], [ 36.559279622000076, 33.633570585000029 ], [ 36.553515725000068, 33.636452534000057 ], [ 36.541164517000027, 33.63851106900006 ], [ 36.528401602000031, 33.644686673000024 ], [ 36.512114971000074, 33.669507744000043 ], [ 36.486098593000065, 33.663870862000067 ], [ 36.472223191000069, 33.66473807400007 ], [ 36.45444533400007, 33.656499555000039 ], [ 36.443171570000061, 33.662136436000026 ], [ 36.434065837000048, 33.663437255000076 ], [ 36.425827318000074, 33.659534799000028 ], [ 36.423854523000045, 33.647442632000036 ], [ 36.435366656000042, 33.60836925600006 ], [ 36.431812386000047, 33.601934619000076 ], [ 36.410505644000068, 33.595237714000064 ], [ 36.395531905000041, 33.596469777000038 ], [ 36.386272033000068, 33.595710771000029 ], [ 36.35940322600004, 33.586450899000056 ], [ 36.340128336000078, 33.559061679000024 ], [ 36.355925738000053, 33.556682608000074 ], [ 36.353390885000067, 33.546605923000072 ] ] ] } },
{ "type": "Feature", "properties": { "shapeName": "Al Qutayfah", "shapeISO": "", "shapeID": "27442178B63021739925615", "shapeGroup": "SYR", "shapeType": "ADM2" }, "geometry": { "type": "Polygon", "coordinates": [ [ [ 37.295721618000073, 33.931592655000031 ], [ 37.190972616000067, 33.938652771000079 ], [ 37.13858282700005, 33.938150379000035 ], [ 37.00921240200006, 33.940010400000062 ], [ 37.008507636000047, 33.959629911000036 ], [ 37.018714534000026, 34.020874958000036 ], [ 36.996806688000049, 34.020859814000062 ], [ 36.956408750000037, 34.010427234000076 ], [ 36.934891338000057, 34.00242075400007 ], [ 36.885351246000027, 33.949878233000049 ], [ 36.851824113000077, 33.924857985000074 ], [ 36.80628726100008, 33.901338951000071 ], [ 36.687691284000039, 33.843792380000025 ], [ 36.680185209000058, 33.853800480000075 ], [ 36.670677515000079, 33.897335711000039 ], [ 36.671678507000024, 33.911848043000077 ], [ 36.633061282000028, 33.884962101000042 ], [ 36.607858658000055, 33.885419845000058 ], [ 36.551958085000024, 33.877630234000037 ], [ 36.498178482000071, 33.868314743000042 ], [ 36.485231400000032, 33.844251632000066 ], [ 36.480028153000035, 33.824739456000032 ], [ 36.465719255000067, 33.759264134000034 ], [ 36.478296280000052, 33.750158310000074 ], [ 36.498673176000068, 33.731947051000077 ], [ 36.507778908000034, 33.72154050000006 ], [ 36.512982184000066, 33.706797885000071 ], [ 36.515150215000062, 33.684250358000043 ], [ 36.512114971000074, 33.669507744000043 ], [ 36.528401602000031, 33.644686673000024 ], [ 36.541164517000027, 33.63851106900006 ], [ 36.553515725000068, 33.636452534000057 ], [ 36.559279622000076, 33.633570585000029 ], [ 36.570807417000026, 33.614632067000059 ], [ 36.577806434000024, 33.611338411000077 ], [ 36.609096161000025, 33.617925722000052 ], [ 36.633798576000061, 33.61339694600008 ], [ 36.64120930200005, 33.619984257000056 ], [ 36.644928874000072, 33.642126172000076 ], [ 36.647627403000058, 33.644910848000052 ], [ 36.668212499000049, 33.648400059000039 ], [ 36.690768279000054, 33.664398157000051 ], [ 36.715854313000079, 33.660115175000044 ], [ 36.723053511000046, 33.655417630000045 ], [ 36.734749462000025, 33.662435200000061 ], [ 36.754242712000064, 33.668673040000044 ], [ 36.812656974000049, 33.673418731000027 ], [ 36.826237784000057, 33.675430700000049 ], [ 36.836894094000058, 33.678809530000024 ], [ 36.852748605000045, 33.686866741000074 ], [ 36.915906737000057, 33.710778461000075 ], [ 37.047094788000038, 33.774055923000049 ], [ 37.094883108000033, 33.795227964000048 ], [ 37.241877564000049, 33.895039014000076 ], [ 37.26728401400004, 33.910161900000048 ], [ 37.295721618000073, 33.931592655000031 ] ] ] } },
{ "type": "Feature", "properties": { "shapeName": "At Tall", "shapeISO": "", "shapeID": "27442178B63006606807907", "shapeGroup": "SYR", "shapeType": "ADM2" }, "geometry": { "type": "Polygon", "coordinates": [ [ [ 36.340128336000078, 33.559061679000024 ], [ 36.35940322600004, 33.586450899000056 ], [ 36.386272033000068, 33.595710771000029 ], [ 36.395531905000041, 33.596469777000038 ], [ 36.410505644000068, 33.595237714000064 ], [ 36.431812386000047, 33.601934619000076 ], [ 36.435366656000042, 33.60836925600006 ], [ 36.423854523000045, 33.647442632000036 ], [ 36.425827318000074, 33.659534799000028 ], [ 36.434065837000048, 33.663437255000076 ], [ 36.443171570000061, 33.662136436000026 ], [ 36.45444533400007, 33.656499555000039 ], [ 36.472223191000069, 33.66473807400007 ], [ 36.486098593000065, 33.663870862000067 ], [ 36.512114971000074, 33.669507744000043 ], [ 36.515150215000062, 33.684250358000043 ], [ 36.512982184000066, 33.706797885000071 ], [ 36.507778908000034, 33.72154050000006 ], [ 36.498673176000068, 33.731947051000077 ], [ 36.478296280000052, 33.750158310000074 ], [ 36.465719255000067, 33.759264134000034 ], [ 36.480028153000035, 33.824739456000032 ], [ 36.458349228000031, 33.830808640000043 ], [ 36.423997879000069, 33.832544327000051 ], [ 36.390672683000048, 33.840723038000078 ], [ 36.389860153000029, 33.832090378000032 ], [ 36.383871078000027, 33.829801559000032 ], [ 36.374860764000061, 33.820150376000072 ], [ 36.367280960000073, 33.818349839000064 ], [ 36.339300156000036, 33.824949264000054 ], [ 36.324579238000069, 33.825601578000033 ], [ 36.307630539000058, 33.835302352000042 ], [ 36.291841507000072, 33.834760666000079 ], [ 36.278661728000031, 33.845479965000038 ], [ 36.277364731000034, 33.841958999000042 ], [ 36.280012130000046, 33.823186874000044 ], [ 36.279130935000069, 33.791826248000064 ], [ 36.27581596400006, 33.780344009000032 ], [ 36.262788773000068, 33.769079208000051 ], [ 36.254617691000078, 33.764223099000048 ], [ 36.259675980000054, 33.745733261000055 ], [ 36.260358810000071, 33.738161087000037 ], [ 36.258425690000024, 33.732641819000037 ], [ 36.248555446000069, 33.72518430100007 ], [ 36.242194622000056, 33.72255223600007 ], [ 36.235833798000044, 33.716630090000024 ], [ 36.233924749000039, 33.709447197000031 ], [ 36.235752252000054, 33.70344254500003 ], [ 36.244367623000073, 33.68856144800003 ], [ 36.246325662000061, 33.676552143000038 ], [ 36.235882788000026, 33.672636066000052 ], [ 36.230791887000066, 33.667675700000075 ], [ 36.225309377000031, 33.655274788000042 ], [ 36.226092593000033, 33.651358710000068 ], [ 36.231575102000079, 33.643265482000061 ], [ 36.249217472000055, 33.626075492000041 ], [ 36.254810497000051, 33.607107031000055 ], [ 36.269040260000054, 33.578986710000038 ], [ 36.267994626000075, 33.575386800000047 ], [ 36.272859618000041, 33.555752787000074 ], [ 36.280380894000075, 33.563640637000049 ], [ 36.283735098000079, 33.562406301000067 ], [ 36.287336743000026, 33.564026181000031 ], [ 36.315291480000042, 33.565134450000073 ], [ 36.31363753200003, 33.566884563000031 ], [ 36.315788564000059, 33.568978489000074 ], [ 36.314094388000058, 33.570158702000072 ], [ 36.321442164000075, 33.571833842000046 ], [ 36.322670931000062, 33.571021931000075 ], [ 36.320752377000076, 33.568039474000045 ], [ 36.323555125000041, 33.569321131000038 ], [ 36.326997765000044, 33.567067570000063 ], [ 36.32518871700006, 33.564085099000067 ], [ 36.334344931000032, 33.564951946000065 ], [ 36.336167680000074, 33.558877893000044 ], [ 36.340128336000078, 33.559061679000024 ] ] ] } },
{ "type": "Feature", "properties": { "shapeName": "Yabroud", "shapeISO": "", "shapeID": "27442178B56496530106269", "shapeGroup": "SYR", "shapeType": "ADM2" }, "geometry": { "type": "Polygon", "coordinates": [ [ [ 36.671678507000024, 33.911848043000077 ], [ 36.692697525000028, 33.983407974000045 ], [ 36.657667160000074, 33.997919082000067 ], [ 36.599622726000064, 34.012929916000076 ], [ 36.519556045000058, 34.035947800000031 ], [ 36.500486833000025, 34.048055357000067 ], [ 36.495981217000065, 34.026952744000027 ], [ 36.488889697000047, 34.048879622000072 ], [ 36.480890274000046, 34.038732528000025 ], [ 36.462640763000024, 34.04375267100005 ], [ 36.454999924000049, 34.043531418000043 ], [ 36.442949295000062, 34.04969215400007 ], [ 36.425851822000027, 34.054651260000071 ], [ 36.41655159000004, 34.041410446000043 ], [ 36.410631180000053, 34.045049667000058 ], [ 36.401899338000078, 34.040971756000033 ], [ 36.406160355000054, 34.027502060000074 ], [ 36.391302109000037, 34.028860092000059 ], [ 36.386182785000074, 34.019330979000074 ], [ 36.384809494000024, 34.009679794000078 ], [ 36.370820999000046, 34.004449844000078 ], [ 36.366270065000037, 33.995229721000044 ], [ 36.353219986000056, 33.994031906000032 ], [ 36.345361710000077, 33.982149124000046 ], [ 36.32645988400003, 33.96733284000004 ], [ 36.318742752000048, 33.952230453000027 ], [ 36.308431625000026, 33.947759629000075 ], [ 36.288019180000049, 33.917341232000069 ], [ 36.28354072500008, 33.906000137000035 ], [ 36.284189224000045, 33.902460099000052 ], [ 36.296602249000046, 33.900060653000025 ], [ 36.313192368000045, 33.892492294000078 ], [ 36.316572190000045, 33.888940811000055 ], [ 36.31974983200007, 33.878530503000036 ], [ 36.326391220000062, 33.875211715000034 ], [ 36.337572098000066, 33.873460770000065 ], [ 36.361230851000073, 33.873899460000075 ], [ 36.366342544000076, 33.872102737000034 ], [ 36.37088966400006, 33.861139297000079 ], [ 36.38503074700003, 33.854551315000037 ], [ 36.388269424000043, 33.85170936600008 ], [ 36.390432358000055, 33.847082138000076 ], [ 36.390672683000048, 33.840723038000078 ], [ 36.423997879000069, 33.832544327000051 ], [ 36.458349228000031, 33.830808640000043 ], [ 36.480028153000035, 33.824739456000032 ], [ 36.485231400000032, 33.844251632000066 ], [ 36.498178482000071, 33.868314743000042 ], [ 36.551958085000024, 33.877630234000037 ], [ 36.607858658000055, 33.885419845000058 ], [ 36.633061282000028, 33.884962101000042 ], [ 36.671678507000024, 33.911848043000077 ] ] ] } },
{ "type": "Feature", "properties": { "shapeName": "An Nabk", "shapeISO": "", "shapeID": "27442178B81131748986773", "shapeGroup": "SYR", "shapeType": "ADM2" }, "geometry": { "type": "Polygon", "coordinates": [ [ [ 36.996806688000049, 34.020859814000062 ], [ 36.983787804000031, 34.033335601000033 ], [ 36.970774685000038, 34.038083144000041 ], [ 36.95125315100006, 34.049662491000049 ], [ 36.984776464000049, 34.070495416000028 ], [ 37.005813357000079, 34.089572192000048 ], [ 36.965846006000049, 34.113491775000057 ], [ 36.943313188000047, 34.132269123000071 ], [ 36.923093795000057, 34.164915085000075 ], [ 36.900690079000071, 34.185735702000045 ], [ 36.880590066000025, 34.185049172000049 ], [ 36.872034073000066, 34.187692642000059 ], [ 36.863341038000044, 34.185423289000028 ], [ 36.856184006000035, 34.187913895000065 ], [ 36.848093033000055, 34.194448471000044 ], [ 36.825407029000075, 34.205846787000041 ], [ 36.823503494000079, 34.219038010000077 ], [ 36.819768905000046, 34.22183799700008 ], [ 36.79331398100004, 34.226198196000041 ], [ 36.794321060000073, 34.241510392000066 ], [ 36.783285140000032, 34.240766525000026 ], [ 36.759721756000033, 34.235555649000048 ], [ 36.750669479000067, 34.230100632000074 ], [ 36.726366043000041, 34.228982926000072 ], [ 36.694742202000043, 34.224519729000065 ], [ 36.662855148000062, 34.233766556000035 ], [ 36.600522995000063, 34.222558975000027 ], [ 36.608201980000047, 34.218561172000079 ], [ 36.621969223000065, 34.20668220500005 ], [ 36.625219345000062, 34.201231003000032 ], [ 36.617139816000076, 34.196752548000063 ], [ 36.606389999000044, 34.193540573000064 ], [ 36.595651627000052, 34.185689926000066 ], [ 36.584470749000047, 34.16420936600008 ], [ 36.56765937800003, 34.152269363000073 ], [ 36.572202682000068, 34.143281936000051 ], [ 36.568521499000042, 34.136960983000051 ], [ 36.563619614000061, 34.132871628000032 ], [ 36.54609, 34.12867 ], [ 36.5432, 34.12589 ], [ 36.54155, 34.12087 ], [ 36.53585, 34.11679 ], [ 36.53195, 34.10845 ], [ 36.51479, 34.09782 ], [ 36.51241, 34.08965 ], [ 36.51601, 34.07694 ], [ 36.50498, 34.05574 ], [ 36.51837, 34.04531 ], [ 36.50123, 34.04893 ], [ 36.500486833000025, 34.048055357000067 ], [ 36.519556045000058, 34.035947800000031 ], [ 36.599622726000064, 34.012929916000076 ], [ 36.657667160000074, 33.997919082000067 ], [ 36.692697525000028, 33.983407974000045 ], [ 36.671678507000024, 33.911848043000077 ], [ 36.670677515000079, 33.897335711000039 ], [ 36.680185209000058, 33.853800480000075 ], [ 36.687691284000039, 33.843792380000025 ], [ 36.80628726100008, 33.901338951000071 ], [ 36.851824113000077, 33.924857985000074 ], [ 36.885351246000027, 33.949878233000049 ], [ 36.934891338000057, 34.00242075400007 ], [ 36.956408750000037, 34.010427234000076 ], [ 36.996806688000049, 34.020859814000062 ] ] ] } },
{ "type": "Feature", "properties": { "shapeName": "Az-Zabdani", "shapeISO": "", "shapeID": "27442178B59833257068654", "shapeGroup": "SYR", "shapeType": "ADM2" }, "geometry": { "type": "Polygon", "coordinates": [ [ [ 36.249217472000055, 33.626075492000041 ], [ 36.231575102000079, 33.643265482000061 ], [ 36.226092593000033, 33.651358710000068 ], [ 36.225309377000031, 33.655274788000042 ], [ 36.230791887000066, 33.667675700000075 ], [ 36.235882788000026, 33.672636066000052 ], [ 36.246325662000061, 33.676552143000038 ], [ 36.244367623000073, 33.68856144800003 ], [ 36.235752252000054, 33.70344254500003 ], [ 36.233924749000039, 33.709447197000031 ], [ 36.235833798000044, 33.716630090000024 ], [ 36.242194622000056, 33.72255223600007 ], [ 36.248555446000069, 33.72518430100007 ], [ 36.258425690000024, 33.732641819000037 ], [ 36.260358810000071, 33.738161087000037 ], [ 36.259675980000054, 33.745733261000055 ], [ 36.254617691000078, 33.764223099000048 ], [ 36.262788773000068, 33.769079208000051 ], [ 36.27581596400006, 33.780344009000032 ], [ 36.279130935000069, 33.791826248000064 ], [ 36.280012130000046, 33.823186874000044 ], [ 36.277364731000034, 33.841958999000042 ], [ 36.278661728000031, 33.845479965000038 ], [ 36.259599686000058, 33.847951889000058 ], [ 36.250001908000058, 33.853509903000031 ], [ 36.245309834000068, 33.853509899000073 ], [ 36.239252090000036, 33.84304237300006 ], [ 36.237298965000036, 33.835691452000049 ], [ 36.220281601000067, 33.835470199000042 ], [ 36.214799881000033, 33.827241898000068 ], [ 36.209180832000072, 33.830400467000061 ], [ 36.202390671000046, 33.82811164900005 ], [ 36.175420761000055, 33.832582473000059 ], [ 36.170732498000064, 33.835199356000032 ], [ 36.167119980000052, 33.83966255200005 ], [ 36.162649155000054, 33.852262497000027 ], [ 36.159479141000077, 33.853681564000055 ], [ 36.154069901000071, 33.853021621000039 ], [ 36.139070511000057, 33.835962296000048 ], [ 36.128320694000024, 33.836069107000071 ], [ 36.112951279000072, 33.832799911000052 ], [ 36.109560012000031, 33.823591233000059 ], [ 36.107042313000079, 33.821512222000024 ], [ 36.087640762000035, 33.815301896000051 ], [ 36.078912735000074, 33.822549820000063 ], [ 36.070829392000064, 33.821569443000044 ], [ 36.056692123000062, 33.803419113000075 ], [ 36.047239304000072, 33.782819748000065 ], [ 36.036199570000065, 33.773061753000036 ], [ 36.030801773000064, 33.765310287000034 ], [ 36.028932572000031, 33.764879227000051 ], [ 36.017961502000048, 33.769681931000036 ], [ 36.014780044000076, 33.768751144000078 ], [ 36.009519577000049, 33.757959365000033 ], [ 36.000570297000024, 33.749391556000035 ], [ 35.992601395000065, 33.72297096300008 ], [ 35.978292465000038, 33.715299606000031 ], [ 35.971452713000076, 33.708322525000028 ], [ 35.976732254000069, 33.696912765000036 ], [ 35.96840095500005, 33.678419113000075 ], [ 35.964029312000036, 33.674242019000076 ], [ 35.947309494000024, 33.666612625000027 ], [ 35.941522598000063, 33.656091690000039 ], [ 35.931562424000049, 33.648759842000061 ], [ 35.931501388000072, 33.645170212000039 ], [ 35.940809250000029, 33.636522293000041 ], [ 35.957330704000071, 33.632291794000025 ], [ 35.964822769000079, 33.632532120000064 ], [ 35.974771500000031, 33.637849808000055 ], [ 35.978799819000074, 33.636812210000073 ], [ 35.978681565000045, 33.634500504000073 ], [ 35.987920762000044, 33.628549576000069 ], [ 35.99553108200007, 33.619062424000049 ], [ 36.003732681000031, 33.614339828000027 ], [ 36.016740799000047, 33.615720749000047 ], [ 36.022470475000034, 33.613649369000029 ], [ 36.051942825000026, 33.593439102000048 ], [ 36.059621811000056, 33.585519790000035 ], [ 36.063009263000026, 33.57544136100006 ], [ 36.060209275000034, 33.571062088000076 ], [ 36.054422379000073, 33.566511154000068 ], [ 36.072946549000051, 33.563360214000056 ], [ 36.091432572000031, 33.564470291000077 ], [ 36.095983505000049, 33.562368393000042 ], [ 36.106256485000074, 33.551427841000077 ], [ 36.11222267200003, 33.549604416000079 ], [ 36.139818191000074, 33.549932480000052 ], [ 36.155614853000031, 33.555459976000066 ], [ 36.160548887000061, 33.565134170000078 ], [ 36.17046244200003, 33.568591916000059 ], [ 36.203210947000059, 33.578607687000044 ], [ 36.204702543000053, 33.581425147000061 ], [ 36.191077775000053, 33.587456776000067 ], [ 36.186969120000072, 33.590374725000061 ], [ 36.185808989000066, 33.594186582000077 ], [ 36.18630618800006, 33.599655768000048 ], [ 36.194656333000069, 33.609397590000071 ], [ 36.197828420000064, 33.611512315000027 ], [ 36.234865934000027, 33.612085737000029 ], [ 36.243649780000055, 33.617223458000069 ], [ 36.249217472000055, 33.626075492000041 ] ] ] } },
{ "type": "Feature", "properties": { "shapeName": "Qatana", "shapeISO": "", "shapeID": "27442178B63011141740515", "shapeGroup": "SYR", "shapeType": "ADM2" }, "geometry": { "type": "Polygon", "coordinates": [ [ [ 36.206350680000071, 33.38952265100005 ], [ 36.209820155000045, 33.394974683000044 ], [ 36.207837597000037, 33.39993107600003 ], [ 36.20065082800005, 33.40538310900007 ], [ 36.196190075000061, 33.413561157000061 ], [ 36.195584447000044, 33.417963513000075 ], [ 36.196437894000042, 33.423473943000033 ], [ 36.211307073000057, 33.437351842000055 ], [ 36.21056361400008, 33.440325678000079 ], [ 36.198916091000058, 33.44429079300005 ], [ 36.194455338000068, 33.452964480000048 ], [ 36.187268567000046, 33.457920872000045 ], [ 36.184831625000072, 33.462440806000075 ], [ 36.186277289000031, 33.468081478000045 ], [ 36.177603602000033, 33.476755165000043 ], [ 36.164469161000056, 33.481711559000075 ], [ 36.160504046000028, 33.486420132000035 ], [ 36.158332963000078, 33.492627664000054 ], [ 36.158273670000028, 33.496580737000045 ], [ 36.160751866000055, 33.500298031000057 ], [ 36.187632052000026, 33.515131979000046 ], [ 36.184153093000077, 33.521430266000039 ], [ 36.192274093000037, 33.546289444000024 ], [ 36.183656693000046, 33.551595688000077 ], [ 36.177217484000039, 33.553674698000066 ], [ 36.17046244200003, 33.568591916000059 ], [ 36.160548887000061, 33.565134170000078 ], [ 36.155614853000031, 33.555459976000066 ], [ 36.139818191000074, 33.549932480000052 ], [ 36.11222267200003, 33.549604416000079 ], [ 36.106256485000074, 33.551427841000077 ], [ 36.095983505000049, 33.562368393000042 ], [ 36.091432572000031, 33.564470291000077 ], [ 36.072946549000051, 33.563360214000056 ], [ 36.054422379000073, 33.566511154000068 ], [ 36.039651870000057, 33.554441452000049 ], [ 36.031190872000025, 33.542490005000047 ], [ 36.027612686000055, 33.54002952500008 ], [ 36.020120621000046, 33.542150498000069 ], [ 36.013750077000054, 33.541559219000078 ], [ 35.996511459000033, 33.533441544000027 ], [ 35.991430283000057, 33.532411575000026 ], [ 35.979780197000025, 33.536592483000049 ], [ 35.974710464000054, 33.535802841000077 ], [ 35.97080040000003, 33.533391952000045 ], [ 35.968790055000056, 33.529661178000026 ], [ 35.95153999300004, 33.525922776000073 ], [ 35.944070816000078, 33.521299362000036 ], [ 35.938199997000027, 33.515150071000051 ], [ 35.938199997000027, 33.51082038900006 ], [ 35.943262100000027, 33.506521225000029 ], [ 35.947122574000048, 33.506101608000051 ], [ 35.950029373000064, 33.504022598000063 ], [ 35.949239731000034, 33.472730636000051 ], [ 35.936620712000035, 33.461210250000079 ], [ 35.914880753000034, 33.447530746000041 ], [ 35.902639389000058, 33.436380386000053 ], [ 35.881822586000055, 33.425012589000062 ], [ 35.843481064000059, 33.407842636000055 ], [ 35.825529098000061, 33.396402359000035 ], [ 35.81868, 33.38433 ], [ 35.81883, 33.37692 ], [ 35.81684, 33.36977 ], [ 35.81767, 33.36276 ], [ 35.815529275000074, 33.358001468000055 ], [ 35.846303940000041, 33.336584091000077 ], [ 35.876119614000061, 33.308103561000053 ], [ 35.883001327000045, 33.29931068500008 ], [ 35.883001328000034, 33.296827316000076 ], [ 35.871915817000058, 33.29223823500007 ], [ 35.87019538900006, 33.289945603000035 ], [ 35.871725082000069, 33.285360337000043 ], [ 35.865224838000074, 33.280961991000027 ], [ 35.874589920000062, 33.271596908000049 ], [ 35.885484696000049, 33.254201889000058 ], [ 35.889883042000065, 33.253248215000042 ], [ 35.89542579700003, 33.254587173000061 ], [ 35.90307045000003, 33.261083603000031 ], [ 35.909917832000076, 33.26057243300005 ], [ 35.915601731000038, 33.265241623000065 ], [ 35.920080185000074, 33.266626358000053 ], [ 35.930364609000037, 33.263910294000027 ], [ 35.940916062000042, 33.263185501000066 ], [ 35.95047187800003, 33.265672683000048 ], [ 35.957544327000051, 33.264524460000075 ], [ 35.963853836000055, 33.259172440000043 ], [ 35.96633720400007, 33.249425888000076 ], [ 35.965955734000033, 33.231649399000048 ], [ 35.960985184000037, 33.218843460000073 ], [ 35.959264756000039, 33.207563400000026 ], [ 35.960222245000068, 33.20335960400007 ], [ 35.962842942000066, 33.200700760000075 ], [ 35.973600388000079, 33.201829910000072 ], [ 35.982202530000052, 33.199918747000027 ], [ 35.993097305000049, 33.200494766000077 ], [ 35.994520188000024, 33.199056625000026 ], [ 35.990037918000041, 33.184629440000037 ], [ 35.992906570000059, 33.180616379000071 ], [ 35.989481238000053, 33.158801812000036 ], [ 35.998835543000041, 33.163654637000036 ], [ 36.009210827000061, 33.164186538000024 ], [ 36.025150634000056, 33.153708925000046 ], [ 36.03560870900003, 33.153857266000045 ], [ 36.050739541000041, 33.15726912100007 ], [ 36.057266567000056, 33.161719365000067 ], [ 36.070072218000064, 33.161324701000069 ], [ 36.075938027000063, 33.163263791000077 ], [ 36.079503636000027, 33.167489379000074 ], [ 36.076113270000064, 33.176612385000055 ], [ 36.080226162000031, 33.19290316200005 ], [ 36.084936522000078, 33.196171724000067 ], [ 36.091060165000044, 33.196913803000029 ], [ 36.109548759000063, 33.195043119000047 ], [ 36.114974164000046, 33.197745518000033 ], [ 36.121036487000026, 33.198356173000036 ], [ 36.144728042000054, 33.191659781000055 ], [ 36.156966517000058, 33.197340690000033 ], [ 36.163682118000054, 33.212482474000069 ], [ 36.165766484000073, 33.213820638000072 ], [ 36.159017129000063, 33.234387555000069 ], [ 36.158025850000058, 33.243556882000064 ], [ 36.150839080000026, 33.262391175000062 ], [ 36.146130507000066, 33.267843208000045 ], [ 36.146824629000037, 33.272816938000062 ], [ 36.165959943000075, 33.283591393000052 ], [ 36.168434275000038, 33.294607729000063 ], [ 36.162486604000037, 33.304272694000076 ], [ 36.152389962000029, 33.311156767000057 ], [ 36.140926294000053, 33.317407135000053 ], [ 36.13101350900007, 33.314928940000073 ], [ 36.121937812000056, 33.32225525900003 ], [ 36.112179216000072, 33.323850446000051 ], [ 36.106975003000059, 33.32806338000006 ], [ 36.105737686000055, 33.332525253000028 ], [ 36.107473373000062, 33.336240768000039 ], [ 36.117136001000063, 33.343179703000033 ], [ 36.119367600000032, 33.349378586000057 ], [ 36.123422623000067, 33.352609634000032 ], [ 36.131261825000024, 33.352846146000047 ], [ 36.132253646000038, 33.356317520000061 ], [ 36.125448227000049, 33.370672226000067 ], [ 36.12572670000003, 33.373228073000064 ], [ 36.127302170000064, 33.374715805000051 ], [ 36.134394827000051, 33.372176816000035 ], [ 36.14367741600006, 33.371125957000061 ], [ 36.155547654000031, 33.376388211000062 ], [ 36.159761429000071, 33.381593704000068 ], [ 36.162240982000071, 33.400922775000026 ], [ 36.165212619000044, 33.402904912000054 ], [ 36.178842545000066, 33.398939133000056 ], [ 36.187020748000066, 33.391257389000032 ], [ 36.196685714000068, 33.386796636000042 ], [ 36.203874588000076, 33.387044906000028 ], [ 36.206350680000071, 33.38952265100005 ] ] ] } },
{ "type": "Feature", "properties": { "shapeName": "Darayya", "shapeISO": "", "shapeID": "27442178B13792068888358", "shapeGroup": "SYR", "shapeType": "ADM2" }, "geometry": { "type": "Polygon", "coordinates": [ [ [ 36.197741760000042, 33.525573153000039 ], [ 36.184153093000077, 33.521430266000039 ], [ 36.187632052000026, 33.515131979000046 ], [ 36.160751866000055, 33.500298031000057 ], [ 36.158273670000028, 33.496580737000045 ], [ 36.158332963000078, 33.492627664000054 ], [ 36.160504046000028, 33.486420132000035 ], [ 36.164469161000056, 33.481711559000075 ], [ 36.177603602000033, 33.476755165000043 ], [ 36.186277289000031, 33.468081478000045 ], [ 36.184831625000072, 33.462440806000075 ], [ 36.187268567000046, 33.457920872000045 ], [ 36.194455338000068, 33.452964480000048 ], [ 36.198916091000058, 33.44429079300005 ], [ 36.21056361400008, 33.440325678000079 ], [ 36.211307073000057, 33.437351842000055 ], [ 36.196437894000042, 33.423473943000033 ], [ 36.195584447000044, 33.417963513000075 ], [ 36.196190075000061, 33.413561157000061 ], [ 36.20065082800005, 33.40538310900007 ], [ 36.207837597000037, 33.39993107600003 ], [ 36.209820155000045, 33.394974683000044 ], [ 36.206350680000071, 33.38952265100005 ], [ 36.220228580000025, 33.382335882000064 ], [ 36.238567234000072, 33.386300996000045 ], [ 36.236584676000064, 33.391505209000059 ], [ 36.244267085000047, 33.397948520000057 ], [ 36.258522355000025, 33.398290784000039 ], [ 36.275901876000034, 33.395531487000028 ], [ 36.282199629000047, 33.396737439000049 ], [ 36.29259191500006, 33.402409273000046 ], [ 36.295070112000076, 33.406374388000074 ], [ 36.294078833000071, 33.41554371400008 ], [ 36.291600636000055, 33.419508828000062 ], [ 36.280944392000038, 33.428182516000049 ], [ 36.273014164000074, 33.438590941000029 ], [ 36.274996721000036, 33.445282071000065 ], [ 36.295070112000076, 33.441069137000056 ], [ 36.307244903000026, 33.445168614000067 ], [ 36.310254390000068, 33.449335595000036 ], [ 36.311334717000079, 33.45489156800005 ], [ 36.310141524000073, 33.461834707000037 ], [ 36.307110697000041, 33.465172137000025 ], [ 36.30374854300004, 33.464741092000054 ], [ 36.303201084000079, 33.467442076000054 ], [ 36.298449333000065, 33.468070689000058 ], [ 36.296000636000031, 33.465068043000031 ], [ 36.299068777000059, 33.461301008000078 ], [ 36.297420762000058, 33.462413106000042 ], [ 36.28275018100004, 33.45860967200008 ], [ 36.283168902000057, 33.46120101200006 ], [ 36.280219554000041, 33.461974372000043 ], [ 36.277452837000055, 33.465154109000025 ], [ 36.280146896000076, 33.474023738000028 ], [ 36.278897685000061, 33.475821633000066 ], [ 36.272048914000038, 33.469989543000054 ], [ 36.266344858000025, 33.468520690000048 ], [ 36.247134630000062, 33.47607548700006 ], [ 36.243294788000071, 33.480043721000072 ], [ 36.23804476600003, 33.47833346200008 ], [ 36.238032304000058, 33.475682899000049 ], [ 36.231752283000048, 33.474371506000068 ], [ 36.23232295400004, 33.473293579000028 ], [ 36.229921421000029, 33.47161017600007 ], [ 36.227528071000052, 33.472724446000029 ], [ 36.225170433000073, 33.471938313000067 ], [ 36.226297141000032, 33.470029213000032 ], [ 36.222258062000037, 33.468271491000053 ], [ 36.218753595000067, 33.472362995000026 ], [ 36.214392403000033, 33.470235206000041 ], [ 36.206976, 33.469349478000026 ], [ 36.205857454000068, 33.473154261000047 ], [ 36.209663210000031, 33.479041936000044 ], [ 36.205129323000051, 33.485643718000063 ], [ 36.210247547000051, 33.485949060000053 ], [ 36.208652086000029, 33.515956216000063 ], [ 36.199247928000034, 33.514596071000028 ], [ 36.197741760000042, 33.525573153000039 ] ] ] } },
{ "type": "Feature", "properties": { "shapeName": "Homs", "shapeISO": "", "shapeID": "27442178B91557549439519", "shapeGroup": "SYR", "shapeType": "ADM2" }, "geometry": { "type": "Polygon", "coordinates": [ [ [ 37.610616683000046, 33.969812393000041 ], [ 37.631986618000042, 33.975343704000068 ], [ 37.690345351000076, 33.968412971000078 ], [ 37.751944329000025, 33.970910902000071 ], [ 37.701798601000064, 34.219699143000071 ], [ 37.665046066000059, 34.414176228000031 ], [ 37.667584663000071, 34.426363786000024 ], [ 37.667565293000052, 34.445196301000067 ], [ 37.671378313000048, 34.458492560000025 ], [ 37.672636032000071, 34.475111008000056 ], [ 37.718557358000055, 34.474035263000076 ], [ 37.726207080000052, 34.478471846000048 ], [ 37.747871300000043, 34.496213039000054 ], [ 37.730006428000024, 34.505061646000058 ], [ 37.705080922000036, 34.512291849000064 ], [ 37.70195579500006, 34.515577317000066 ], [ 37.699689865000039, 34.530874252000046 ], [ 37.701078598000038, 34.546068347000073 ], [ 37.694823094000071, 34.557188547000067 ], [ 37.682232802000044, 34.562584386000026 ], [ 37.66364713300004, 34.56018623500006 ], [ 37.643376015000058, 34.549756037000066 ], [ 37.49290385900008, 34.614045790000034 ], [ 37.439591818000054, 34.633428541000058 ], [ 37.408236823000038, 34.639940306000028 ], [ 37.400292274000037, 34.642838681000057 ], [ 37.396107276000066, 34.647917742000061 ], [ 37.399023781000039, 34.656994878000035 ], [ 37.406543260000035, 34.660993249000057 ], [ 37.417412902000081, 34.65882295800003 ], [ 37.423263087000066, 34.660279126000034 ], [ 37.439991500000076, 34.651215949000061 ], [ 37.446260409000047, 34.65194641000005 ], [ 37.454093227000044, 34.660805646000028 ], [ 37.428740885000025, 34.690823770000065 ], [ 37.417593702000033, 34.68622977800004 ], [ 37.394189604000076, 34.683672130000048 ], [ 37.388753663000045, 34.685846282000057 ], [ 37.380393376000029, 34.686566346000063 ], [ 37.370775425000033, 34.690915542000027 ], [ 37.36199716200008, 34.691635310000038 ], [ 37.360538163000058, 34.687822746000052 ], [ 37.353019804000041, 34.682735368000067 ], [ 37.348422430000028, 34.682369099000027 ], [ 37.346543245000078, 34.688355933000025 ], [ 37.334534203000032, 34.687919241000031 ], [ 37.330028829000071, 34.68489704600006 ], [ 37.288617540000075, 34.670117939000079 ], [ 37.274877895000031, 34.663440706000074 ], [ 37.253641703000028, 34.660422636000078 ], [ 37.23090545000008, 34.666162377000035 ], [ 37.223696308000058, 34.658695766000051 ], [ 37.222151491000034, 34.653288910000072 ], [ 37.223714408000035, 34.649028841000074 ], [ 37.218679591000068, 34.644343138000067 ], [ 37.195690856000056, 34.64432680200008 ], [ 37.192767631000038, 34.641783708000048 ], [ 37.186917446000052, 34.640327540000044 ], [ 37.179809970000065, 34.642137502000026 ], [ 37.176460554000073, 34.647580160000075 ], [ 37.167259834000049, 34.652655657000025 ], [ 37.179366605000041, 34.666821360000029 ], [ 37.18645839900006, 34.680257493000056 ], [ 37.187288380000041, 34.686066124000035 ], [ 37.175991800000077, 34.696948172000077 ], [ 37.169722145000037, 34.696943717000067 ], [ 37.164703434000046, 34.699844171000052 ], [ 37.163446516000079, 34.702747298000077 ], [ 37.155501220000076, 34.70637167700005 ], [ 37.149660370000049, 34.695840453000073 ], [ 37.145065609000028, 34.692933168000025 ], [ 37.126260753000054, 34.688926777000063 ], [ 37.112212077000038, 34.69371159800005 ], [ 37.101140895000071, 34.690107027000067 ], [ 37.095991508000054, 34.684442702000069 ], [ 37.095975155000076, 34.671662636000065 ], [ 37.091380768000079, 34.668392349000044 ], [ 37.085109994000049, 34.669476899000074 ], [ 37.079253462000054, 34.674191771000039 ], [ 37.058776696000052, 34.670184193000068 ], [ 37.04999880500003, 34.670540957000071 ], [ 37.044981215000064, 34.672352404000037 ], [ 37.027432528000077, 34.66616889200003 ], [ 37.006118316000027, 34.663612727000043 ], [ 36.994837044000064, 34.659611683000037 ], [ 36.976443069000027, 34.662502633000031 ], [ 36.973094773000071, 34.666856284000062 ], [ 36.972670449000077, 34.673027025000067 ], [ 36.975589940000077, 34.67920014300006 ], [ 36.976418055000067, 34.686823785000058 ], [ 36.973899738000057, 34.696986066000079 ], [ 36.975978423000072, 34.707877620000033 ], [ 36.975329242000043, 34.729475809000064 ], [ 36.964025942000035, 34.746891899000047 ], [ 36.968410033000055, 34.751432546000046 ], [ 37.009770714000069, 34.769975066000029 ], [ 37.005999587000076, 34.779047449000075 ], [ 36.995532987000047, 34.795738129000028 ], [ 36.982563006000078, 34.808070998000062 ], [ 36.981720332000066, 34.814604445000043 ], [ 36.983174664000046, 34.822954537000044 ], [ 36.978328013000066, 34.828368070000067 ], [ 36.97369356400003, 34.838924314000053 ], [ 36.979872829000044, 34.846905864000064 ], [ 36.982506255000033, 34.863247343000069 ], [ 36.993663897000033, 34.866976926000063 ], [ 36.986564890000068, 34.87503767000004 ], [ 36.970216285000049, 34.88341534500006 ], [ 36.976109858000029, 34.911758238000061 ], [ 36.970768634000081, 34.925383995000061 ], [ 36.962170923000031, 34.921187103000079 ], [ 36.96416719900003, 34.912818019000042 ], [ 36.961592505000056, 34.908698509000033 ], [ 36.941767365000032, 34.905351407000069 ], [ 36.927091612000027, 34.90045948900007 ], [ 36.917565246000038, 34.913332958000069 ], [ 36.91355307200007, 34.927502007000044 ], [ 36.908530520000056, 34.927706141000044 ], [ 36.904220958000053, 34.932272558000079 ], [ 36.899919514000032, 34.928946244000031 ], [ 36.90017213200008, 34.915861096000071 ], [ 36.897788232000039, 34.908382072000052 ], [ 36.875309420000065, 34.906289062000042 ], [ 36.841355675000045, 34.899618419000035 ], [ 36.838967077000063, 34.896708871000044 ], [ 36.846633410000038, 34.88383669500007 ], [ 36.845680193000078, 34.880512760000045 ], [ 36.838993567000045, 34.870953643000064 ], [ 36.824673933000042, 34.841864962000045 ], [ 36.816552354000066, 34.832304824000062 ], [ 36.736918169000035, 34.826640239000028 ], [ 36.72591215500006, 34.831201897000028 ], [ 36.719217838000077, 34.829120104000026 ], [ 36.695314754000037, 34.816640902000074 ], [ 36.686703750000049, 34.821667818000037 ], [ 36.689259895000077, 34.82946983800008 ], [ 36.68668494800005, 34.836158909000062 ], [ 36.679981232000046, 34.843216068000061 ], [ 36.667427454000062, 34.846840280000038 ], [ 36.656917695000061, 34.847143878000054 ], [ 36.645056325000041, 34.850668581000036 ], [ 36.639784145000078, 34.861050014000057 ], [ 36.628292121000072, 34.873088657000039 ], [ 36.629242349000037, 34.879320442000051 ], [ 36.621111369000062, 34.878899256000068 ], [ 36.616803943000036, 34.881388639000079 ], [ 36.617996961000074, 34.884089633000031 ], [ 36.610618006000038, 34.891517486000055 ], [ 36.600345927000035, 34.89562631900003 ], [ 36.594410947000029, 34.900419956000064 ], [ 36.590668102000052, 34.908593946000053 ], [ 36.589949680000075, 34.924947766000059 ], [ 36.585871334000046, 34.92362023000004 ], [ 36.585912136000047, 34.921814837000056 ], [ 36.572875359000079, 34.919822687000078 ], [ 36.572321694000038, 34.916631769000048 ], [ 36.574561534000054, 34.911710758000027 ], [ 36.57229804900004, 34.900889468000059 ], [ 36.56813956600007, 34.896704324000041 ], [ 36.556772933000047, 34.892546104000076 ], [ 36.558686386000034, 34.895371921000049 ], [ 36.555412935000049, 34.899013122000042 ], [ 36.551549420000072, 34.900059007000038 ], [ 36.551691467000069, 34.911645228000054 ], [ 36.550847535000059, 34.913058790000036 ], [ 36.543973741000059, 34.914659857000061 ], [ 36.540334672000029, 34.923441634000028 ], [ 36.520450148000066, 34.924280084000031 ], [ 36.51794071900008, 34.923365933000071 ], [ 36.51980036100008, 34.931907159000048 ], [ 36.535924551000051, 34.940721851000035 ], [ 36.533209203000069, 34.94900640700007 ], [ 36.529353394000054, 34.949906772000077 ], [ 36.523862924000071, 34.954330538000079 ], [ 36.506214896000074, 34.952536102000067 ], [ 36.506136627000046, 34.950997493000045 ], [ 36.499666931000036, 34.946924406000051 ], [ 36.487991330000057, 34.942238222000071 ], [ 36.484914007000043, 34.939414896000073 ], [ 36.48698373700006, 34.932420612000044 ], [ 36.485598192000054, 34.93005370700007 ], [ 36.486832479000043, 34.924305323000056 ], [ 36.471012160000043, 34.919664911000041 ], [ 36.460649329000034, 34.920046961000025 ], [ 36.460863997000047, 34.909650782000028 ], [ 36.463284175000069, 34.899340172000052 ], [ 36.467072576000078, 34.897946568000066 ], [ 36.467368920000069, 34.896140926000044 ], [ 36.466471684000055, 34.882339681000076 ], [ 36.463676709000026, 34.882838794000065 ], [ 36.453834212000061, 34.877528314000074 ], [ 36.44446281300003, 34.875483603000077 ], [ 36.438422012000046, 34.872086866000075 ], [ 36.435388225000054, 34.872796434000065 ], [ 36.42793763800006, 34.87070895800008 ], [ 36.427410733000045, 34.872678339000061 ], [ 36.424651355000037, 34.873109469000042 ], [ 36.419790566000074, 34.869141193000075 ], [ 36.41235275300005, 34.867507390000071 ], [ 36.407272688000035, 34.862190179000038 ], [ 36.399304177000033, 34.857375624000042 ], [ 36.397570769000026, 34.858832187000075 ], [ 36.394272791000049, 34.85866591100006 ], [ 36.383681913000032, 34.854859220000037 ], [ 36.381313696000063, 34.857099564000066 ], [ 36.381165619000058, 34.866641768000079 ], [ 36.36572523600006, 34.874966799000049 ], [ 36.360693641000069, 34.869464107000056 ], [ 36.358895665000034, 34.863261417000047 ], [ 36.353160090000074, 34.858040063000033 ], [ 36.349027655000043, 34.85655016000004 ], [ 36.342719616000068, 34.856804929000077 ], [ 36.341015384000059, 34.861932597000077 ], [ 36.338447218000056, 34.863214602000028 ], [ 36.337412828000026, 34.867819639000061 ], [ 36.339790753000045, 34.874363689000063 ], [ 36.33231033900006, 34.885937031000026 ], [ 36.330131526000059, 34.886056881000059 ], [ 36.330531984000061, 34.889587432000042 ], [ 36.328346864000025, 34.889744138000026 ], [ 36.32499284000005, 34.885188713000048 ], [ 36.321011785000053, 34.886437439000076 ], [ 36.322059301000024, 34.891131160000043 ], [ 36.32505528300004, 34.893984817000046 ], [ 36.32456393800004, 34.895736638000074 ], [ 36.319999157000041, 34.89370133500006 ], [ 36.317662171000052, 34.894716423000034 ], [ 36.317239642000061, 34.897682102000033 ], [ 36.316622177000056, 34.896121764000043 ], [ 36.314512646000026, 34.895896046000075 ], [ 36.31466445500007, 34.89833875100004 ], [ 36.310556879000046, 34.899802401000045 ], [ 36.306660398000076, 34.905860798000049 ], [ 36.29963551600008, 34.907690141000046 ], [ 36.301794075000032, 34.915904500000067 ], [ 36.298327535000055, 34.915942641000072 ], [ 36.29758759300006, 34.918035855000028 ], [ 36.283691151000028, 34.914505077000058 ], [ 36.285258287000033, 34.910251794000033 ], [ 36.282735983000066, 34.897581371000058 ], [ 36.274203193000062, 34.892594191000057 ], [ 36.266540742000075, 34.885771978000037 ], [ 36.267077645000029, 34.873520829000029 ], [ 36.271513399000071, 34.868947085000059 ], [ 36.288814141000046, 34.863449621000029 ], [ 36.296165465000058, 34.86465393800006 ], [ 36.303532795000024, 34.868311843000072 ], [ 36.304563191000057, 34.872175827000035 ], [ 36.310841259000028, 34.878156567000076 ], [ 36.325877647000027, 34.880793084000061 ], [ 36.329708836000066, 34.877538633000029 ], [ 36.328143404000059, 34.873995813000079 ], [ 36.315075774000036, 34.86417524400008 ], [ 36.322991024000032, 34.862601323000035 ], [ 36.325138737000032, 34.860872282000059 ], [ 36.326374911000073, 34.851221916000043 ], [ 36.328880871000024, 34.846829954000043 ], [ 36.332006454000066, 34.844675064000057 ], [ 36.335989812000037, 34.846614532000046 ], [ 36.338345072000038, 34.845766389000062 ], [ 36.341300426000032, 34.838932118000059 ], [ 36.345834732000071, 34.839433670000062 ], [ 36.362390591000064, 34.84701606200008 ], [ 36.373403549000045, 34.845735550000029 ], [ 36.372623728000065, 34.843969290000075 ], [ 36.363197091000075, 34.839936805000036 ], [ 36.360961993000046, 34.837297632000059 ], [ 36.357610703000034, 34.831186295000066 ], [ 36.354587736000042, 34.818344143000047 ], [ 36.360025562000033, 34.815293962000055 ], [ 36.369968306000032, 34.813347764000071 ], [ 36.374040603000026, 34.804384232000075 ], [ 36.369118653000044, 34.794593707000047 ], [ 36.377987403000077, 34.784845570000073 ], [ 36.36388217800004, 34.773007256000028 ], [ 36.364303206000045, 34.766551486000026 ], [ 36.368889019000051, 34.763435749000053 ], [ 36.378431320000061, 34.767927169000075 ], [ 36.383448404000035, 34.76690037700007 ], [ 36.386724472000026, 34.745367050000027 ], [ 36.389833451000072, 34.742643356000031 ], [ 36.394372940000039, 34.733949661000054 ], [ 36.397817199000031, 34.733518652000043 ], [ 36.40438645100005, 34.738687867000067 ], [ 36.40761757000007, 34.74170494100008 ], [ 36.411403058000076, 34.749529688000052 ], [ 36.431703567000056, 34.750238419000027 ], [ 36.434740662000024, 34.749129811000046 ], [ 36.432676315000037, 34.738302231000034 ], [ 36.434438705000048, 34.733442307000075 ], [ 36.438756689000058, 34.730253407000077 ], [ 36.444887162000043, 34.734922409000035 ], [ 36.448213814000042, 34.735021821000032 ], [ 36.449216843000045, 34.728658676000066 ], [ 36.447298125000032, 34.709288406000042 ], [ 36.453004837000037, 34.70852470400007 ], [ 36.465257645000065, 34.703592300000025 ], [ 36.467016221000051, 34.699052811000058 ], [ 36.466772079000066, 34.694520951000072 ], [ 36.452383041000076, 34.689573288000076 ], [ 36.448392868000042, 34.682634353000026 ], [ 36.436780930000054, 34.675058365000041 ], [ 36.436788559000036, 34.66938209500006 ], [ 36.444067002000054, 34.653619766000077 ], [ 36.444272995000063, 34.628145218000043 ], [ 36.453401566000025, 34.632898330000046 ], [ 36.455648422000024, 34.642618179000067 ], [ 36.459951401000069, 34.644220352000048 ], [ 36.473890304000065, 34.642274856000029 ], [ 36.480916977000049, 34.63431358400004 ], [ 36.485593796000046, 34.63175392200003 ], [ 36.488256455000055, 34.632646560000069 ], [ 36.488756180000053, 34.637315751000074 ], [ 36.486722946000043, 34.638254166000024 ], [ 36.487901687000033, 34.64080238400004 ], [ 36.489198685000076, 34.64179039000004 ], [ 36.491765976000067, 34.640947342000061 ], [ 36.49305152900007, 34.64311409000004 ], [ 36.495851516000073, 34.640207290000035 ], [ 36.500978469000074, 34.640130997000028 ], [ 36.503908157000069, 34.629606247000027 ], [ 36.508077621000041, 34.627908706000028 ], [ 36.511167526000065, 34.631570816000078 ], [ 36.510644912000032, 34.634317398000064 ], [ 36.512521744000026, 34.637247086000059 ], [ 36.508008956000026, 34.639665603000026 ], [ 36.508550644000024, 34.643033982000077 ], [ 36.51038169800006, 34.643484115000035 ], [ 36.508905410000068, 34.645700454000064 ], [ 36.513261794000073, 34.645734787000038 ], [ 36.508325577000051, 34.651128769000024 ], [ 36.512594223000065, 34.652933121000046 ], [ 36.518857956000033, 34.649126052000042 ], [ 36.522367478000035, 34.650800705000051 ], [ 36.522840500000029, 34.652666092000061 ], [ 36.516435623000064, 34.660551071000043 ], [ 36.511545182000077, 34.660573959000033 ], [ 36.51090049700008, 34.663850784000033 ], [ 36.512346268000044, 34.665296555000054 ], [ 36.508085251000068, 34.668004990000043 ], [ 36.51035881100006, 34.669187546000046 ], [ 36.511686325000028, 34.668302536000056 ], [ 36.512731552000048, 34.669866562000038 ], [ 36.507143020000058, 34.674421310000071 ], [ 36.515680313000075, 34.672487259000036 ], [ 36.515127182000072, 34.669427872000028 ], [ 36.518293381000035, 34.666997910000077 ], [ 36.522748948000071, 34.665956497000025 ], [ 36.524736405000056, 34.669073105000052 ], [ 36.526082992000056, 34.668600082000069 ], [ 36.526731491000078, 34.66581153900006 ], [ 36.522588730000052, 34.660589218000041 ], [ 36.52520942700005, 34.656366349000052 ], [ 36.52760887200003, 34.656469345000062 ], [ 36.530214310000076, 34.660921097000028 ], [ 36.535322189000055, 34.664270401000067 ], [ 36.534715652000045, 34.66610527000006 ], [ 36.536687851000067, 34.665372848000061 ], [ 36.534444809000036, 34.658864975000029 ], [ 36.537408829000071, 34.650583267000059 ], [ 36.537084580000055, 34.646745682000073 ], [ 36.543409347000079, 34.645822525000028 ], [ 36.547803879000071, 34.647321701000067 ], [ 36.553499222000028, 34.653421402000049 ], [ 36.561796189000063, 34.65276908900006 ], [ 36.563684464000062, 34.65559959400008 ], [ 36.568281173000059, 34.656873703000031 ], [ 36.570028305000051, 34.656843185000071 ], [ 36.570394516000079, 34.655084610000074 ], [ 36.574377060000074, 34.655458450000026 ], [ 36.587282181000035, 34.662511825000024 ], [ 36.595788956000035, 34.662481308000054 ], [ 36.598302841000077, 34.665342331000033 ], [ 36.606935501000066, 34.664819718000047 ], [ 36.610174180000058, 34.669702529000062 ], [ 36.613519669000027, 34.668798447000029 ], [ 36.615018845000066, 34.664930343000037 ], [ 36.619344711000053, 34.66077232400005 ], [ 36.61841011100006, 34.657484054000065 ], [ 36.619829752000044, 34.651385374000029 ], [ 36.617017327000042, 34.646729148000077 ], [ 36.61265652700007, 34.644107569000028 ], [ 36.609545417000049, 34.644270952000056 ], [ 36.604024887000037, 34.641805649000048 ], [ 36.599442571000054, 34.643413735000024 ], [ 36.597147014000029, 34.642703625000024 ], [ 36.595857620000061, 34.635282517000064 ], [ 36.591596734000063, 34.632211362000078 ], [ 36.594316482000067, 34.625459671000044 ], [ 36.602613449000046, 34.622507096000049 ], [ 36.606716094000035, 34.624741992000054 ], [ 36.607995987000038, 34.627859116000025 ], [ 36.616704940000034, 34.628198624000049 ], [ 36.623620987000038, 34.626424790000044 ], [ 36.625677109000037, 34.622198105000052 ], [ 36.631058246000066, 34.619086121000066 ], [ 36.637206731000049, 34.618200655000066 ], [ 36.64361, 34.61931800900004 ], [ 36.647703171000046, 34.62599754300004 ], [ 36.660066605000054, 34.621831894000024 ], [ 36.670331955000051, 34.605154037000034 ], [ 36.677938461000053, 34.600088120000066 ], [ 36.686711, 34.599256633000039 ], [ 36.686078045000045, 34.60400379500004 ], [ 36.689862656000059, 34.606004424000048 ], [ 36.696886063000079, 34.625753403000033 ], [ 36.701041226000029, 34.632984966000038 ], [ 36.704561233000049, 34.634378433000052 ], [ 36.713212967000061, 34.630491257000074 ], [ 36.735949430000062, 34.627725998000074 ], [ 36.737874985000076, 34.624948501000063 ], [ 36.749406815000043, 34.621339798000065 ], [ 36.752176284000029, 34.618696212000032 ], [ 36.755384458000037, 34.609575273000075 ], [ 36.764947891000077, 34.609186173000069 ], [ 36.775453567000056, 34.606798172000026 ], [ 36.77467570400006, 34.602064760000076 ], [ 36.777650833000052, 34.598810196000045 ], [ 36.781988144000024, 34.597997665000037 ], [ 36.783742691000043, 34.594408474000033 ], [ 36.785962590000054, 34.570997078000062 ], [ 36.781751633000056, 34.569540024000048 ], [ 36.764589310000076, 34.569036484000037 ], [ 36.761384964000058, 34.570421219000025 ], [ 36.746976852000046, 34.569368363000024 ], [ 36.745271683000055, 34.56754875200005 ], [ 36.748552323000069, 34.553888321000045 ], [ 36.730196, 34.539113999000051 ], [ 36.725400924000041, 34.533029556000031 ], [ 36.702322006000031, 34.53362846400006 ], [ 36.689954757000066, 34.526983261000055 ], [ 36.690221786000052, 34.511823654000068 ], [ 36.687417984000035, 34.50251197800003 ], [ 36.680604935000076, 34.499624252000046 ], [ 36.670869827000047, 34.482095718000039 ], [ 36.666513443000042, 34.481290817000058 ], [ 36.662481308000054, 34.485807418000036 ], [ 36.658952713000076, 34.486761093000041 ], [ 36.659410477000051, 34.480840683000054 ], [ 36.655408859000033, 34.479097366000076 ], [ 36.656049728000028, 34.475923538000075 ], [ 36.654188156000032, 34.473794937000036 ], [ 36.650613784000029, 34.472490310000069 ], [ 36.64220619200006, 34.475263595000058 ], [ 36.63623619100008, 34.474061966000079 ], [ 36.635705948000066, 34.471799851000071 ], [ 36.639211655000054, 34.468919754000069 ], [ 36.639825821000045, 34.464887619000024 ], [ 36.636636734000035, 34.460233689000063 ], [ 36.633718491000025, 34.459356308000054 ], [ 36.622941971000046, 34.46661567700005 ], [ 36.620412826000063, 34.46676063600006 ], [ 36.608049393000044, 34.460500717000059 ], [ 36.601003647000027, 34.448400498000069 ], [ 36.586698532000071, 34.445417404000068 ], [ 36.587438583000051, 34.432577133000052 ], [ 36.584547043000043, 34.429071427000054 ], [ 36.581918717000065, 34.400564194000026 ], [ 36.571249008000052, 34.387617112000044 ], [ 36.57002067600007, 34.383779526000069 ], [ 36.561777115000041, 34.382982254000069 ], [ 36.557767868000042, 34.362401962000035 ], [ 36.555261612000038, 34.356786728000031 ], [ 36.547174453000025, 34.348825455000053 ], [ 36.549699783000051, 34.342069626000068 ], [ 36.561380386000053, 34.331392289000064 ], [ 36.560091019000026, 34.321199417000059 ], [ 36.563329697000029, 34.315801620000059 ], [ 36.566289901000061, 34.31455040000003 ], [ 36.572282792000067, 34.315149308000059 ], [ 36.577970504000064, 34.312372208000056 ], [ 36.59233284000004, 34.312211990000037 ], [ 36.597860336000053, 34.30901908900006 ], [ 36.601339340000038, 34.304361343000039 ], [ 36.602140426000062, 34.297811509000041 ], [ 36.595861435000074, 34.290349960000071 ], [ 36.574941635000073, 34.276662826000063 ], [ 36.585401535000074, 34.251482010000075 ], [ 36.586919784000031, 34.227941513000076 ], [ 36.590600968000047, 34.225149154000064 ], [ 36.600522995000063, 34.222558975000027 ], [ 36.662855148000062, 34.233766556000035 ], [ 36.694742202000043, 34.224519729000065 ], [ 36.726366043000041, 34.228982926000072 ], [ 36.750669479000067, 34.230100632000074 ], [ 36.759721756000033, 34.235555649000048 ], [ 36.783285140000032, 34.240766525000026 ], [ 36.794321060000073, 34.241510392000066 ], [ 36.79331398100004, 34.226198196000041 ], [ 36.819768905000046, 34.22183799700008 ], [ 36.823503494000079, 34.219038010000077 ], [ 36.825407029000075, 34.205846787000041 ], [ 36.848093033000055, 34.194448471000044 ], [ 36.856184006000035, 34.187913895000065 ], [ 36.863341038000044, 34.185423289000028 ], [ 36.872034073000066, 34.187692642000059 ], [ 36.880590066000025, 34.185049172000049 ], [ 36.900690079000071, 34.185735702000045 ], [ 36.923093795000057, 34.164915085000075 ], [ 36.943313188000047, 34.132269123000071 ], [ 36.965846006000049, 34.113491775000057 ], [ 37.005813357000079, 34.089572192000048 ], [ 36.984776464000049, 34.070495416000028 ], [ 36.95125315100006, 34.049662491000049 ], [ 36.970774685000038, 34.038083144000041 ], [ 36.983787804000031, 34.033335601000033 ], [ 36.996806688000049, 34.020859814000062 ], [ 37.018714534000026, 34.020874958000036 ], [ 37.008507636000047, 33.959629911000036 ], [ 37.00921240200006, 33.940010400000062 ], [ 37.13858282700005, 33.938150379000035 ], [ 37.190972616000067, 33.938652771000079 ], [ 37.295721618000073, 33.931592655000031 ], [ 37.39622306800004, 33.95682716400006 ], [ 37.422689438000077, 33.952196121000043 ], [ 37.452787399000044, 33.969186782000065 ], [ 37.483827591000079, 33.981126785000072 ], [ 37.551763534000031, 33.987455368000042 ], [ 37.579737213000044, 33.986120947000074 ], [ 37.592058182000073, 33.984457016000079 ], [ 37.60171699600005, 33.980794907000075 ], [ 37.609708786000056, 33.973134994000077 ], [ 37.610616683000046, 33.969812393000041 ] ] ] } },
{ "type": "Feature", "properties": { "shapeName": "Al-Qusayr", "shapeISO": "", "shapeID": "27442178B51656539269606", "shapeGroup": "SYR", "shapeType": "ADM2" }, "geometry": { "type": "Polygon", "coordinates": [ [ [ 36.453401566000025, 34.632898330000046 ], [ 36.463689804000069, 34.634759903000031 ], [ 36.463411331000032, 34.627771378000034 ], [ 36.459909439000057, 34.620782852000048 ], [ 36.460271835000071, 34.60256004300004 ], [ 36.454591751000066, 34.590612412000041 ], [ 36.434049605000041, 34.591440200000079 ], [ 36.432149887000037, 34.593091965000042 ], [ 36.430479049000041, 34.600080490000039 ], [ 36.426759720000064, 34.60405159000004 ], [ 36.415761948000068, 34.608781814000054 ], [ 36.410810471000048, 34.608781814000054 ], [ 36.406370163000076, 34.60696220400007 ], [ 36.403821946000051, 34.60366249100008 ], [ 36.406949997000027, 34.600851059000036 ], [ 36.402540207000072, 34.593412399000044 ], [ 36.402540213000066, 34.585062016000052 ], [ 36.404859543000043, 34.578729629000065 ], [ 36.415410996000048, 34.567182541000079 ], [ 36.41613960400008, 34.559869763000052 ], [ 36.364480972000024, 34.533311844000025 ], [ 36.332830429000069, 34.523691178000036 ], [ 36.329191208000054, 34.518850327000052 ], [ 36.331010818000038, 34.508901596000044 ], [ 36.332899094000027, 34.504991532000076 ], [ 36.338071823000064, 34.499990464000064 ], [ 36.340799332000074, 34.499200821000045 ], [ 36.35146141000007, 34.49930000300003 ], [ 36.359342575000028, 34.504541397000025 ], [ 36.368009568000048, 34.498479843000041 ], [ 36.393220901000063, 34.500112533000049 ], [ 36.408552170000064, 34.508489609000037 ], [ 36.41652107200008, 34.510980606000032 ], [ 36.422422409000035, 34.511240006000037 ], [ 36.435770035000075, 34.507310868000047 ], [ 36.447729110000068, 34.507051468000043 ], [ 36.448770523000064, 34.504819870000063 ], [ 36.445901870000057, 34.494539261000057 ], [ 36.446340561000056, 34.486150742000063 ], [ 36.450380325000026, 34.481840133000048 ], [ 36.458452224000041, 34.480089188000079 ], [ 36.45990180900003, 34.470552444000077 ], [ 36.462930679000067, 34.464292526000065 ], [ 36.472089768000046, 34.460031510000078 ], [ 36.486009597000077, 34.457632065000041 ], [ 36.49509239200006, 34.44989204400008 ], [ 36.507429123000065, 34.45017051700006 ], [ 36.513711929000067, 34.44461250300003 ], [ 36.51384925900004, 34.438772202000052 ], [ 36.521711350000032, 34.434579849000045 ], [ 36.524599075000026, 34.428640365000035 ], [ 36.526830673000063, 34.432779313000026 ], [ 36.529069900000025, 34.433759689000055 ], [ 36.53389930700007, 34.430440903000033 ], [ 36.536062240000035, 34.426622391000024 ], [ 36.548761367000054, 34.424219132000076 ], [ 36.552221298000063, 34.421930313000075 ], [ 36.556192398000064, 34.41140937800003 ], [ 36.553022385000077, 34.396310806000031 ], [ 36.544721603000028, 34.384149552000054 ], [ 36.53008079500006, 34.372110367000062 ], [ 36.54435920800006, 34.356359482000073 ], [ 36.547174453000025, 34.348825455000053 ], [ 36.555261612000038, 34.356786728000031 ], [ 36.557767868000042, 34.362401962000035 ], [ 36.561777115000041, 34.382982254000069 ], [ 36.57002067600007, 34.383779526000069 ], [ 36.571249008000052, 34.387617112000044 ], [ 36.581918717000065, 34.400564194000026 ], [ 36.584547043000043, 34.429071427000054 ], [ 36.587438583000051, 34.432577133000052 ], [ 36.586698532000071, 34.445417404000068 ], [ 36.601003647000027, 34.448400498000069 ], [ 36.608049393000044, 34.460500717000059 ], [ 36.620412826000063, 34.46676063600006 ], [ 36.622941971000046, 34.46661567700005 ], [ 36.633718491000025, 34.459356308000054 ], [ 36.636636734000035, 34.460233689000063 ], [ 36.639825821000045, 34.464887619000024 ], [ 36.639211655000054, 34.468919754000069 ], [ 36.635705948000066, 34.471799851000071 ], [ 36.63623619100008, 34.474061966000079 ], [ 36.64220619200006, 34.475263595000058 ], [ 36.650613784000029, 34.472490310000069 ], [ 36.654188156000032, 34.473794937000036 ], [ 36.656049728000028, 34.475923538000075 ], [ 36.655408859000033, 34.479097366000076 ], [ 36.659410477000051, 34.480840683000054 ], [ 36.658952713000076, 34.486761093000041 ], [ 36.662481308000054, 34.485807418000036 ], [ 36.666513443000042, 34.481290817000058 ], [ 36.670869827000047, 34.482095718000039 ], [ 36.680604935000076, 34.499624252000046 ], [ 36.687417984000035, 34.50251197800003 ], [ 36.690221786000052, 34.511823654000068 ], [ 36.689954757000066, 34.526983261000055 ], [ 36.702322006000031, 34.53362846400006 ], [ 36.725400924000041, 34.533029556000031 ], [ 36.730196, 34.539113999000051 ], [ 36.748552323000069, 34.553888321000045 ], [ 36.745271683000055, 34.56754875200005 ], [ 36.746976852000046, 34.569368363000024 ], [ 36.761384964000058, 34.570421219000025 ], [ 36.764589310000076, 34.569036484000037 ], [ 36.781751633000056, 34.569540024000048 ], [ 36.785962590000054, 34.570997078000062 ], [ 36.783742691000043, 34.594408474000033 ], [ 36.781988144000024, 34.597997665000037 ], [ 36.777650833000052, 34.598810196000045 ], [ 36.77467570400006, 34.602064760000076 ], [ 36.775453567000056, 34.606798172000026 ], [ 36.764947891000077, 34.609186173000069 ], [ 36.755384458000037, 34.609575273000075 ], [ 36.752176284000029, 34.618696212000032 ], [ 36.749406815000043, 34.621339798000065 ], [ 36.737874985000076, 34.624948501000063 ], [ 36.735949430000062, 34.627725998000074 ], [ 36.713212967000061, 34.630491257000074 ], [ 36.704561233000049, 34.634378433000052 ], [ 36.701041226000029, 34.632984966000038 ], [ 36.696886063000079, 34.625753403000033 ], [ 36.689862656000059, 34.606004424000048 ], [ 36.686078045000045, 34.60400379500004 ], [ 36.686711, 34.599256633000039 ], [ 36.677938461000053, 34.600088120000066 ], [ 36.670331955000051, 34.605154037000034 ], [ 36.660066605000054, 34.621831894000024 ], [ 36.647703171000046, 34.62599754300004 ], [ 36.64361, 34.61931800900004 ], [ 36.637206731000049, 34.618200655000066 ], [ 36.631058246000066, 34.619086121000066 ], [ 36.625677109000037, 34.622198105000052 ], [ 36.623620987000038, 34.626424790000044 ], [ 36.616704940000034, 34.628198624000049 ], [ 36.607995987000038, 34.627859116000025 ], [ 36.606716094000035, 34.624741992000054 ], [ 36.602613449000046, 34.622507096000049 ], [ 36.594316482000067, 34.625459671000044 ], [ 36.591596734000063, 34.632211362000078 ], [ 36.595857620000061, 34.635282517000064 ], [ 36.597147014000029, 34.642703625000024 ], [ 36.599442571000054, 34.643413735000024 ], [ 36.604024887000037, 34.641805649000048 ], [ 36.609545417000049, 34.644270952000056 ], [ 36.61265652700007, 34.644107569000028 ], [ 36.617017327000042, 34.646729148000077 ], [ 36.619829752000044, 34.651385374000029 ], [ 36.61841011100006, 34.657484054000065 ], [ 36.619344711000053, 34.66077232400005 ], [ 36.615018845000066, 34.664930343000037 ], [ 36.613519669000027, 34.668798447000029 ], [ 36.610174180000058, 34.669702529000062 ], [ 36.606935501000066, 34.664819718000047 ], [ 36.598302841000077, 34.665342331000033 ], [ 36.595788956000035, 34.662481308000054 ], [ 36.587282181000035, 34.662511825000024 ], [ 36.574377060000074, 34.655458450000026 ], [ 36.570394516000079, 34.655084610000074 ], [ 36.570028305000051, 34.656843185000071 ], [ 36.568281173000059, 34.656873703000031 ], [ 36.563684464000062, 34.65559959400008 ], [ 36.561796189000063, 34.65276908900006 ], [ 36.553499222000028, 34.653421402000049 ], [ 36.547803879000071, 34.647321701000067 ], [ 36.543409347000079, 34.645822525000028 ], [ 36.537084580000055, 34.646745682000073 ], [ 36.537408829000071, 34.650583267000059 ], [ 36.534444809000036, 34.658864975000029 ], [ 36.536687851000067, 34.665372848000061 ], [ 36.534715652000045, 34.66610527000006 ], [ 36.535322189000055, 34.664270401000067 ], [ 36.530214310000076, 34.660921097000028 ], [ 36.52760887200003, 34.656469345000062 ], [ 36.52520942700005, 34.656366349000052 ], [ 36.522588730000052, 34.660589218000041 ], [ 36.526731491000078, 34.66581153900006 ], [ 36.526082992000056, 34.668600082000069 ], [ 36.524736405000056, 34.669073105000052 ], [ 36.522748948000071, 34.665956497000025 ], [ 36.518293381000035, 34.666997910000077 ], [ 36.515127182000072, 34.669427872000028 ], [ 36.515680313000075, 34.672487259000036 ], [ 36.507143020000058, 34.674421310000071 ], [ 36.512731552000048, 34.669866562000038 ], [ 36.511686325000028, 34.668302536000056 ], [ 36.51035881100006, 34.669187546000046 ], [ 36.508085251000068, 34.668004990000043 ], [ 36.512346268000044, 34.665296555000054 ], [ 36.51090049700008, 34.663850784000033 ], [ 36.511545182000077, 34.660573959000033 ], [ 36.516435623000064, 34.660551071000043 ], [ 36.522840500000029, 34.652666092000061 ], [ 36.522367478000035, 34.650800705000051 ], [ 36.518857956000033, 34.649126052000042 ], [ 36.512594223000065, 34.652933121000046 ], [ 36.508325577000051, 34.651128769000024 ], [ 36.513261794000073, 34.645734787000038 ], [ 36.508905410000068, 34.645700454000064 ], [ 36.51038169800006, 34.643484115000035 ], [ 36.508550644000024, 34.643033982000077 ], [ 36.508008956000026, 34.639665603000026 ], [ 36.512521744000026, 34.637247086000059 ], [ 36.510644912000032, 34.634317398000064 ], [ 36.511167526000065, 34.631570816000078 ], [ 36.508077621000041, 34.627908706000028 ], [ 36.503908157000069, 34.629606247000027 ], [ 36.500978469000074, 34.640130997000028 ], [ 36.495851516000073, 34.640207290000035 ], [ 36.49305152900007, 34.64311409000004 ], [ 36.491765976000067, 34.640947342000061 ], [ 36.489198685000076, 34.64179039000004 ], [ 36.487901687000033, 34.64080238400004 ], [ 36.486722946000043, 34.638254166000024 ], [ 36.488756180000053, 34.637315751000074 ], [ 36.488256455000055, 34.632646560000069 ], [ 36.485593796000046, 34.63175392200003 ], [ 36.480916977000049, 34.63431358400004 ], [ 36.473890304000065, 34.642274856000029 ], [ 36.459951401000069, 34.644220352000048 ], [ 36.455648422000024, 34.642618179000067 ], [ 36.453401566000025, 34.632898330000046 ] ] ] } },
{ "type": "Feature", "properties": { "shapeName": "Tall Kalakh", "shapeISO": "", "shapeID": "27442178B60418009452869", "shapeGroup": "SYR", "shapeType": "ADM2" }, "geometry": { "type": "Polygon", "coordinates": [ [ [ 36.315075774000036, 34.86417524400008 ], [ 36.30952867600007, 34.856523793000065 ], [ 36.284852982000075, 34.83762931900003 ], [ 36.269277573000068, 34.807329178000032 ], [ 36.259538650000025, 34.803915024000048 ], [ 36.259195327000043, 34.801549911000052 ], [ 36.256708145000061, 34.801519394000024 ], [ 36.244192124000051, 34.794279098000061 ], [ 36.219957352000051, 34.789087295000058 ], [ 36.214258194000024, 34.786340713000072 ], [ 36.203931809000039, 34.779836654000064 ], [ 36.199438096000051, 34.773954392000064 ], [ 36.194326045000025, 34.770428096000046 ], [ 36.170197534000067, 34.759103818000028 ], [ 36.164094489000036, 34.75202433000004 ], [ 36.160394267000072, 34.744425334000027 ], [ 36.154490937000048, 34.74246116300003 ], [ 36.150194763000059, 34.736112974000037 ], [ 36.145049245000052, 34.734630554000034 ], [ 36.146278840000036, 34.729927020000048 ], [ 36.151265024000054, 34.723934923000058 ], [ 36.147653310000067, 34.699976328000048 ], [ 36.146342618000062, 34.698228904000075 ], [ 36.12820838500005, 34.69139238300005 ], [ 36.125150681000036, 34.679655075000028 ], [ 36.129011154000068, 34.664575577000051 ], [ 36.124948502000052, 34.661455154000066 ], [ 36.115858078000031, 34.646932602000049 ], [ 36.117311477000044, 34.637990952000052 ], [ 36.121309280000048, 34.64116096500004 ], [ 36.126520157000073, 34.642152787000043 ], [ 36.128950119000024, 34.639371872000027 ], [ 36.132562638000024, 34.639211655000054 ], [ 36.140680313000075, 34.634279251000066 ], [ 36.144010544000025, 34.635229111000058 ], [ 36.149629593000043, 34.632860184000037 ], [ 36.163862228000028, 34.633230209000033 ], [ 36.165391922000026, 34.630819321000047 ], [ 36.172460556000033, 34.628202439000063 ], [ 36.175802231000034, 34.629190445000063 ], [ 36.177110672000026, 34.632711411000059 ], [ 36.18954277000006, 34.637479782000071 ], [ 36.195852279000064, 34.635591507000072 ], [ 36.201059342000065, 34.637109756000029 ], [ 36.212091446000045, 34.630609512000035 ], [ 36.220350266000025, 34.629930496000043 ], [ 36.226110458000051, 34.625471116000028 ], [ 36.227571487000034, 34.629400254000075 ], [ 36.23763084400008, 34.62693977400005 ], [ 36.237150193000048, 34.632341385000075 ], [ 36.240762711000059, 34.631399155000054 ], [ 36.24423027000006, 34.635702133000052 ], [ 36.248811722000028, 34.632600784000033 ], [ 36.253461838000078, 34.632612228000028 ], [ 36.261331558000052, 34.629480362000038 ], [ 36.263589859000035, 34.626951217000055 ], [ 36.273130417000061, 34.629529953000031 ], [ 36.27787208500007, 34.627939225000034 ], [ 36.284570694000024, 34.63228035000003 ], [ 36.289011001000063, 34.630029678000028 ], [ 36.29250907900007, 34.633710861000054 ], [ 36.296442032000073, 34.634981155000048 ], [ 36.303289414000062, 34.644781112000032 ], [ 36.305040360000078, 34.652379990000043 ], [ 36.307512283000051, 34.654581070000063 ], [ 36.302419662000034, 34.667459488000077 ], [ 36.307081223000068, 34.677152633000048 ], [ 36.313699722000024, 34.683809281000038 ], [ 36.322519303000036, 34.684801101000062 ], [ 36.332651138000074, 34.683702469000025 ], [ 36.344011307000073, 34.679460526000071 ], [ 36.350641250000024, 34.66966056800004 ], [ 36.34918022200003, 34.661901474000047 ], [ 36.35952949600005, 34.649129868000045 ], [ 36.384511947000078, 34.631132126000068 ], [ 36.391939163000075, 34.628541946000041 ], [ 36.401052475000029, 34.630640030000052 ], [ 36.406801224000048, 34.629152298000065 ], [ 36.427049637000039, 34.615499496000041 ], [ 36.444272995000063, 34.628145218000043 ], [ 36.444067002000054, 34.653619766000077 ], [ 36.436788559000036, 34.66938209500006 ], [ 36.436780930000054, 34.675058365000041 ], [ 36.448392868000042, 34.682634353000026 ], [ 36.452383041000076, 34.689573288000076 ], [ 36.466772079000066, 34.694520951000072 ], [ 36.467016221000051, 34.699052811000058 ], [ 36.465257645000065, 34.703592300000025 ], [ 36.453004837000037, 34.70852470400007 ], [ 36.447298125000032, 34.709288406000042 ], [ 36.449216843000045, 34.728658676000066 ], [ 36.448213814000042, 34.735021821000032 ], [ 36.444887162000043, 34.734922409000035 ], [ 36.438756689000058, 34.730253407000077 ], [ 36.434438705000048, 34.733442307000075 ], [ 36.432676315000037, 34.738302231000034 ], [ 36.434740662000024, 34.749129811000046 ], [ 36.431703567000056, 34.750238419000027 ], [ 36.411403058000076, 34.749529688000052 ], [ 36.40761757000007, 34.74170494100008 ], [ 36.40438645100005, 34.738687867000067 ], [ 36.397817199000031, 34.733518652000043 ], [ 36.394372940000039, 34.733949661000054 ], [ 36.389833451000072, 34.742643356000031 ], [ 36.386724472000026, 34.745367050000027 ], [ 36.383448404000035, 34.76690037700007 ], [ 36.378431320000061, 34.767927169000075 ], [ 36.368889019000051, 34.763435749000053 ], [ 36.364303206000045, 34.766551486000026 ], [ 36.36388217800004, 34.773007256000028 ], [ 36.377987403000077, 34.784845570000073 ], [ 36.369118653000044, 34.794593707000047 ], [ 36.374040603000026, 34.804384232000075 ], [ 36.369968306000032, 34.813347764000071 ], [ 36.360025562000033, 34.815293962000055 ], [ 36.354587736000042, 34.818344143000047 ], [ 36.357610703000034, 34.831186295000066 ], [ 36.360961993000046, 34.837297632000059 ], [ 36.363197091000075, 34.839936805000036 ], [ 36.372623728000065, 34.843969290000075 ], [ 36.373403549000045, 34.845735550000029 ], [ 36.362390591000064, 34.84701606200008 ], [ 36.345834732000071, 34.839433670000062 ], [ 36.341300426000032, 34.838932118000059 ], [ 36.338345072000038, 34.845766389000062 ], [ 36.335989812000037, 34.846614532000046 ], [ 36.332006454000066, 34.844675064000057 ], [ 36.328880871000024, 34.846829954000043 ], [ 36.326374911000073, 34.851221916000043 ], [ 36.325138737000032, 34.860872282000059 ], [ 36.322991024000032, 34.862601323000035 ], [ 36.315075774000036, 34.86417524400008 ] ] ] } },
{ "type": "Feature", "properties": { "shapeName": "Ar-Rastan", "shapeISO": "", "shapeID": "27442178B10190550865888", "shapeGroup": "SYR", "shapeType": "ADM2" }, "geometry": { "type": "Polygon", "coordinates": [ [ [ 36.970768634000081, 34.925383995000061 ], [ 36.970519344000024, 34.927352094000071 ], [ 36.957796080000037, 34.927818039000044 ], [ 36.943692592000048, 34.940841626000065 ], [ 36.939848944000062, 34.950070054000037 ], [ 36.926028077000069, 34.964181001000043 ], [ 36.915140010000073, 34.972012445000075 ], [ 36.913123017000032, 34.975710265000032 ], [ 36.908894327000041, 34.977606540000068 ], [ 36.898535376000041, 34.977659531000029 ], [ 36.884381323000071, 34.970752369000024 ], [ 36.869880177000027, 34.969322317000035 ], [ 36.867107320000059, 34.972801286000049 ], [ 36.854446893000045, 34.968530299000065 ], [ 36.849780511000063, 34.970451750000052 ], [ 36.831645914000035, 34.957654311000056 ], [ 36.827378983000074, 34.956593584000075 ], [ 36.824915446000034, 34.958815295000079 ], [ 36.822340428000075, 34.95616076500005 ], [ 36.816986988000053, 34.959326246000046 ], [ 36.814044202000048, 34.958376712000074 ], [ 36.813083953000046, 34.957011513000054 ], [ 36.815393665000045, 34.949774958000035 ], [ 36.796903920000034, 34.943149550000044 ], [ 36.792775483000071, 34.943012992000035 ], [ 36.793108687000029, 34.945718485000043 ], [ 36.785755658000028, 34.945252095000058 ], [ 36.78204532400008, 34.949427677000074 ], [ 36.771182009000029, 34.949461240000062 ], [ 36.766572637000024, 34.946749844000067 ], [ 36.763164257000028, 34.937383736000072 ], [ 36.759428824000054, 34.934295920000068 ], [ 36.752590078000026, 34.934043583000062 ], [ 36.751251412000045, 34.935305265000068 ], [ 36.751543563000041, 34.939906563000079 ], [ 36.74610954700006, 34.940894566000054 ], [ 36.742628559000025, 34.939504469000042 ], [ 36.742536652000069, 34.932795239000029 ], [ 36.736355888000048, 34.93138216400007 ], [ 36.734287975000029, 34.936184319000063 ], [ 36.734667092000052, 34.942571874000066 ], [ 36.723934260000078, 34.946411290000071 ], [ 36.720185129000072, 34.946201865000035 ], [ 36.715519949000054, 34.939972789000024 ], [ 36.708336630000076, 34.935519662000047 ], [ 36.704625691000047, 34.935360622000076 ], [ 36.696287881000046, 34.938130991000037 ], [ 36.68808963400005, 34.934662502000037 ], [ 36.67695195500005, 34.925249841000038 ], [ 36.673917307000067, 34.920812359000024 ], [ 36.670473427000047, 34.919652437000025 ], [ 36.666627276000042, 34.914551147000054 ], [ 36.659968418000062, 34.912555849000057 ], [ 36.65847644300004, 34.905682720000073 ], [ 36.654543745000069, 34.904366976000063 ], [ 36.63404840100003, 34.901804668000068 ], [ 36.630168896000043, 34.903192860000047 ], [ 36.626190655000073, 34.909445600000026 ], [ 36.611043966000068, 34.908583309000051 ], [ 36.611350255000048, 34.904626204000067 ], [ 36.604736113000058, 34.905245498000056 ], [ 36.602462511000056, 34.903678246000027 ], [ 36.601223, 34.907225285000038 ], [ 36.598141105000025, 34.907933416000049 ], [ 36.598049059000061, 34.909655046000069 ], [ 36.601766186000077, 34.91025293000007 ], [ 36.601543980000031, 34.911661077000076 ], [ 36.608999944000061, 34.912324560000059 ], [ 36.60876177800003, 34.917202172000032 ], [ 36.606454564000046, 34.916988471000025 ], [ 36.606383200000039, 34.922277621000035 ], [ 36.604085399000041, 34.922135614000069 ], [ 36.60409317400007, 34.92461078000008 ], [ 36.597799075000069, 34.924485855000057 ], [ 36.596896414000071, 34.927208989000064 ], [ 36.589949680000075, 34.924947766000059 ], [ 36.590668102000052, 34.908593946000053 ], [ 36.594410947000029, 34.900419956000064 ], [ 36.600345927000035, 34.89562631900003 ], [ 36.610618006000038, 34.891517486000055 ], [ 36.617996961000074, 34.884089633000031 ], [ 36.616803943000036, 34.881388639000079 ], [ 36.621111369000062, 34.878899256000068 ], [ 36.629242349000037, 34.879320442000051 ], [ 36.628292121000072, 34.873088657000039 ], [ 36.639784145000078, 34.861050014000057 ], [ 36.645056325000041, 34.850668581000036 ], [ 36.656917695000061, 34.847143878000054 ], [ 36.667427454000062, 34.846840280000038 ], [ 36.679981232000046, 34.843216068000061 ], [ 36.68668494800005, 34.836158909000062 ], [ 36.689259895000077, 34.82946983800008 ], [ 36.686703750000049, 34.821667818000037 ], [ 36.695314754000037, 34.816640902000074 ], [ 36.719217838000077, 34.829120104000026 ], [ 36.72591215500006, 34.831201897000028 ], [ 36.736918169000035, 34.826640239000028 ], [ 36.816552354000066, 34.832304824000062 ], [ 36.824673933000042, 34.841864962000045 ], [ 36.838993567000045, 34.870953643000064 ], [ 36.845680193000078, 34.880512760000045 ], [ 36.846633410000038, 34.88383669500007 ], [ 36.838967077000063, 34.896708871000044 ], [ 36.841355675000045, 34.899618419000035 ], [ 36.875309420000065, 34.906289062000042 ], [ 36.897788232000039, 34.908382072000052 ], [ 36.90017213200008, 34.915861096000071 ], [ 36.899919514000032, 34.928946244000031 ], [ 36.904220958000053, 34.932272558000079 ], [ 36.908530520000056, 34.927706141000044 ], [ 36.91355307200007, 34.927502007000044 ], [ 36.917565246000038, 34.913332958000069 ], [ 36.927091612000027, 34.90045948900007 ], [ 36.941767365000032, 34.905351407000069 ], [ 36.961592505000056, 34.908698509000033 ], [ 36.96416719900003, 34.912818019000042 ], [ 36.962170923000031, 34.921187103000079 ], [ 36.970768634000081, 34.925383995000061 ] ] ] } },
{ "type": "Feature", "properties": { "shapeName": "Tadmor", "shapeISO": "", "shapeID": "27442178B76261641700856", "shapeGroup": "SYR", "shapeType": "ADM2" }, "geometry": { "type": "Polygon", "coordinates": [ [ [ 39.12533184800003, 33.531509424000035 ], [ 39.866096980000066, 33.880186438000067 ], [ 40.265003834000026, 34.067998127000067 ], [ 40.219499588000076, 34.129617691000078 ], [ 40.02765846300008, 34.373617172000024 ], [ 39.80216462900006, 34.660420673000033 ], [ 39.700217304000034, 34.79008927600006 ], [ 39.575071335000075, 34.949602127000048 ], [ 39.416379929000072, 35.162450791000026 ], [ 39.297376633000056, 35.250860215000046 ], [ 39.244927535000045, 35.27796757200008 ], [ 39.238973617000056, 35.278825760000075 ], [ 39.22412681600008, 35.284776688000079 ], [ 39.204530716000079, 35.288484574000051 ], [ 39.200784683000052, 35.293401718000041 ], [ 39.201726913000073, 35.305921555000054 ], [ 39.196790696000051, 35.316453934000037 ], [ 39.182111740000039, 35.323297500000024 ], [ 39.167317010000033, 35.326799536000067 ], [ 39.14281102800004, 35.327234125000075 ], [ 39.13430595400007, 35.323965073000068 ], [ 38.871332168000038, 35.371065139000052 ], [ 38.824884414000053, 35.375642777000053 ], [ 38.575319291000028, 35.398866654000074 ], [ 38.442537308000055, 35.396608352000044 ], [ 38.450017929000069, 35.293882370000063 ], [ 38.434125900000026, 35.244089127000052 ], [ 38.426256180000053, 35.227720261000059 ], [ 38.398168564000059, 35.189859390000038 ], [ 38.379209518000039, 35.176130295000064 ], [ 38.338926315000037, 35.154790878000028 ], [ 38.33017540000003, 35.139947891000077 ], [ 38.322305680000056, 35.123579025000026 ], [ 38.329046249000044, 35.101240158000053 ], [ 38.340410232000067, 35.089506150000034 ], [ 38.349729538000076, 35.084978104000072 ], [ 38.348859787000038, 35.07964897200003 ], [ 38.329603195000061, 35.061891555000045 ], [ 38.270082474000048, 35.042352676000064 ], [ 38.250539780000054, 35.037912369000026 ], [ 38.178274154000064, 35.013509751000072 ], [ 38.160757065000041, 35.005506516000025 ], [ 38.134271622000028, 34.983987808000052 ], [ 38.106279373000064, 34.938306809000039 ], [ 38.099721909000039, 34.922323227000049 ], [ 38.090097427000046, 34.90785408000005 ], [ 38.067335129000071, 34.88805198600005 ], [ 38.057264328000031, 34.881956101000071 ], [ 38.046331405000046, 34.890184402000045 ], [ 38.012609482000073, 34.929738998000062 ], [ 37.998067855000045, 34.941987991000076 ], [ 37.954866410000079, 34.973398208000049 ], [ 37.922430038000073, 34.988214493000044 ], [ 37.917795181000031, 34.988470077000045 ], [ 37.893243533000032, 34.961434871000051 ], [ 37.889168592000033, 34.954341641000042 ], [ 37.872858048000069, 34.940858841000079 ], [ 37.858186722000028, 34.918161393000048 ], [ 37.845952988000079, 34.90680885300003 ], [ 37.851678848000063, 34.893342972000028 ], [ 37.854146958000058, 34.876329422000026 ], [ 37.852122232000056, 34.858956251000052 ], [ 37.864351273000068, 34.832120896000049 ], [ 37.873422623000067, 34.788072586000055 ], [ 37.875093460000073, 34.750497818000042 ], [ 37.81926068100006, 34.663429093000047 ], [ 37.781546812000045, 34.621749171000033 ], [ 37.723810185000048, 34.565405392000059 ], [ 37.701078598000038, 34.546068347000073 ], [ 37.699689865000039, 34.530874252000046 ], [ 37.70195579500006, 34.515577317000066 ], [ 37.705080922000036, 34.512291849000064 ], [ 37.730006428000024, 34.505061646000058 ], [ 37.747871300000043, 34.496213039000054 ], [ 37.726207080000052, 34.478471846000048 ], [ 37.718557358000055, 34.474035263000076 ], [ 37.672636032000071, 34.475111008000056 ], [ 37.671378313000048, 34.458492560000025 ], [ 37.667565293000052, 34.445196301000067 ], [ 37.667584663000071, 34.426363786000024 ], [ 37.665046066000059, 34.414176228000031 ], [ 37.701798601000064, 34.219699143000071 ], [ 37.751944329000025, 33.970910902000071 ], [ 37.690345351000076, 33.968412971000078 ], [ 37.631986618000042, 33.975343704000068 ], [ 37.610616683000046, 33.969812393000041 ], [ 37.61370658800007, 33.958482742000058 ], [ 37.609376908000058, 33.946493148000059 ], [ 37.604047775000026, 33.94183158900006 ], [ 37.60388374300004, 33.937334061000058 ], [ 37.611040116000027, 33.923513412000034 ], [ 37.620698929000071, 33.917852402000051 ], [ 37.655668258000048, 33.909528733000059 ], [ 37.704175949000046, 33.901906967000059 ], [ 38.269365310000069, 33.836099625000031 ], [ 38.933435440000039, 33.75969505300003 ], [ 39.12533184800003, 33.531509424000035 ] ] ] } },
{ "type": "Feature", "properties": { "shapeName": "Al Makhrim", "shapeISO": "", "shapeID": "27442178B17685723948764", "shapeGroup": "SYR", "shapeType": "ADM2" }, "geometry": { "type": "Polygon", "coordinates": [ [ [ 37.701078598000038, 34.546068347000073 ], [ 37.723810185000048, 34.565405392000059 ], [ 37.781546812000045, 34.621749171000033 ], [ 37.81926068100006, 34.663429093000047 ], [ 37.875093460000073, 34.750497818000042 ], [ 37.873422623000067, 34.788072586000055 ], [ 37.864351273000068, 34.832120896000049 ], [ 37.852122232000056, 34.858956251000052 ], [ 37.854146958000058, 34.876329422000026 ], [ 37.851678848000063, 34.893342972000028 ], [ 37.845952988000079, 34.90680885300003 ], [ 37.858186722000028, 34.918161393000048 ], [ 37.872858048000069, 34.940858841000079 ], [ 37.889168592000033, 34.954341641000042 ], [ 37.893243533000032, 34.961434871000051 ], [ 37.917795181000031, 34.988470077000045 ], [ 37.909925461000057, 35.00399589500006 ], [ 37.904631367000036, 35.038998291000041 ], [ 37.886487961000057, 35.059473038000078 ], [ 37.868238450000035, 35.067892074000042 ], [ 37.85421180700007, 35.071306229000072 ], [ 37.838651657000071, 35.080236435000074 ], [ 37.807046890000038, 35.104433060000076 ], [ 37.787674770000081, 35.103601473000026 ], [ 37.76679039000004, 35.099397659000033 ], [ 37.751799806000065, 35.098867742000039 ], [ 37.712522506000028, 35.09133720400007 ], [ 37.70275306700006, 35.060590744000024 ], [ 37.688865084000042, 35.03003613900006 ], [ 37.641530991000025, 34.970781327000054 ], [ 37.584466744000053, 34.954294351000044 ], [ 37.54414212100005, 34.936758843000064 ], [ 37.52182960500005, 34.953580856000031 ], [ 37.498590469000078, 34.953428268000039 ], [ 37.495291398000063, 34.961174314000061 ], [ 37.496366501000068, 34.963476181000033 ], [ 37.49229986000006, 34.967463211000052 ], [ 37.471670151000069, 34.973062515000038 ], [ 37.440355301000068, 34.974672318000046 ], [ 37.433694839000054, 34.97371101400006 ], [ 37.420550223000077, 34.976530865000029 ], [ 37.404916554000067, 34.973302971000066 ], [ 37.38882637100005, 34.977903366000078 ], [ 37.386411667000061, 34.979764939000063 ], [ 37.383807307000041, 34.974905300000046 ], [ 37.35217519400004, 34.977262933000077 ], [ 37.336648250000053, 34.972776992000036 ], [ 37.327932345000079, 34.96240460000007 ], [ 37.327469611000026, 34.959650112000077 ], [ 37.310066334000055, 34.958413088000043 ], [ 37.303885663000074, 34.954294751000077 ], [ 37.302806338000039, 34.949168342000064 ], [ 37.304214451000064, 34.944306803000075 ], [ 37.307674628000029, 34.940146139000035 ], [ 37.290470599000059, 34.936443901000075 ], [ 37.282742969000026, 34.914243280000051 ], [ 37.255716537000069, 34.920017635000079 ], [ 37.234760019000078, 34.912074136000058 ], [ 37.229665121000039, 34.92641291700005 ], [ 37.221858466000072, 34.934084529000074 ], [ 37.215608306000036, 34.935898892000068 ], [ 37.207300418000045, 34.932583765000061 ], [ 37.190858835000029, 34.938176666000061 ], [ 37.186204388000078, 34.937339974000054 ], [ 37.180404520000025, 34.932673004000037 ], [ 37.17678288500008, 34.932835688000068 ], [ 37.172305247000054, 34.920917413000041 ], [ 37.157642463000059, 34.908439236000049 ], [ 37.152267258000052, 34.910285489000046 ], [ 37.148235109000041, 34.918489782000051 ], [ 37.130338539000036, 34.918106527000077 ], [ 37.113796188000038, 34.91317833100004 ], [ 37.111358987000074, 34.908801543000038 ], [ 37.101408330000027, 34.911049891000062 ], [ 37.090538941000034, 34.90960803300004 ], [ 37.08119410900008, 34.906355126000051 ], [ 37.058487939000031, 34.894619520000049 ], [ 37.01470456800007, 34.865289189000066 ], [ 36.995428581000056, 34.863372945000037 ], [ 36.993663897000033, 34.866976926000063 ], [ 36.982506255000033, 34.863247343000069 ], [ 36.979872829000044, 34.846905864000064 ], [ 36.97369356400003, 34.838924314000053 ], [ 36.978328013000066, 34.828368070000067 ], [ 36.983174664000046, 34.822954537000044 ], [ 36.981720332000066, 34.814604445000043 ], [ 36.982563006000078, 34.808070998000062 ], [ 36.995532987000047, 34.795738129000028 ], [ 37.005999587000076, 34.779047449000075 ], [ 37.009770714000069, 34.769975066000029 ], [ 36.968410033000055, 34.751432546000046 ], [ 36.964025942000035, 34.746891899000047 ], [ 36.975329242000043, 34.729475809000064 ], [ 36.975978423000072, 34.707877620000033 ], [ 36.973899738000057, 34.696986066000079 ], [ 36.976418055000067, 34.686823785000058 ], [ 36.975589940000077, 34.67920014300006 ], [ 36.972670449000077, 34.673027025000067 ], [ 36.973094773000071, 34.666856284000062 ], [ 36.976443069000027, 34.662502633000031 ], [ 36.994837044000064, 34.659611683000037 ], [ 37.006118316000027, 34.663612727000043 ], [ 37.027432528000077, 34.66616889200003 ], [ 37.044981215000064, 34.672352404000037 ], [ 37.04999880500003, 34.670540957000071 ], [ 37.058776696000052, 34.670184193000068 ], [ 37.079253462000054, 34.674191771000039 ], [ 37.085109994000049, 34.669476899000074 ], [ 37.091380768000079, 34.668392349000044 ], [ 37.095975155000076, 34.671662636000065 ], [ 37.095991508000054, 34.684442702000069 ], [ 37.101140895000071, 34.690107027000067 ], [ 37.112212077000038, 34.69371159800005 ], [ 37.126260753000054, 34.688926777000063 ], [ 37.145065609000028, 34.692933168000025 ], [ 37.149660370000049, 34.695840453000073 ], [ 37.155501220000076, 34.70637167700005 ], [ 37.163446516000079, 34.702747298000077 ], [ 37.164703434000046, 34.699844171000052 ], [ 37.169722145000037, 34.696943717000067 ], [ 37.175991800000077, 34.696948172000077 ], [ 37.187288380000041, 34.686066124000035 ], [ 37.18645839900006, 34.680257493000056 ], [ 37.179366605000041, 34.666821360000029 ], [ 37.167259834000049, 34.652655657000025 ], [ 37.176460554000073, 34.647580160000075 ], [ 37.179809970000065, 34.642137502000026 ], [ 37.186917446000052, 34.640327540000044 ], [ 37.192767631000038, 34.641783708000048 ], [ 37.195690856000056, 34.64432680200008 ], [ 37.218679591000068, 34.644343138000067 ], [ 37.223714408000035, 34.649028841000074 ], [ 37.222151491000034, 34.653288910000072 ], [ 37.223696308000058, 34.658695766000051 ], [ 37.23090545000008, 34.666162377000035 ], [ 37.253641703000028, 34.660422636000078 ], [ 37.274877895000031, 34.663440706000074 ], [ 37.288617540000075, 34.670117939000079 ], [ 37.330028829000071, 34.68489704600006 ], [ 37.334534203000032, 34.687919241000031 ], [ 37.346543245000078, 34.688355933000025 ], [ 37.348422430000028, 34.682369099000027 ], [ 37.353019804000041, 34.682735368000067 ], [ 37.360538163000058, 34.687822746000052 ], [ 37.36199716200008, 34.691635310000038 ], [ 37.370775425000033, 34.690915542000027 ], [ 37.380393376000029, 34.686566346000063 ], [ 37.388753663000045, 34.685846282000057 ], [ 37.394189604000076, 34.683672130000048 ], [ 37.417593702000033, 34.68622977800004 ], [ 37.428740885000025, 34.690823770000065 ], [ 37.454093227000044, 34.660805646000028 ], [ 37.446260409000047, 34.65194641000005 ], [ 37.439991500000076, 34.651215949000061 ], [ 37.423263087000066, 34.660279126000034 ], [ 37.417412902000081, 34.65882295800003 ], [ 37.406543260000035, 34.660993249000057 ], [ 37.399023781000039, 34.656994878000035 ], [ 37.396107276000066, 34.647917742000061 ], [ 37.400292274000037, 34.642838681000057 ], [ 37.408236823000038, 34.639940306000028 ], [ 37.439591818000054, 34.633428541000058 ], [ 37.49290385900008, 34.614045790000034 ], [ 37.643376015000058, 34.549756037000066 ], [ 37.66364713300004, 34.56018623500006 ], [ 37.682232802000044, 34.562584386000026 ], [ 37.694823094000071, 34.557188547000067 ], [ 37.701078598000038, 34.546068347000073 ] ] ] } },
{ "type": "Feature", "properties": { "shapeName": "Hama", "shapeISO": "", "shapeID": "27442178B84195179221003", "shapeGroup": "SYR", "shapeType": "ADM2" }, "geometry": { "type": "Polygon", "coordinates": [ [ [ 37.199051025000074, 35.546180991000028 ], [ 37.195762862000038, 35.542327129000057 ], [ 37.19531186200004, 35.532585532000041 ], [ 37.188563049000038, 35.524004739000077 ], [ 37.181508764000057, 35.517342358000064 ], [ 37.172796450000078, 35.513451222000072 ], [ 37.165534760000071, 35.512924078000026 ], [ 37.163603714000033, 35.510981258000072 ], [ 37.161179590000074, 35.504524074000074 ], [ 37.161471414000061, 35.489349201000039 ], [ 37.156051768000054, 35.47774284500008 ], [ 37.149258170000053, 35.470743881000033 ], [ 37.142995141000029, 35.458814244000052 ], [ 37.121956092000062, 35.466631194000058 ], [ 37.116953997000053, 35.471867184000075 ], [ 37.104341753000028, 35.468567500000063 ], [ 37.10153768300006, 35.458516408000037 ], [ 37.10348108900007, 35.453843192000079 ], [ 37.102710739000031, 35.44696618200004 ], [ 37.10670619900003, 35.441934551000031 ], [ 37.104494814000077, 35.428857042000061 ], [ 37.089013011000077, 35.419583745000068 ], [ 37.079784223000047, 35.41086922900007 ], [ 37.052361927000049, 35.410532884000077 ], [ 37.045116854000071, 35.408529141000031 ], [ 37.038641922000068, 35.408481037000058 ], [ 37.036280038000029, 35.408983756000055 ], [ 37.03474428800007, 35.411832730000071 ], [ 37.024281191000057, 35.410846710000044 ], [ 37.017248091000056, 35.412320047000037 ], [ 37.015755376000072, 35.412847366000051 ], [ 37.009697205000066, 35.427212895000025 ], [ 37.004993128000024, 35.43163383600006 ], [ 37.000577594000049, 35.432264627000052 ], [ 36.996738180000079, 35.431432337000047 ], [ 36.995057536000047, 35.428771318000031 ], [ 36.98877946500005, 35.413111663000052 ], [ 36.963146092000045, 35.401375777000055 ], [ 36.956958505000046, 35.395262984000055 ], [ 36.953732496000043, 35.387346035000064 ], [ 36.954530964000071, 35.384253030000025 ], [ 36.948173867000037, 35.380410834000031 ], [ 36.927008569000066, 35.383623761000024 ], [ 36.916700946000049, 35.383006855000076 ], [ 36.895638624000071, 35.378180782000072 ], [ 36.878597518000049, 35.38245928200007 ], [ 36.880335837000075, 35.390769656000032 ], [ 36.877559672000075, 35.402311199000053 ], [ 36.875394684000071, 35.405233932000044 ], [ 36.868358476000026, 35.406749422000075 ], [ 36.86092979600005, 35.412141 ], [ 36.845114561000059, 35.412045238000076 ], [ 36.838770888000056, 35.413488032000032 ], [ 36.814254094000034, 35.410651422000058 ], [ 36.795904449000034, 35.413967813000056 ], [ 36.78990248100007, 35.407656078000059 ], [ 36.745733094000059, 35.403141004000076 ], [ 36.71356955300007, 35.404248391000067 ], [ 36.696251352000047, 35.402982072000043 ], [ 36.675459631000024, 35.405114636000064 ], [ 36.67043526100008, 35.399552443000061 ], [ 36.657065810000063, 35.396234830000026 ], [ 36.65581861000004, 35.390342900000064 ], [ 36.650535325000078, 35.384901100000036 ], [ 36.650976798000045, 35.379899537000028 ], [ 36.651267454000049, 35.377028143000075 ], [ 36.665997201000039, 35.378932767000038 ], [ 36.667698870000038, 35.365025588000037 ], [ 36.67201514900006, 35.349273847000063 ], [ 36.674644638000075, 35.349601394000047 ], [ 36.675901481000039, 35.346375801000079 ], [ 36.679324315000031, 35.346661992000065 ], [ 36.677173191000065, 35.342524095000044 ], [ 36.671884674000069, 35.34068684500005 ], [ 36.667846067000028, 35.33644152100004 ], [ 36.67114840000005, 35.323336081000036 ], [ 36.674996867000061, 35.322614585000053 ], [ 36.675579192000043, 35.320883945000048 ], [ 36.672824560000038, 35.316061431000037 ], [ 36.670301948000031, 35.315571818000024 ], [ 36.667785424000044, 35.317684146000033 ], [ 36.664274062000061, 35.317135378000046 ], [ 36.662061498000071, 35.314232017000052 ], [ 36.662499666000031, 35.311669768000058 ], [ 36.665802497000072, 35.311680299000045 ], [ 36.666302376000033, 35.309590476000039 ], [ 36.659113021000053, 35.311237220000066 ], [ 36.654218959000048, 35.306907789000036 ], [ 36.647782514000028, 35.305554033000078 ], [ 36.647009362000063, 35.302113279000025 ], [ 36.642962938000039, 35.299906628000031 ], [ 36.640465649000078, 35.295176895000054 ], [ 36.637088946000063, 35.295466804000057 ], [ 36.636186035000037, 35.29702684800003 ], [ 36.625939333000076, 35.296576208000033 ], [ 36.625723396000069, 35.293166710000037 ], [ 36.630299768000043, 35.292500507000057 ], [ 36.630639697000049, 35.285249484000076 ], [ 36.635524418000045, 35.281812339000055 ], [ 36.637918815000035, 35.270789850000028 ], [ 36.645772679000061, 35.268763055000079 ], [ 36.643711072000031, 35.264447873000051 ], [ 36.645684231000075, 35.25619236700004 ], [ 36.647159331000069, 35.255896394000047 ], [ 36.647625690000041, 35.25766432000006 ], [ 36.650331808000033, 35.258645887000057 ], [ 36.650076719000026, 35.254152589000057 ], [ 36.653300716000047, 35.250944876000062 ], [ 36.657373029000041, 35.250751003000062 ], [ 36.657900149000056, 35.24928656700007 ], [ 36.652223968000044, 35.236586514000066 ], [ 36.652916763000064, 35.230861968000056 ], [ 36.647785217000035, 35.229759885000078 ], [ 36.653034023000032, 35.224974646000078 ], [ 36.650542969000071, 35.224305002000051 ], [ 36.65073721400006, 35.221104677000028 ], [ 36.642911334000075, 35.221799016000034 ], [ 36.641776224000068, 35.213856704000079 ], [ 36.638681635000069, 35.211873487000048 ], [ 36.639943610000046, 35.20709006900006 ], [ 36.635112321000065, 35.205263840000043 ], [ 36.634508390000065, 35.201974664000033 ], [ 36.631060480000031, 35.199670135000076 ], [ 36.629358164000053, 35.200142693000032 ], [ 36.626248038000028, 35.196760378000079 ], [ 36.644838158000027, 35.186043750000067 ], [ 36.662176080000052, 35.172347648000027 ], [ 36.659964037000066, 35.168680891000065 ], [ 36.662952296000071, 35.159161432000076 ], [ 36.658289599000057, 35.159214639000027 ], [ 36.641718952000076, 35.165543700000057 ], [ 36.631296487000043, 35.162730024000041 ], [ 36.626130129000046, 35.163485784000045 ], [ 36.62582681300006, 35.166033279000033 ], [ 36.622487026000044, 35.167918048000047 ], [ 36.616153679000035, 35.166039348000027 ], [ 36.614592549000065, 35.173955652000075 ], [ 36.610972448000041, 35.176642278000031 ], [ 36.602824909000049, 35.176345195000067 ], [ 36.602593356000057, 35.181421890000024 ], [ 36.587328344000071, 35.180507461000047 ], [ 36.587200365000058, 35.182083824000074 ], [ 36.583378436000032, 35.183212877000074 ], [ 36.583875400000068, 35.18424421900005 ], [ 36.577783665000027, 35.185727432000078 ], [ 36.569409695000047, 35.183687034000059 ], [ 36.567418544000077, 35.180151266000053 ], [ 36.562665871000036, 35.177608854000027 ], [ 36.557655093000051, 35.177667151000037 ], [ 36.55513269100004, 35.181296198000041 ], [ 36.549100415000055, 35.182529582000029 ], [ 36.548473148000028, 35.180431533000046 ], [ 36.546197993000078, 35.18125892200004 ], [ 36.536059834000071, 35.177741679000064 ], [ 36.530769753000072, 35.177591334000056 ], [ 36.527559408000059, 35.178722827000058 ], [ 36.526133382000069, 35.18099045200006 ], [ 36.522256355000025, 35.181386280000027 ], [ 36.507449162000057, 35.176596218000043 ], [ 36.506022804000054, 35.176405007000028 ], [ 36.507137501000045, 35.165989250000052 ], [ 36.503194540000038, 35.163545864000071 ], [ 36.499156775000074, 35.15462830000007 ], [ 36.493843435000031, 35.152237049000064 ], [ 36.492615644000068, 35.150083373000029 ], [ 36.485448700000063, 35.150261228000033 ], [ 36.480005950000077, 35.145418323000058 ], [ 36.476944805000073, 35.144023367000045 ], [ 36.474895660000072, 35.144764002000045 ], [ 36.473485186000062, 35.140961838000067 ], [ 36.488120639000044, 35.139667517000078 ], [ 36.49477378000006, 35.141852881000034 ], [ 36.498489737000057, 35.134327618000043 ], [ 36.497797240000068, 35.126299705000065 ], [ 36.494028160000028, 35.12078744400003 ], [ 36.49733827600005, 35.119232342000032 ], [ 36.496754251000027, 35.117786774000024 ], [ 36.499538638000047, 35.11598358100008 ], [ 36.51710358400004, 35.112015239000073 ], [ 36.518008097000063, 35.110462248000033 ], [ 36.509533642000065, 35.108853019000037 ], [ 36.508452021000039, 35.106719724000072 ], [ 36.514630091000072, 35.101965366000059 ], [ 36.518815362000055, 35.10183655700007 ], [ 36.523205210000071, 35.099107144000072 ], [ 36.529124659000047, 35.085067225000046 ], [ 36.533722970000042, 35.079395620000071 ], [ 36.537310596000054, 35.078545513000051 ], [ 36.527622559000065, 35.059513098000025 ], [ 36.515587340000025, 35.061760503000073 ], [ 36.505695052000078, 35.061491596000053 ], [ 36.503372075000073, 35.060300400000074 ], [ 36.502317877000053, 35.055845577000071 ], [ 36.498994075000041, 35.054944441000032 ], [ 36.489159700000073, 35.047733926000035 ], [ 36.484719692000056, 35.049167609000051 ], [ 36.479616528000065, 35.048712755000054 ], [ 36.47794093300007, 35.052363310000032 ], [ 36.472227408000037, 35.053525383000078 ], [ 36.462543467000046, 35.04916761000004 ], [ 36.454215278000049, 35.049554967000063 ], [ 36.440896513000041, 35.046097768000038 ], [ 36.439201677000028, 35.043356494000079 ], [ 36.441213852000033, 35.040063836000058 ], [ 36.450985827000068, 35.039921357000026 ], [ 36.461081787000069, 35.034917051000036 ], [ 36.459789793000027, 35.027596481000046 ], [ 36.455947428000059, 35.024682005000045 ], [ 36.454654948000041, 35.019522591000054 ], [ 36.46660888100007, 35.01519896800005 ], [ 36.482431151000071, 35.021000063000031 ], [ 36.481124305000037, 35.010651516000053 ], [ 36.476620454000056, 35.010603451000065 ], [ 36.468273599000042, 35.005455945000051 ], [ 36.470402582000077, 34.998980824000057 ], [ 36.469465295000077, 34.994162666000079 ], [ 36.471823721000078, 34.99481141800004 ], [ 36.472789238000075, 34.993578090000028 ], [ 36.472071523000068, 34.989120798000044 ], [ 36.45351419900004, 34.985758255000064 ], [ 36.448332760000028, 34.982756785000049 ], [ 36.44708892400007, 34.978728918000058 ], [ 36.439054896000073, 34.972530499000072 ], [ 36.434540063000043, 34.97178735600005 ], [ 36.432301064000058, 34.975058792000027 ], [ 36.427726335000045, 34.97464036100007 ], [ 36.426382987000068, 34.971988945000078 ], [ 36.413753016000044, 34.969680225000047 ], [ 36.413532646000078, 34.96629691000004 ], [ 36.416381499000067, 34.965565482000045 ], [ 36.419070684000076, 34.967496608000033 ], [ 36.421616206000067, 34.967259295000076 ], [ 36.432509029000073, 34.95862025100007 ], [ 36.431152148000024, 34.958333467000045 ], [ 36.434608678000075, 34.954308649000041 ], [ 36.438670331000026, 34.953203984000027 ], [ 36.440356634000068, 34.949876192000033 ], [ 36.444241049000027, 34.941612743000064 ], [ 36.434909134000065, 34.93930186700004 ], [ 36.435458920000031, 34.933738127000026 ], [ 36.434149338000054, 34.933019743000045 ], [ 36.435993336000024, 34.925634763000062 ], [ 36.443420084000024, 34.92151947800005 ], [ 36.460649329000034, 34.920046961000025 ], [ 36.471012160000043, 34.919664911000041 ], [ 36.486832479000043, 34.924305323000056 ], [ 36.485598192000054, 34.93005370700007 ], [ 36.48698373700006, 34.932420612000044 ], [ 36.484914007000043, 34.939414896000073 ], [ 36.487991330000057, 34.942238222000071 ], [ 36.499666931000036, 34.946924406000051 ], [ 36.506136627000046, 34.950997493000045 ], [ 36.506214896000074, 34.952536102000067 ], [ 36.523862924000071, 34.954330538000079 ], [ 36.529353394000054, 34.949906772000077 ], [ 36.533209203000069, 34.94900640700007 ], [ 36.535924551000051, 34.940721851000035 ], [ 36.51980036100008, 34.931907159000048 ], [ 36.51794071900008, 34.923365933000071 ], [ 36.520450148000066, 34.924280084000031 ], [ 36.540334672000029, 34.923441634000028 ], [ 36.543973741000059, 34.914659857000061 ], [ 36.550847535000059, 34.913058790000036 ], [ 36.551691467000069, 34.911645228000054 ], [ 36.551549420000072, 34.900059007000038 ], [ 36.555412935000049, 34.899013122000042 ], [ 36.558686386000034, 34.895371921000049 ], [ 36.556772933000047, 34.892546104000076 ], [ 36.56813956600007, 34.896704324000041 ], [ 36.57229804900004, 34.900889468000059 ], [ 36.574561534000054, 34.911710758000027 ], [ 36.572321694000038, 34.916631769000048 ], [ 36.572875359000079, 34.919822687000078 ], [ 36.585912136000047, 34.921814837000056 ], [ 36.585871334000046, 34.92362023000004 ], [ 36.589949680000075, 34.924947766000059 ], [ 36.596896414000071, 34.927208989000064 ], [ 36.597799075000069, 34.924485855000057 ], [ 36.60409317400007, 34.92461078000008 ], [ 36.604085399000041, 34.922135614000069 ], [ 36.606383200000039, 34.922277621000035 ], [ 36.606454564000046, 34.916988471000025 ], [ 36.60876177800003, 34.917202172000032 ], [ 36.608999944000061, 34.912324560000059 ], [ 36.601543980000031, 34.911661077000076 ], [ 36.601766186000077, 34.91025293000007 ], [ 36.598049059000061, 34.909655046000069 ], [ 36.598141105000025, 34.907933416000049 ], [ 36.601223, 34.907225285000038 ], [ 36.602462511000056, 34.903678246000027 ], [ 36.604736113000058, 34.905245498000056 ], [ 36.611350255000048, 34.904626204000067 ], [ 36.611043966000068, 34.908583309000051 ], [ 36.626190655000073, 34.909445600000026 ], [ 36.630168896000043, 34.903192860000047 ], [ 36.63404840100003, 34.901804668000068 ], [ 36.654543745000069, 34.904366976000063 ], [ 36.65847644300004, 34.905682720000073 ], [ 36.659968418000062, 34.912555849000057 ], [ 36.666627276000042, 34.914551147000054 ], [ 36.670473427000047, 34.919652437000025 ], [ 36.673917307000067, 34.920812359000024 ], [ 36.67695195500005, 34.925249841000038 ], [ 36.68808963400005, 34.934662502000037 ], [ 36.696287881000046, 34.938130991000037 ], [ 36.704625691000047, 34.935360622000076 ], [ 36.708336630000076, 34.935519662000047 ], [ 36.715519949000054, 34.939972789000024 ], [ 36.720185129000072, 34.946201865000035 ], [ 36.723934260000078, 34.946411290000071 ], [ 36.734667092000052, 34.942571874000066 ], [ 36.734287975000029, 34.936184319000063 ], [ 36.736355888000048, 34.93138216400007 ], [ 36.742536652000069, 34.932795239000029 ], [ 36.742628559000025, 34.939504469000042 ], [ 36.74610954700006, 34.940894566000054 ], [ 36.751543563000041, 34.939906563000079 ], [ 36.751251412000045, 34.935305265000068 ], [ 36.752590078000026, 34.934043583000062 ], [ 36.759428824000054, 34.934295920000068 ], [ 36.763164257000028, 34.937383736000072 ], [ 36.766572637000024, 34.946749844000067 ], [ 36.771182009000029, 34.949461240000062 ], [ 36.78204532400008, 34.949427677000074 ], [ 36.785755658000028, 34.945252095000058 ], [ 36.793108687000029, 34.945718485000043 ], [ 36.792775483000071, 34.943012992000035 ], [ 36.796903920000034, 34.943149550000044 ], [ 36.815393665000045, 34.949774958000035 ], [ 36.813083953000046, 34.957011513000054 ], [ 36.814044202000048, 34.958376712000074 ], [ 36.816986988000053, 34.959326246000046 ], [ 36.822340428000075, 34.95616076500005 ], [ 36.824915446000034, 34.958815295000079 ], [ 36.827378983000074, 34.956593584000075 ], [ 36.831645914000035, 34.957654311000056 ], [ 36.849780511000063, 34.970451750000052 ], [ 36.854446893000045, 34.968530299000065 ], [ 36.867107320000059, 34.972801286000049 ], [ 36.869880177000027, 34.969322317000035 ], [ 36.884381323000071, 34.970752369000024 ], [ 36.898535376000041, 34.977659531000029 ], [ 36.908894327000041, 34.977606540000068 ], [ 36.910501716000056, 34.989999065000063 ], [ 36.909150665000027, 34.995594398000037 ], [ 36.904376933000037, 34.999087357000064 ], [ 36.904006632000062, 35.001592219000031 ], [ 36.904584521000061, 35.004546212000037 ], [ 36.90993579600007, 35.006287002000079 ], [ 36.907378077000033, 35.016294834000064 ], [ 36.908898253000075, 35.019496631000038 ], [ 36.905297904000065, 35.020035636000046 ], [ 36.905645403000051, 35.022860751000053 ], [ 36.903665502000024, 35.023696233000067 ], [ 36.901745005000066, 35.02815262200005 ], [ 36.907607425000037, 35.029215393000072 ], [ 36.887597157000073, 35.051599617000079 ], [ 36.876685221000059, 35.054140870000026 ], [ 36.877103914000031, 35.057616899000038 ], [ 36.872398689000079, 35.062177807000069 ], [ 36.875719637000032, 35.063723528000025 ], [ 36.876160021000032, 35.06923190100008 ], [ 36.879179552000039, 35.070404994000057 ], [ 36.886057575000052, 35.070104180000044 ], [ 36.888765639000042, 35.072313125000051 ], [ 36.881088405000071, 35.085554538000054 ], [ 36.875386705000039, 35.084540212000036 ], [ 36.872972781000044, 35.099619154000038 ], [ 36.874872426000024, 35.101728403000038 ], [ 36.889836025000079, 35.103189697000062 ], [ 36.914479587000073, 35.096008031000054 ], [ 36.910840436000058, 35.114669191000075 ], [ 36.907924751000053, 35.118924390000075 ], [ 36.913310800000033, 35.120358389000046 ], [ 36.914520994000043, 35.122897335000062 ], [ 36.914355503000024, 35.129717932000062 ], [ 36.916948279000053, 35.132054784000047 ], [ 36.916479202000062, 35.137961640000071 ], [ 36.919449378000024, 35.145067486000073 ], [ 36.908591687000069, 35.14599667300007 ], [ 36.901924744000041, 35.143234515000074 ], [ 36.896549408000055, 35.145196660000067 ], [ 36.893555040000024, 35.160461436000048 ], [ 36.897022600000071, 35.163891583000066 ], [ 36.904852331000029, 35.167779984000049 ], [ 36.903448645000026, 35.174519325000063 ], [ 36.915126271000076, 35.17720750400008 ], [ 36.948073959000055, 35.178515792000042 ], [ 36.94835914500004, 35.180805927000051 ], [ 36.947014291000073, 35.18625436800005 ], [ 36.929360314000064, 35.186074882000071 ], [ 36.923888958000077, 35.184451802000069 ], [ 36.923048682000058, 35.188566324000078 ], [ 36.906160513000032, 35.187028783000073 ], [ 36.903824690000079, 35.188170958000057 ], [ 36.903023806000078, 35.210120508000045 ], [ 36.899637779000045, 35.211988817000076 ], [ 36.89078685800007, 35.211735420000025 ], [ 36.885577406000039, 35.22290694700007 ], [ 36.888375095000072, 35.226890997000055 ], [ 36.890326601000027, 35.226871938000045 ], [ 36.894610842000077, 35.235996574000069 ], [ 36.888897157000031, 35.235692123000035 ], [ 36.886037928000064, 35.251308937000033 ], [ 36.89084899900007, 35.259652060000064 ], [ 36.885888388000069, 35.26352145900006 ], [ 36.883914493000077, 35.272959867000054 ], [ 36.885656647000076, 35.278137424000079 ], [ 36.89166730900007, 35.277587005000044 ], [ 36.889550720000045, 35.284383139000056 ], [ 36.891817739000032, 35.293641387000037 ], [ 36.893214446000059, 35.292646990000037 ], [ 36.941488710000044, 35.295368807000045 ], [ 36.939833458000066, 35.303926714000056 ], [ 36.932598831000064, 35.30399370400005 ], [ 36.931896194000046, 35.307671843000037 ], [ 36.97235426900005, 35.314055789000065 ], [ 36.97515018100006, 35.312643077000075 ], [ 36.976979870000036, 35.301480782000056 ], [ 36.97955306800003, 35.298945376000063 ], [ 36.992193042000054, 35.299264939000068 ], [ 36.99591582000005, 35.281289124000068 ], [ 37.000945351000041, 35.282092291000026 ], [ 37.006997400000046, 35.263417142000037 ], [ 37.002748924000059, 35.263091526000039 ], [ 37.003025637000064, 35.257210734000068 ], [ 36.996680198000035, 35.255791915000032 ], [ 36.996629784000049, 35.25203704300003 ], [ 36.991821087000062, 35.251312504000055 ], [ 36.99381353900003, 35.24197485600007 ], [ 37.016011732000038, 35.244630115000064 ], [ 37.017986346000043, 35.244494786000075 ], [ 37.019507554000029, 35.240472865000072 ], [ 37.039897790000055, 35.242901851000056 ], [ 37.039147720000074, 35.24711261300007 ], [ 37.047768542000028, 35.248083542000074 ], [ 37.057127243000025, 35.245952811000052 ], [ 37.076000430000079, 35.236146796000071 ], [ 37.099190500000077, 35.228533437000067 ], [ 37.106268721000049, 35.229126498000028 ], [ 37.117716855000026, 35.226742109000043 ], [ 37.120966878000047, 35.230563380000035 ], [ 37.124043141000072, 35.241546319000065 ], [ 37.12199928900003, 35.245319745000074 ], [ 37.118136467000056, 35.247333707000053 ], [ 37.117661382000051, 35.249660553000069 ], [ 37.119797321000078, 35.251545229000044 ], [ 37.125104792000059, 35.252434185000027 ], [ 37.128526481000051, 35.255331311000077 ], [ 37.137889503000054, 35.253703784000038 ], [ 37.143722482000044, 35.250282927000057 ], [ 37.154683873000067, 35.251275288000045 ], [ 37.166897478000067, 35.254899953000063 ], [ 37.156695004000028, 35.261079276000032 ], [ 37.14611001600008, 35.292478969000058 ], [ 37.162677708000047, 35.29415079100005 ], [ 37.166661356000077, 35.292894825000076 ], [ 37.169601749000037, 35.294752821000031 ], [ 37.16954975200008, 35.297911917000079 ], [ 37.181837979000079, 35.304275625000059 ], [ 37.190437859000042, 35.301101090000031 ], [ 37.198047177000035, 35.295745773000078 ], [ 37.202397928000039, 35.297937850000039 ], [ 37.21517693800007, 35.299251794000043 ], [ 37.214496343000064, 35.300868139000045 ], [ 37.238017840000055, 35.30437734700007 ], [ 37.23825856600007, 35.301357503000077 ], [ 37.246496176000051, 35.295269856000061 ], [ 37.250460175000057, 35.297806110000067 ], [ 37.250046111000074, 35.30007690900004 ], [ 37.253510149000078, 35.300628578000044 ], [ 37.259412220000058, 35.306000568000059 ], [ 37.273976707000031, 35.306334015000061 ], [ 37.284216068000035, 35.299946615000067 ], [ 37.292477969000061, 35.302699994000079 ], [ 37.294972992000055, 35.302075225000067 ], [ 37.29827755000008, 35.297149468000043 ], [ 37.298450029000037, 35.291190612000037 ], [ 37.304368379000039, 35.284882235000055 ], [ 37.313619020000033, 35.284671610000032 ], [ 37.312643206000075, 35.303825381000024 ], [ 37.322753869000053, 35.308407970000076 ], [ 37.34094075400003, 35.335262207000028 ], [ 37.349400071000048, 35.323293634000038 ], [ 37.351383502000033, 35.323324743000057 ], [ 37.357116998000038, 35.343034268000054 ], [ 37.361800233000054, 35.34417617500003 ], [ 37.359197835000032, 35.345730373000038 ], [ 37.359756513000036, 35.351587018000032 ], [ 37.368411389000073, 35.369726098000058 ], [ 37.382171645000028, 35.375423665000028 ], [ 37.382211643000062, 35.417355388000033 ], [ 37.367731740000067, 35.430912827000043 ], [ 37.362920049000024, 35.451380007000068 ], [ 37.369639767000024, 35.461777901000062 ], [ 37.373468741000067, 35.475166984000055 ], [ 37.368538551000029, 35.475468994000039 ], [ 37.369128217000025, 35.478402254000059 ], [ 37.39938255800007, 35.482051843000079 ], [ 37.419920213000069, 35.474578768000072 ], [ 37.443359239000074, 35.459708073000058 ], [ 37.459900833000063, 35.455394831000035 ], [ 37.464729141000078, 35.450164814000061 ], [ 37.46640940900005, 35.442728370000054 ], [ 37.491676189000032, 35.456840483000065 ], [ 37.498795824000069, 35.472932515000025 ], [ 37.499765540000055, 35.475121639000065 ], [ 37.496364075000031, 35.49800295600005 ], [ 37.484993874000054, 35.518688777000079 ], [ 37.442703576000042, 35.547561702000053 ], [ 37.434121753000056, 35.550030055000036 ], [ 37.416985285000067, 35.555610174000037 ], [ 37.383080323000058, 35.536183821000066 ], [ 37.384830868000051, 35.531748962000052 ], [ 37.385455855000032, 35.508327119000057 ], [ 37.368008044000078, 35.515340372000026 ], [ 37.346125038000025, 35.506909071000052 ], [ 37.335308788000077, 35.515859449000061 ], [ 37.327737737000064, 35.511818093000045 ], [ 37.325331393000056, 35.516107013000067 ], [ 37.31385522000005, 35.524034434000043 ], [ 37.322772972000053, 35.527391201000057 ], [ 37.324591861000044, 35.541628834000051 ], [ 37.303657176000058, 35.539388200000076 ], [ 37.300313212000049, 35.541707826000049 ], [ 37.301696909000043, 35.543089243000054 ], [ 37.300898644000029, 35.546772717000067 ], [ 37.298527657000079, 35.546585191000077 ], [ 37.28749005800006, 35.539857281000025 ], [ 37.284185475000072, 35.539341603000025 ], [ 37.283160369000029, 35.532584382000039 ], [ 37.269103051000059, 35.533128145000035 ], [ 37.260561303000031, 35.530605630000025 ], [ 37.250399361000063, 35.533387588000039 ], [ 37.245780209000031, 35.540736553000045 ], [ 37.240561868000043, 35.554716261000067 ], [ 37.234144141000058, 35.560632749000035 ], [ 37.221636681000064, 35.558730492000052 ], [ 37.219465021000076, 35.545710800000052 ], [ 37.215441228000032, 35.544183196000063 ], [ 37.199051025000074, 35.546180991000028 ] ] ] } },
{ "type": "Feature", "properties": { "shapeName": "As-Suqaylabiyah", "shapeISO": "", "shapeID": "27442178B45767266881892", "shapeGroup": "SYR", "shapeType": "ADM2" }, "geometry": { "type": "Polygon", "coordinates": [ [ [ 36.393771629000071, 35.722900664000065 ], [ 36.386541994000027, 35.723161443000038 ], [ 36.380925611000066, 35.725636132000034 ], [ 36.378117670000051, 35.722531600000025 ], [ 36.377434330000028, 35.717796959000054 ], [ 36.368439235000039, 35.716137433000029 ], [ 36.361485283000036, 35.723062804000051 ], [ 36.345856690000062, 35.719521717000077 ], [ 36.342144936000068, 35.722981084000025 ], [ 36.340738242000043, 35.728707813000028 ], [ 36.341154463000066, 35.735481918000062 ], [ 36.346897243000058, 35.736456978000035 ], [ 36.347520842000051, 35.739402943000073 ], [ 36.345755809000025, 35.742727442000046 ], [ 36.332485953000059, 35.758154300000058 ], [ 36.328100975000041, 35.761029495000059 ], [ 36.322873666000078, 35.76210495600003 ], [ 36.316560116000062, 35.760100213000044 ], [ 36.31414866800003, 35.746785097000043 ], [ 36.311672030000068, 35.746239294000077 ], [ 36.302658165000025, 35.750709215000029 ], [ 36.29381005700003, 35.752052046000074 ], [ 36.279118804000063, 35.744484513000032 ], [ 36.270365489000028, 35.745518369000024 ], [ 36.256787514000052, 35.749860565000063 ], [ 36.229448736000052, 35.751809782000066 ], [ 36.234643173000052, 35.738573220000035 ], [ 36.243542188000049, 35.734321469000065 ], [ 36.258699584000055, 35.720108832000051 ], [ 36.259176819000061, 35.717436320000047 ], [ 36.256981541000073, 35.714668361000065 ], [ 36.253074558000037, 35.718157898000072 ], [ 36.249620179000033, 35.715357794000056 ], [ 36.252806043000078, 35.705428981000068 ], [ 36.247353200000077, 35.700994980000075 ], [ 36.245599545000061, 35.692776970000068 ], [ 36.250798755000062, 35.687753625000028 ], [ 36.249384871000075, 35.676080075000073 ], [ 36.246344656000076, 35.671889283000041 ], [ 36.244032515000072, 35.670575144000054 ], [ 36.242991975000052, 35.671911444000045 ], [ 36.245640704000039, 35.67641182400007 ], [ 36.247407463000059, 35.675987539000062 ], [ 36.247424055000067, 35.67878150100006 ], [ 36.244114837000041, 35.678326675000051 ], [ 36.242526921000035, 35.682313356000066 ], [ 36.246040285000049, 35.683230834000028 ], [ 36.24359105800005, 35.68560145500004 ], [ 36.241288432000033, 35.685404043000062 ], [ 36.242782686000055, 35.679928990000064 ], [ 36.239864217000047, 35.681696931000033 ], [ 36.238046841000028, 35.677875819000064 ], [ 36.239715939000064, 35.67594507900003 ], [ 36.239242368000077, 35.671990778000065 ], [ 36.236792998000055, 35.672918579000054 ], [ 36.233284782000055, 35.669018212000026 ], [ 36.219136527000046, 35.671108247000063 ], [ 36.219046411000079, 35.673231930000043 ], [ 36.213769117000027, 35.676308425000059 ], [ 36.210539735000054, 35.68154405100006 ], [ 36.20524153000008, 35.666979732000073 ], [ 36.205175329000042, 35.665298672000063 ], [ 36.216837886000064, 35.658060259000024 ], [ 36.213485867000031, 35.65525357000007 ], [ 36.21351984100005, 35.652759109000044 ], [ 36.217094150000037, 35.648731269000052 ], [ 36.222613961000036, 35.648702799000034 ], [ 36.223876431000065, 35.641489204000038 ], [ 36.218913386000054, 35.626529411000035 ], [ 36.215866736000066, 35.626429511000026 ], [ 36.216004816000066, 35.609155600000065 ], [ 36.224649104000036, 35.601407876000053 ], [ 36.227303687000074, 35.587650069000063 ], [ 36.229789965000066, 35.587542908000046 ], [ 36.22790943900003, 35.583594688000062 ], [ 36.228341082000043, 35.573462638000024 ], [ 36.221017766000045, 35.567621945000042 ], [ 36.221930135000036, 35.52242388600007 ], [ 36.222313156000041, 35.510216893000063 ], [ 36.220970391000037, 35.507304048000037 ], [ 36.223274681000078, 35.47650283300004 ], [ 36.22131411600003, 35.475181453000062 ], [ 36.222064156000044, 35.467063817000053 ], [ 36.216666073000056, 35.467136622000055 ], [ 36.21529522700007, 35.462502071000074 ], [ 36.215263307000043, 35.459455546000072 ], [ 36.219156195000039, 35.45635933300008 ], [ 36.219355187000076, 35.454307564000032 ], [ 36.209244797000053, 35.447758475000057 ], [ 36.207852174000038, 35.443114587000025 ], [ 36.209750599000074, 35.442250676000072 ], [ 36.207863303000067, 35.440609421000033 ], [ 36.210107063000066, 35.435037388000069 ], [ 36.206276630000048, 35.426797458000067 ], [ 36.205546261000052, 35.419027264000079 ], [ 36.208148797000035, 35.410135153000056 ], [ 36.212590663000071, 35.404793168000026 ], [ 36.215069368000059, 35.397306034000053 ], [ 36.234184209000034, 35.375232003000065 ], [ 36.227025555000068, 35.359966935000045 ], [ 36.229597822000073, 35.350389757000073 ], [ 36.237356252000041, 35.33994326800007 ], [ 36.236263798000039, 35.338142625000046 ], [ 36.237812648000045, 35.335182728000063 ], [ 36.23074054600005, 35.334411411000076 ], [ 36.230279455000073, 35.325391661000026 ], [ 36.237631067000052, 35.307655325000042 ], [ 36.234298430000024, 35.298349094000059 ], [ 36.235304509000059, 35.28872846400003 ], [ 36.232034752000061, 35.281434391000062 ], [ 36.23203475300005, 35.273322878000045 ], [ 36.22642135600006, 35.253991728000074 ], [ 36.236469615000033, 35.250941062000038 ], [ 36.244060864000062, 35.243802815000038 ], [ 36.244001138000044, 35.230508937000025 ], [ 36.248199731000057, 35.220180489000029 ], [ 36.25504393600005, 35.211931371000048 ], [ 36.25479963500004, 35.203826495000044 ], [ 36.269242679000058, 35.198009952000064 ], [ 36.283270736000077, 35.189774689000046 ], [ 36.300713741000038, 35.189896938000061 ], [ 36.298961224000038, 35.193309470000031 ], [ 36.304017006000038, 35.200784028000044 ], [ 36.319181706000052, 35.215770614000064 ], [ 36.32866892100003, 35.219345932000067 ], [ 36.329519982000079, 35.224676578000071 ], [ 36.332406278000065, 35.226570627000058 ], [ 36.346971882000048, 35.228842298000075 ], [ 36.350107030000061, 35.228016633000038 ], [ 36.35347241900007, 35.230965010000034 ], [ 36.362375748000034, 35.231878954000024 ], [ 36.395666839000057, 35.242425852000054 ], [ 36.418588273000069, 35.246268397000051 ], [ 36.418575185000066, 35.267764211000042 ], [ 36.42040872900003, 35.266786954000054 ], [ 36.422738502000072, 35.268828623000047 ], [ 36.423980692000043, 35.266894047000051 ], [ 36.425410556000031, 35.268819935000067 ], [ 36.426510378000046, 35.26736177500004 ], [ 36.42907406300003, 35.268122719000075 ], [ 36.433864591000031, 35.266150062000065 ], [ 36.437353039000072, 35.269849798000052 ], [ 36.43870032500007, 35.263785966000057 ], [ 36.44131229900006, 35.264335217000053 ], [ 36.440066340000044, 35.267590713000061 ], [ 36.443140851000067, 35.267598204000024 ], [ 36.446363825000049, 35.265427637000073 ], [ 36.449248928000031, 35.270734416000039 ], [ 36.449399485000072, 35.26737167400006 ], [ 36.453230517000065, 35.267053204000035 ], [ 36.451998327000069, 35.269397703000038 ], [ 36.453605836000065, 35.270942237000042 ], [ 36.454428900000039, 35.267720366000049 ], [ 36.458851093000078, 35.268413013000043 ], [ 36.456416828000044, 35.271787522000068 ], [ 36.456615689000046, 35.27407979700007 ], [ 36.459119268000052, 35.275569817000076 ], [ 36.458511849000047, 35.271304771000075 ], [ 36.460334449000072, 35.26952078000005 ], [ 36.463228540000046, 35.26931109800006 ], [ 36.459917817000076, 35.271093744000041 ], [ 36.463601415000028, 35.275800141000047 ], [ 36.463944195000067, 35.277895306000062 ], [ 36.462002654000059, 35.278663387000051 ], [ 36.464445572000045, 35.28322894300004 ], [ 36.465741681000054, 35.295565103000058 ], [ 36.439930385000025, 35.297247389000063 ], [ 36.447236159000056, 35.300862132000077 ], [ 36.450455114000079, 35.306485725000073 ], [ 36.452799389000063, 35.315394801000025 ], [ 36.451887140000053, 35.317264538000074 ], [ 36.460833548000039, 35.315819787000066 ], [ 36.46950019500008, 35.334374548000028 ], [ 36.472011954000038, 35.347171109000044 ], [ 36.470926767000037, 35.362597115000028 ], [ 36.469841471000052, 35.364274303000059 ], [ 36.455312591000052, 35.363851085000078 ], [ 36.45526704200006, 35.365557456000033 ], [ 36.458710974000041, 35.372675856000058 ], [ 36.465185887000075, 35.374914171000057 ], [ 36.466579779000028, 35.379435424000064 ], [ 36.470790501000067, 35.382867178000026 ], [ 36.471328209000035, 35.390936854000074 ], [ 36.473151508000058, 35.391853683000079 ], [ 36.470607586000028, 35.41184164200007 ], [ 36.500240967000025, 35.417315117000044 ], [ 36.502690879000056, 35.412515562000067 ], [ 36.501774387000069, 35.409304862000056 ], [ 36.503330862000041, 35.40473481500004 ], [ 36.500325234000059, 35.40226191000005 ], [ 36.501018240000064, 35.399925030000077 ], [ 36.499043430000029, 35.396538219000035 ], [ 36.505068274000052, 35.397290585000064 ], [ 36.509491049000076, 35.388495968000029 ], [ 36.522474926000029, 35.385336982000069 ], [ 36.528204405000054, 35.387002297000038 ], [ 36.515985500000056, 35.400056297000049 ], [ 36.511633690000053, 35.40843273400003 ], [ 36.516450626000051, 35.411296243000038 ], [ 36.517133968000053, 35.416030885000055 ], [ 36.52580366400008, 35.432371580000051 ], [ 36.525223508000067, 35.434406620000061 ], [ 36.522875738000039, 35.434373447000041 ], [ 36.508407684000076, 35.442661223000073 ], [ 36.506657245000042, 35.453614452000068 ], [ 36.496398408000061, 35.455189515000029 ], [ 36.475045775000069, 35.463337796000076 ], [ 36.477068787000064, 35.469073141000024 ], [ 36.474125556000047, 35.475630401000046 ], [ 36.46545179900005, 35.475402354000039 ], [ 36.456787405000057, 35.47725738400004 ], [ 36.458936076000043, 35.488445852000041 ], [ 36.458587468000076, 35.506446954000069 ], [ 36.457238547000031, 35.508215727000049 ], [ 36.451122265000038, 35.509507597000038 ], [ 36.446213890000024, 35.516552157000035 ], [ 36.449281371000041, 35.52529985700005 ], [ 36.444919261000052, 35.534667594000041 ], [ 36.442810999000073, 35.534799652000061 ], [ 36.43534253200005, 35.53008668800004 ], [ 36.429996145000075, 35.529992891000063 ], [ 36.427276053000071, 35.534495112000059 ], [ 36.425118739000027, 35.535339279000027 ], [ 36.408292804000041, 35.53561865100005 ], [ 36.396586041000035, 35.53775188000003 ], [ 36.393800808000037, 35.540011168000035 ], [ 36.392355337000026, 35.55946534900005 ], [ 36.396511693000036, 35.569484858000067 ], [ 36.393998752000073, 35.579729388000032 ], [ 36.398799949000079, 35.583628297000075 ], [ 36.399724728000024, 35.592580528000042 ], [ 36.401872032000028, 35.596314235000079 ], [ 36.407649375000062, 35.596651272000031 ], [ 36.405497857000057, 35.606006993000051 ], [ 36.396820238000032, 35.607161404000067 ], [ 36.39529850200006, 35.612120293000032 ], [ 36.397277658000064, 35.637752575000036 ], [ 36.395822341000041, 35.64703023800007 ], [ 36.396585160000029, 35.651981600000056 ], [ 36.402143265000063, 35.662148617000071 ], [ 36.400667444000078, 35.66915139300005 ], [ 36.396535761000052, 35.670242335000069 ], [ 36.389846962000036, 35.669381610000073 ], [ 36.386824731000047, 35.670232823000049 ], [ 36.386128296000038, 35.672968582000067 ], [ 36.387276751000059, 35.674900345000026 ], [ 36.406010526000046, 35.67605896300006 ], [ 36.410986004000051, 35.69119814000004 ], [ 36.410180279000031, 35.705156288000069 ], [ 36.393934505000061, 35.72078663800005 ], [ 36.393771629000071, 35.722900664000065 ] ] ] } },
{ "type": "Feature", "properties": { "shapeName": "As-Salamiyeh", "shapeISO": "", "shapeID": "27442178B43082534172912", "shapeGroup": "SYR", "shapeType": "ADM2" }, "geometry": { "type": "Polygon", "coordinates": [ [ [ 37.940116540000076, 35.434372060000044 ], [ 37.87548636300005, 35.440128593000054 ], [ 37.807820503000073, 35.44278563000006 ], [ 37.785855669000057, 35.480515546000049 ], [ 37.732006399000056, 35.480515546000049 ], [ 37.732892078000077, 35.462979106000034 ], [ 37.599154580000061, 35.461030613000048 ], [ 37.498795824000069, 35.472932515000025 ], [ 37.491676189000032, 35.456840483000065 ], [ 37.46640940900005, 35.442728370000054 ], [ 37.464729141000078, 35.450164814000061 ], [ 37.459900833000063, 35.455394831000035 ], [ 37.443359239000074, 35.459708073000058 ], [ 37.419920213000069, 35.474578768000072 ], [ 37.39938255800007, 35.482051843000079 ], [ 37.369128217000025, 35.478402254000059 ], [ 37.368538551000029, 35.475468994000039 ], [ 37.373468741000067, 35.475166984000055 ], [ 37.369639767000024, 35.461777901000062 ], [ 37.362920049000024, 35.451380007000068 ], [ 37.367731740000067, 35.430912827000043 ], [ 37.382211643000062, 35.417355388000033 ], [ 37.382171645000028, 35.375423665000028 ], [ 37.368411389000073, 35.369726098000058 ], [ 37.359756513000036, 35.351587018000032 ], [ 37.359197835000032, 35.345730373000038 ], [ 37.361800233000054, 35.34417617500003 ], [ 37.357116998000038, 35.343034268000054 ], [ 37.351383502000033, 35.323324743000057 ], [ 37.349400071000048, 35.323293634000038 ], [ 37.34094075400003, 35.335262207000028 ], [ 37.322753869000053, 35.308407970000076 ], [ 37.312643206000075, 35.303825381000024 ], [ 37.313619020000033, 35.284671610000032 ], [ 37.304368379000039, 35.284882235000055 ], [ 37.298450029000037, 35.291190612000037 ], [ 37.29827755000008, 35.297149468000043 ], [ 37.294972992000055, 35.302075225000067 ], [ 37.292477969000061, 35.302699994000079 ], [ 37.284216068000035, 35.299946615000067 ], [ 37.273976707000031, 35.306334015000061 ], [ 37.259412220000058, 35.306000568000059 ], [ 37.253510149000078, 35.300628578000044 ], [ 37.250046111000074, 35.30007690900004 ], [ 37.250460175000057, 35.297806110000067 ], [ 37.246496176000051, 35.295269856000061 ], [ 37.23825856600007, 35.301357503000077 ], [ 37.238017840000055, 35.30437734700007 ], [ 37.214496343000064, 35.300868139000045 ], [ 37.21517693800007, 35.299251794000043 ], [ 37.202397928000039, 35.297937850000039 ], [ 37.198047177000035, 35.295745773000078 ], [ 37.190437859000042, 35.301101090000031 ], [ 37.181837979000079, 35.304275625000059 ], [ 37.16954975200008, 35.297911917000079 ], [ 37.169601749000037, 35.294752821000031 ], [ 37.166661356000077, 35.292894825000076 ], [ 37.162677708000047, 35.29415079100005 ], [ 37.14611001600008, 35.292478969000058 ], [ 37.156695004000028, 35.261079276000032 ], [ 37.166897478000067, 35.254899953000063 ], [ 37.154683873000067, 35.251275288000045 ], [ 37.143722482000044, 35.250282927000057 ], [ 37.137889503000054, 35.253703784000038 ], [ 37.128526481000051, 35.255331311000077 ], [ 37.125104792000059, 35.252434185000027 ], [ 37.119797321000078, 35.251545229000044 ], [ 37.117661382000051, 35.249660553000069 ], [ 37.118136467000056, 35.247333707000053 ], [ 37.12199928900003, 35.245319745000074 ], [ 37.124043141000072, 35.241546319000065 ], [ 37.120966878000047, 35.230563380000035 ], [ 37.117716855000026, 35.226742109000043 ], [ 37.106268721000049, 35.229126498000028 ], [ 37.099190500000077, 35.228533437000067 ], [ 37.076000430000079, 35.236146796000071 ], [ 37.057127243000025, 35.245952811000052 ], [ 37.047768542000028, 35.248083542000074 ], [ 37.039147720000074, 35.24711261300007 ], [ 37.039897790000055, 35.242901851000056 ], [ 37.019507554000029, 35.240472865000072 ], [ 37.017986346000043, 35.244494786000075 ], [ 37.016011732000038, 35.244630115000064 ], [ 36.99381353900003, 35.24197485600007 ], [ 36.991821087000062, 35.251312504000055 ], [ 36.996629784000049, 35.25203704300003 ], [ 36.996680198000035, 35.255791915000032 ], [ 37.003025637000064, 35.257210734000068 ], [ 37.002748924000059, 35.263091526000039 ], [ 37.006997400000046, 35.263417142000037 ], [ 37.000945351000041, 35.282092291000026 ], [ 36.99591582000005, 35.281289124000068 ], [ 36.992193042000054, 35.299264939000068 ], [ 36.97955306800003, 35.298945376000063 ], [ 36.976979870000036, 35.301480782000056 ], [ 36.97515018100006, 35.312643077000075 ], [ 36.97235426900005, 35.314055789000065 ], [ 36.931896194000046, 35.307671843000037 ], [ 36.932598831000064, 35.30399370400005 ], [ 36.939833458000066, 35.303926714000056 ], [ 36.941488710000044, 35.295368807000045 ], [ 36.893214446000059, 35.292646990000037 ], [ 36.891817739000032, 35.293641387000037 ], [ 36.889550720000045, 35.284383139000056 ], [ 36.89166730900007, 35.277587005000044 ], [ 36.885656647000076, 35.278137424000079 ], [ 36.883914493000077, 35.272959867000054 ], [ 36.885888388000069, 35.26352145900006 ], [ 36.89084899900007, 35.259652060000064 ], [ 36.886037928000064, 35.251308937000033 ], [ 36.888897157000031, 35.235692123000035 ], [ 36.894610842000077, 35.235996574000069 ], [ 36.890326601000027, 35.226871938000045 ], [ 36.888375095000072, 35.226890997000055 ], [ 36.885577406000039, 35.22290694700007 ], [ 36.89078685800007, 35.211735420000025 ], [ 36.899637779000045, 35.211988817000076 ], [ 36.903023806000078, 35.210120508000045 ], [ 36.903824690000079, 35.188170958000057 ], [ 36.906160513000032, 35.187028783000073 ], [ 36.923048682000058, 35.188566324000078 ], [ 36.923888958000077, 35.184451802000069 ], [ 36.929360314000064, 35.186074882000071 ], [ 36.947014291000073, 35.18625436800005 ], [ 36.94835914500004, 35.180805927000051 ], [ 36.948073959000055, 35.178515792000042 ], [ 36.915126271000076, 35.17720750400008 ], [ 36.903448645000026, 35.174519325000063 ], [ 36.904852331000029, 35.167779984000049 ], [ 36.897022600000071, 35.163891583000066 ], [ 36.893555040000024, 35.160461436000048 ], [ 36.896549408000055, 35.145196660000067 ], [ 36.901924744000041, 35.143234515000074 ], [ 36.908591687000069, 35.14599667300007 ], [ 36.919449378000024, 35.145067486000073 ], [ 36.916479202000062, 35.137961640000071 ], [ 36.916948279000053, 35.132054784000047 ], [ 36.914355503000024, 35.129717932000062 ], [ 36.914520994000043, 35.122897335000062 ], [ 36.913310800000033, 35.120358389000046 ], [ 36.907924751000053, 35.118924390000075 ], [ 36.910840436000058, 35.114669191000075 ], [ 36.914479587000073, 35.096008031000054 ], [ 36.889836025000079, 35.103189697000062 ], [ 36.874872426000024, 35.101728403000038 ], [ 36.872972781000044, 35.099619154000038 ], [ 36.875386705000039, 35.084540212000036 ], [ 36.881088405000071, 35.085554538000054 ], [ 36.888765639000042, 35.072313125000051 ], [ 36.886057575000052, 35.070104180000044 ], [ 36.879179552000039, 35.070404994000057 ], [ 36.876160021000032, 35.06923190100008 ], [ 36.875719637000032, 35.063723528000025 ], [ 36.872398689000079, 35.062177807000069 ], [ 36.877103914000031, 35.057616899000038 ], [ 36.876685221000059, 35.054140870000026 ], [ 36.887597157000073, 35.051599617000079 ], [ 36.907607425000037, 35.029215393000072 ], [ 36.901745005000066, 35.02815262200005 ], [ 36.903665502000024, 35.023696233000067 ], [ 36.905645403000051, 35.022860751000053 ], [ 36.905297904000065, 35.020035636000046 ], [ 36.908898253000075, 35.019496631000038 ], [ 36.907378077000033, 35.016294834000064 ], [ 36.90993579600007, 35.006287002000079 ], [ 36.904584521000061, 35.004546212000037 ], [ 36.904006632000062, 35.001592219000031 ], [ 36.904376933000037, 34.999087357000064 ], [ 36.909150665000027, 34.995594398000037 ], [ 36.910501716000056, 34.989999065000063 ], [ 36.908894327000041, 34.977606540000068 ], [ 36.913123017000032, 34.975710265000032 ], [ 36.915140010000073, 34.972012445000075 ], [ 36.926028077000069, 34.964181001000043 ], [ 36.939848944000062, 34.950070054000037 ], [ 36.943692592000048, 34.940841626000065 ], [ 36.957796080000037, 34.927818039000044 ], [ 36.970519344000024, 34.927352094000071 ], [ 36.970768634000081, 34.925383995000061 ], [ 36.976109858000029, 34.911758238000061 ], [ 36.970216285000049, 34.88341534500006 ], [ 36.986564890000068, 34.87503767000004 ], [ 36.993663897000033, 34.866976926000063 ], [ 36.995428581000056, 34.863372945000037 ], [ 37.01470456800007, 34.865289189000066 ], [ 37.058487939000031, 34.894619520000049 ], [ 37.08119410900008, 34.906355126000051 ], [ 37.090538941000034, 34.90960803300004 ], [ 37.101408330000027, 34.911049891000062 ], [ 37.111358987000074, 34.908801543000038 ], [ 37.113796188000038, 34.91317833100004 ], [ 37.130338539000036, 34.918106527000077 ], [ 37.148235109000041, 34.918489782000051 ], [ 37.152267258000052, 34.910285489000046 ], [ 37.157642463000059, 34.908439236000049 ], [ 37.172305247000054, 34.920917413000041 ], [ 37.17678288500008, 34.932835688000068 ], [ 37.180404520000025, 34.932673004000037 ], [ 37.186204388000078, 34.937339974000054 ], [ 37.190858835000029, 34.938176666000061 ], [ 37.207300418000045, 34.932583765000061 ], [ 37.215608306000036, 34.935898892000068 ], [ 37.221858466000072, 34.934084529000074 ], [ 37.229665121000039, 34.92641291700005 ], [ 37.234760019000078, 34.912074136000058 ], [ 37.255716537000069, 34.920017635000079 ], [ 37.282742969000026, 34.914243280000051 ], [ 37.290470599000059, 34.936443901000075 ], [ 37.307674628000029, 34.940146139000035 ], [ 37.304214451000064, 34.944306803000075 ], [ 37.302806338000039, 34.949168342000064 ], [ 37.303885663000074, 34.954294751000077 ], [ 37.310066334000055, 34.958413088000043 ], [ 37.327469611000026, 34.959650112000077 ], [ 37.327932345000079, 34.96240460000007 ], [ 37.336648250000053, 34.972776992000036 ], [ 37.35217519400004, 34.977262933000077 ], [ 37.383807307000041, 34.974905300000046 ], [ 37.386411667000061, 34.979764939000063 ], [ 37.38882637100005, 34.977903366000078 ], [ 37.404916554000067, 34.973302971000066 ], [ 37.420550223000077, 34.976530865000029 ], [ 37.433694839000054, 34.97371101400006 ], [ 37.440355301000068, 34.974672318000046 ], [ 37.471670151000069, 34.973062515000038 ], [ 37.49229986000006, 34.967463211000052 ], [ 37.496366501000068, 34.963476181000033 ], [ 37.495291398000063, 34.961174314000061 ], [ 37.498590469000078, 34.953428268000039 ], [ 37.52182960500005, 34.953580856000031 ], [ 37.54414212100005, 34.936758843000064 ], [ 37.584466744000053, 34.954294351000044 ], [ 37.641530991000025, 34.970781327000054 ], [ 37.688865084000042, 35.03003613900006 ], [ 37.70275306700006, 35.060590744000024 ], [ 37.712522506000028, 35.09133720400007 ], [ 37.751799806000065, 35.098867742000039 ], [ 37.76679039000004, 35.099397659000033 ], [ 37.787674770000081, 35.103601473000026 ], [ 37.807046890000038, 35.104433060000076 ], [ 37.838651657000071, 35.080236435000074 ], [ 37.85421180700007, 35.071306229000072 ], [ 37.868238450000035, 35.067892074000042 ], [ 37.886487961000057, 35.059473038000078 ], [ 37.904631367000036, 35.038998291000041 ], [ 37.909925461000057, 35.00399589500006 ], [ 37.917795181000031, 34.988470077000045 ], [ 37.922430038000073, 34.988214493000044 ], [ 37.954866410000079, 34.973398208000049 ], [ 37.998067855000045, 34.941987991000076 ], [ 38.012609482000073, 34.929738998000062 ], [ 38.046331405000046, 34.890184402000045 ], [ 38.057264328000031, 34.881956101000071 ], [ 38.067335129000071, 34.88805198600005 ], [ 38.090097427000046, 34.90785408000005 ], [ 38.099721909000039, 34.922323227000049 ], [ 38.106279373000064, 34.938306809000039 ], [ 38.134271622000028, 34.983987808000052 ], [ 38.160757065000041, 35.005506516000025 ], [ 38.178274154000064, 35.013509751000072 ], [ 38.250539780000054, 35.037912369000026 ], [ 38.270082474000048, 35.042352676000064 ], [ 38.329603195000061, 35.061891555000045 ], [ 38.348859787000038, 35.07964897200003 ], [ 38.349729538000076, 35.084978104000072 ], [ 38.340410232000067, 35.089506150000034 ], [ 38.329046249000044, 35.101240158000053 ], [ 38.322305680000056, 35.123579025000026 ], [ 38.33017540000003, 35.139947891000077 ], [ 38.338926315000037, 35.154790878000028 ], [ 38.379209518000039, 35.176130295000064 ], [ 38.398168564000059, 35.189859390000038 ], [ 38.426256180000053, 35.227720261000059 ], [ 38.434125900000026, 35.244089127000052 ], [ 38.450017929000069, 35.293882370000063 ], [ 38.442537308000055, 35.396608352000044 ], [ 38.316751980000049, 35.39538217300003 ], [ 38.225955016000057, 35.380943697000077 ], [ 38.175908608000043, 35.385127941000064 ], [ 38.04837086200007, 35.417100945000072 ], [ 37.965294192000044, 35.432157485000062 ], [ 37.940116540000076, 35.434372060000044 ] ] ] } },
{ "type": "Feature", "properties": { "shapeName": "Masyaf", "shapeISO": "", "shapeID": "27442178B31990643139600", "shapeGroup": "SYR", "shapeType": "ADM2" }, "geometry": { "type": "Polygon", "coordinates": [ [ [ 36.460649329000034, 34.920046961000025 ], [ 36.443420084000024, 34.92151947800005 ], [ 36.435993336000024, 34.925634763000062 ], [ 36.434149338000054, 34.933019743000045 ], [ 36.435458920000031, 34.933738127000026 ], [ 36.434909134000065, 34.93930186700004 ], [ 36.444241049000027, 34.941612743000064 ], [ 36.440356634000068, 34.949876192000033 ], [ 36.438670331000026, 34.953203984000027 ], [ 36.434608678000075, 34.954308649000041 ], [ 36.431152148000024, 34.958333467000045 ], [ 36.432509029000073, 34.95862025100007 ], [ 36.421616206000067, 34.967259295000076 ], [ 36.419070684000076, 34.967496608000033 ], [ 36.416381499000067, 34.965565482000045 ], [ 36.413532646000078, 34.96629691000004 ], [ 36.413753016000044, 34.969680225000047 ], [ 36.426382987000068, 34.971988945000078 ], [ 36.427726335000045, 34.97464036100007 ], [ 36.432301064000058, 34.975058792000027 ], [ 36.434540063000043, 34.97178735600005 ], [ 36.439054896000073, 34.972530499000072 ], [ 36.44708892400007, 34.978728918000058 ], [ 36.448332760000028, 34.982756785000049 ], [ 36.45351419900004, 34.985758255000064 ], [ 36.472071523000068, 34.989120798000044 ], [ 36.472789238000075, 34.993578090000028 ], [ 36.471823721000078, 34.99481141800004 ], [ 36.469465295000077, 34.994162666000079 ], [ 36.470402582000077, 34.998980824000057 ], [ 36.468273599000042, 35.005455945000051 ], [ 36.476620454000056, 35.010603451000065 ], [ 36.481124305000037, 35.010651516000053 ], [ 36.482431151000071, 35.021000063000031 ], [ 36.46660888100007, 35.01519896800005 ], [ 36.454654948000041, 35.019522591000054 ], [ 36.455947428000059, 35.024682005000045 ], [ 36.459789793000027, 35.027596481000046 ], [ 36.461081787000069, 35.034917051000036 ], [ 36.450985827000068, 35.039921357000026 ], [ 36.441213852000033, 35.040063836000058 ], [ 36.439201677000028, 35.043356494000079 ], [ 36.440896513000041, 35.046097768000038 ], [ 36.454215278000049, 35.049554967000063 ], [ 36.462543467000046, 35.04916761000004 ], [ 36.472227408000037, 35.053525383000078 ], [ 36.47794093300007, 35.052363310000032 ], [ 36.479616528000065, 35.048712755000054 ], [ 36.484719692000056, 35.049167609000051 ], [ 36.489159700000073, 35.047733926000035 ], [ 36.498994075000041, 35.054944441000032 ], [ 36.502317877000053, 35.055845577000071 ], [ 36.503372075000073, 35.060300400000074 ], [ 36.505695052000078, 35.061491596000053 ], [ 36.515587340000025, 35.061760503000073 ], [ 36.527622559000065, 35.059513098000025 ], [ 36.537310596000054, 35.078545513000051 ], [ 36.533722970000042, 35.079395620000071 ], [ 36.529124659000047, 35.085067225000046 ], [ 36.523205210000071, 35.099107144000072 ], [ 36.518815362000055, 35.10183655700007 ], [ 36.514630091000072, 35.101965366000059 ], [ 36.508452021000039, 35.106719724000072 ], [ 36.509533642000065, 35.108853019000037 ], [ 36.518008097000063, 35.110462248000033 ], [ 36.51710358400004, 35.112015239000073 ], [ 36.499538638000047, 35.11598358100008 ], [ 36.496754251000027, 35.117786774000024 ], [ 36.49733827600005, 35.119232342000032 ], [ 36.494028160000028, 35.12078744400003 ], [ 36.497797240000068, 35.126299705000065 ], [ 36.498489737000057, 35.134327618000043 ], [ 36.49477378000006, 35.141852881000034 ], [ 36.488120639000044, 35.139667517000078 ], [ 36.473485186000062, 35.140961838000067 ], [ 36.474895660000072, 35.144764002000045 ], [ 36.476944805000073, 35.144023367000045 ], [ 36.480005950000077, 35.145418323000058 ], [ 36.485448700000063, 35.150261228000033 ], [ 36.492615644000068, 35.150083373000029 ], [ 36.493843435000031, 35.152237049000064 ], [ 36.499156775000074, 35.15462830000007 ], [ 36.503194540000038, 35.163545864000071 ], [ 36.507137501000045, 35.165989250000052 ], [ 36.506022804000054, 35.176405007000028 ], [ 36.507449162000057, 35.176596218000043 ], [ 36.507158321000077, 35.179341081000075 ], [ 36.50154094100003, 35.180539820000035 ], [ 36.499165620000042, 35.183972794000056 ], [ 36.500949453000032, 35.19548648500006 ], [ 36.494078724000076, 35.231017977000079 ], [ 36.448790220000035, 35.22471781400003 ], [ 36.438924925000038, 35.226664905000064 ], [ 36.437348449000069, 35.230326244000025 ], [ 36.418588273000069, 35.246268397000051 ], [ 36.395666839000057, 35.242425852000054 ], [ 36.362375748000034, 35.231878954000024 ], [ 36.35347241900007, 35.230965010000034 ], [ 36.350107030000061, 35.228016633000038 ], [ 36.346971882000048, 35.228842298000075 ], [ 36.332406278000065, 35.226570627000058 ], [ 36.329519982000079, 35.224676578000071 ], [ 36.32866892100003, 35.219345932000067 ], [ 36.319181706000052, 35.215770614000064 ], [ 36.304017006000038, 35.200784028000044 ], [ 36.298961224000038, 35.193309470000031 ], [ 36.300713741000038, 35.189896938000061 ], [ 36.283270736000077, 35.189774689000046 ], [ 36.269242679000058, 35.198009952000064 ], [ 36.25479963500004, 35.203826495000044 ], [ 36.253676211000027, 35.196732789000066 ], [ 36.25544758500007, 35.182754690000024 ], [ 36.262663466000049, 35.158385610000039 ], [ 36.266212264000046, 35.152453569000045 ], [ 36.266338626000049, 35.13947672900008 ], [ 36.272867190000056, 35.127290655000024 ], [ 36.268937640000047, 35.116306422000036 ], [ 36.272308427000041, 35.109585504000052 ], [ 36.264414664000071, 35.100831037000034 ], [ 36.264424932000054, 35.083447879000062 ], [ 36.248996454000064, 35.078528779000067 ], [ 36.247533176000047, 35.074507092000033 ], [ 36.248567411000067, 35.070028225000044 ], [ 36.254084939000052, 35.066560041000059 ], [ 36.241616549000071, 35.028564472000028 ], [ 36.237630632000048, 35.026467799000045 ], [ 36.19994562200003, 35.023935037000058 ], [ 36.183009430000027, 35.011995915000057 ], [ 36.159282874000041, 35.005160312000044 ], [ 36.157012130000055, 35.003557780000051 ], [ 36.154436511000029, 34.997389170000076 ], [ 36.149994464000031, 34.982780064000053 ], [ 36.147731796000073, 34.980705690000036 ], [ 36.137041663000048, 34.978679575000058 ], [ 36.137500398000043, 34.974364793000063 ], [ 36.137726455000063, 34.972238527000059 ], [ 36.14556873500004, 34.972811956000044 ], [ 36.173138360000053, 34.984495394000078 ], [ 36.187274992000027, 34.98656610900008 ], [ 36.198997865000024, 34.984200773000055 ], [ 36.210852816000056, 34.979713396000079 ], [ 36.238068407000071, 34.977479759000062 ], [ 36.261390021000068, 34.958657931000062 ], [ 36.269032419000041, 34.948531363000029 ], [ 36.270054057000038, 34.93359967400005 ], [ 36.267518195000036, 34.925367038000047 ], [ 36.265164455000047, 34.922760332000053 ], [ 36.265992262000054, 34.919152803000031 ], [ 36.27768552100008, 34.918517547000079 ], [ 36.283691151000028, 34.914505077000058 ], [ 36.29758759300006, 34.918035855000028 ], [ 36.298327535000055, 34.915942641000072 ], [ 36.301794075000032, 34.915904500000067 ], [ 36.29963551600008, 34.907690141000046 ], [ 36.306660398000076, 34.905860798000049 ], [ 36.310556879000046, 34.899802401000045 ], [ 36.31466445500007, 34.89833875100004 ], [ 36.314512646000026, 34.895896046000075 ], [ 36.316622177000056, 34.896121764000043 ], [ 36.317239642000061, 34.897682102000033 ], [ 36.317662171000052, 34.894716423000034 ], [ 36.319999157000041, 34.89370133500006 ], [ 36.32456393800004, 34.895736638000074 ], [ 36.32505528300004, 34.893984817000046 ], [ 36.322059301000024, 34.891131160000043 ], [ 36.321011785000053, 34.886437439000076 ], [ 36.32499284000005, 34.885188713000048 ], [ 36.328346864000025, 34.889744138000026 ], [ 36.330531984000061, 34.889587432000042 ], [ 36.330131526000059, 34.886056881000059 ], [ 36.33231033900006, 34.885937031000026 ], [ 36.339790753000045, 34.874363689000063 ], [ 36.337412828000026, 34.867819639000061 ], [ 36.338447218000056, 34.863214602000028 ], [ 36.341015384000059, 34.861932597000077 ], [ 36.342719616000068, 34.856804929000077 ], [ 36.349027655000043, 34.85655016000004 ], [ 36.353160090000074, 34.858040063000033 ], [ 36.358895665000034, 34.863261417000047 ], [ 36.360693641000069, 34.869464107000056 ], [ 36.36572523600006, 34.874966799000049 ], [ 36.381165619000058, 34.866641768000079 ], [ 36.381313696000063, 34.857099564000066 ], [ 36.383681913000032, 34.854859220000037 ], [ 36.394272791000049, 34.85866591100006 ], [ 36.397570769000026, 34.858832187000075 ], [ 36.399304177000033, 34.857375624000042 ], [ 36.407272688000035, 34.862190179000038 ], [ 36.41235275300005, 34.867507390000071 ], [ 36.419790566000074, 34.869141193000075 ], [ 36.424651355000037, 34.873109469000042 ], [ 36.427410733000045, 34.872678339000061 ], [ 36.42793763800006, 34.87070895800008 ], [ 36.435388225000054, 34.872796434000065 ], [ 36.438422012000046, 34.872086866000075 ], [ 36.44446281300003, 34.875483603000077 ], [ 36.453834212000061, 34.877528314000074 ], [ 36.463676709000026, 34.882838794000065 ], [ 36.466471684000055, 34.882339681000076 ], [ 36.467368920000069, 34.896140926000044 ], [ 36.467072576000078, 34.897946568000066 ], [ 36.463284175000069, 34.899340172000052 ], [ 36.460863997000047, 34.909650782000028 ], [ 36.460649329000034, 34.920046961000025 ] ] ] } },
{ "type": "Feature", "properties": { "shapeName": "Muhradah", "shapeISO": "", "shapeID": "27442178B78133098408237", "shapeGroup": "SYR", "shapeType": "ADM2" }, "geometry": { "type": "Polygon", "coordinates": [ [ [ 36.650976798000045, 35.379899537000028 ], [ 36.641663980000033, 35.379164239000033 ], [ 36.63886625300006, 35.377440934000049 ], [ 36.639518922000036, 35.395381254000029 ], [ 36.624942057000055, 35.401358172000073 ], [ 36.59566129600006, 35.404334903000063 ], [ 36.587509327000078, 35.403409620000048 ], [ 36.589466039000058, 35.416669806000073 ], [ 36.585154627000065, 35.421078469000065 ], [ 36.58121649900005, 35.418596480000076 ], [ 36.56637435600004, 35.414835563000054 ], [ 36.554867908000062, 35.409093467000048 ], [ 36.548954786000024, 35.408371405000025 ], [ 36.532416702000035, 35.410053262000076 ], [ 36.518726067000046, 35.408327390000068 ], [ 36.516450626000051, 35.411296243000038 ], [ 36.511633690000053, 35.40843273400003 ], [ 36.515985500000056, 35.400056297000049 ], [ 36.528204405000054, 35.387002297000038 ], [ 36.522474926000029, 35.385336982000069 ], [ 36.509491049000076, 35.388495968000029 ], [ 36.505068274000052, 35.397290585000064 ], [ 36.499043430000029, 35.396538219000035 ], [ 36.501018240000064, 35.399925030000077 ], [ 36.500325234000059, 35.40226191000005 ], [ 36.503330862000041, 35.40473481500004 ], [ 36.501774387000069, 35.409304862000056 ], [ 36.502690879000056, 35.412515562000067 ], [ 36.500240967000025, 35.417315117000044 ], [ 36.470607586000028, 35.41184164200007 ], [ 36.473151508000058, 35.391853683000079 ], [ 36.471328209000035, 35.390936854000074 ], [ 36.470790501000067, 35.382867178000026 ], [ 36.466579779000028, 35.379435424000064 ], [ 36.465185887000075, 35.374914171000057 ], [ 36.458710974000041, 35.372675856000058 ], [ 36.45526704200006, 35.365557456000033 ], [ 36.455312591000052, 35.363851085000078 ], [ 36.469841471000052, 35.364274303000059 ], [ 36.470926767000037, 35.362597115000028 ], [ 36.472011954000038, 35.347171109000044 ], [ 36.46950019500008, 35.334374548000028 ], [ 36.460833548000039, 35.315819787000066 ], [ 36.451887140000053, 35.317264538000074 ], [ 36.452799389000063, 35.315394801000025 ], [ 36.450455114000079, 35.306485725000073 ], [ 36.447236159000056, 35.300862132000077 ], [ 36.439930385000025, 35.297247389000063 ], [ 36.465741681000054, 35.295565103000058 ], [ 36.464445572000045, 35.28322894300004 ], [ 36.462002654000059, 35.278663387000051 ], [ 36.463944195000067, 35.277895306000062 ], [ 36.463601415000028, 35.275800141000047 ], [ 36.459917817000076, 35.271093744000041 ], [ 36.463228540000046, 35.26931109800006 ], [ 36.460334449000072, 35.26952078000005 ], [ 36.458511849000047, 35.271304771000075 ], [ 36.459119268000052, 35.275569817000076 ], [ 36.456615689000046, 35.27407979700007 ], [ 36.456416828000044, 35.271787522000068 ], [ 36.458851093000078, 35.268413013000043 ], [ 36.454428900000039, 35.267720366000049 ], [ 36.453605836000065, 35.270942237000042 ], [ 36.451998327000069, 35.269397703000038 ], [ 36.453230517000065, 35.267053204000035 ], [ 36.449399485000072, 35.26737167400006 ], [ 36.449248928000031, 35.270734416000039 ], [ 36.446363825000049, 35.265427637000073 ], [ 36.443140851000067, 35.267598204000024 ], [ 36.440066340000044, 35.267590713000061 ], [ 36.44131229900006, 35.264335217000053 ], [ 36.43870032500007, 35.263785966000057 ], [ 36.437353039000072, 35.269849798000052 ], [ 36.433864591000031, 35.266150062000065 ], [ 36.42907406300003, 35.268122719000075 ], [ 36.426510378000046, 35.26736177500004 ], [ 36.425410556000031, 35.268819935000067 ], [ 36.423980692000043, 35.266894047000051 ], [ 36.422738502000072, 35.268828623000047 ], [ 36.42040872900003, 35.266786954000054 ], [ 36.418575185000066, 35.267764211000042 ], [ 36.418588273000069, 35.246268397000051 ], [ 36.437348449000069, 35.230326244000025 ], [ 36.438924925000038, 35.226664905000064 ], [ 36.448790220000035, 35.22471781400003 ], [ 36.494078724000076, 35.231017977000079 ], [ 36.500949453000032, 35.19548648500006 ], [ 36.499165620000042, 35.183972794000056 ], [ 36.50154094100003, 35.180539820000035 ], [ 36.507158321000077, 35.179341081000075 ], [ 36.507449162000057, 35.176596218000043 ], [ 36.522256355000025, 35.181386280000027 ], [ 36.526133382000069, 35.18099045200006 ], [ 36.527559408000059, 35.178722827000058 ], [ 36.530769753000072, 35.177591334000056 ], [ 36.536059834000071, 35.177741679000064 ], [ 36.546197993000078, 35.18125892200004 ], [ 36.548473148000028, 35.180431533000046 ], [ 36.549100415000055, 35.182529582000029 ], [ 36.55513269100004, 35.181296198000041 ], [ 36.557655093000051, 35.177667151000037 ], [ 36.562665871000036, 35.177608854000027 ], [ 36.567418544000077, 35.180151266000053 ], [ 36.569409695000047, 35.183687034000059 ], [ 36.577783665000027, 35.185727432000078 ], [ 36.583875400000068, 35.18424421900005 ], [ 36.583378436000032, 35.183212877000074 ], [ 36.587200365000058, 35.182083824000074 ], [ 36.587328344000071, 35.180507461000047 ], [ 36.602593356000057, 35.181421890000024 ], [ 36.602824909000049, 35.176345195000067 ], [ 36.610972448000041, 35.176642278000031 ], [ 36.614592549000065, 35.173955652000075 ], [ 36.616153679000035, 35.166039348000027 ], [ 36.622487026000044, 35.167918048000047 ], [ 36.62582681300006, 35.166033279000033 ], [ 36.626130129000046, 35.163485784000045 ], [ 36.631296487000043, 35.162730024000041 ], [ 36.641718952000076, 35.165543700000057 ], [ 36.658289599000057, 35.159214639000027 ], [ 36.662952296000071, 35.159161432000076 ], [ 36.659964037000066, 35.168680891000065 ], [ 36.662176080000052, 35.172347648000027 ], [ 36.644838158000027, 35.186043750000067 ], [ 36.626248038000028, 35.196760378000079 ], [ 36.629358164000053, 35.200142693000032 ], [ 36.631060480000031, 35.199670135000076 ], [ 36.634508390000065, 35.201974664000033 ], [ 36.635112321000065, 35.205263840000043 ], [ 36.639943610000046, 35.20709006900006 ], [ 36.638681635000069, 35.211873487000048 ], [ 36.641776224000068, 35.213856704000079 ], [ 36.642911334000075, 35.221799016000034 ], [ 36.65073721400006, 35.221104677000028 ], [ 36.650542969000071, 35.224305002000051 ], [ 36.653034023000032, 35.224974646000078 ], [ 36.647785217000035, 35.229759885000078 ], [ 36.652916763000064, 35.230861968000056 ], [ 36.652223968000044, 35.236586514000066 ], [ 36.657900149000056, 35.24928656700007 ], [ 36.657373029000041, 35.250751003000062 ], [ 36.653300716000047, 35.250944876000062 ], [ 36.650076719000026, 35.254152589000057 ], [ 36.650331808000033, 35.258645887000057 ], [ 36.647625690000041, 35.25766432000006 ], [ 36.647159331000069, 35.255896394000047 ], [ 36.645684231000075, 35.25619236700004 ], [ 36.643711072000031, 35.264447873000051 ], [ 36.645772679000061, 35.268763055000079 ], [ 36.637918815000035, 35.270789850000028 ], [ 36.635524418000045, 35.281812339000055 ], [ 36.630639697000049, 35.285249484000076 ], [ 36.630299768000043, 35.292500507000057 ], [ 36.625723396000069, 35.293166710000037 ], [ 36.625939333000076, 35.296576208000033 ], [ 36.636186035000037, 35.29702684800003 ], [ 36.637088946000063, 35.295466804000057 ], [ 36.640465649000078, 35.295176895000054 ], [ 36.642962938000039, 35.299906628000031 ], [ 36.647009362000063, 35.302113279000025 ], [ 36.647782514000028, 35.305554033000078 ], [ 36.654218959000048, 35.306907789000036 ], [ 36.659113021000053, 35.311237220000066 ], [ 36.666302376000033, 35.309590476000039 ], [ 36.665802497000072, 35.311680299000045 ], [ 36.662499666000031, 35.311669768000058 ], [ 36.662061498000071, 35.314232017000052 ], [ 36.664274062000061, 35.317135378000046 ], [ 36.667785424000044, 35.317684146000033 ], [ 36.670301948000031, 35.315571818000024 ], [ 36.672824560000038, 35.316061431000037 ], [ 36.675579192000043, 35.320883945000048 ], [ 36.674996867000061, 35.322614585000053 ], [ 36.67114840000005, 35.323336081000036 ], [ 36.667846067000028, 35.33644152100004 ], [ 36.671884674000069, 35.34068684500005 ], [ 36.677173191000065, 35.342524095000044 ], [ 36.679324315000031, 35.346661992000065 ], [ 36.675901481000039, 35.346375801000079 ], [ 36.674644638000075, 35.349601394000047 ], [ 36.67201514900006, 35.349273847000063 ], [ 36.667698870000038, 35.365025588000037 ], [ 36.665997201000039, 35.378932767000038 ], [ 36.651267454000049, 35.377028143000075 ], [ 36.650976798000045, 35.379899537000028 ] ] ] } },
{ "type": "Feature", "properties": { "shapeName": "Lattakia", "shapeISO": "", "shapeID": "27442178B94813764709421", "shapeGroup": "SYR", "shapeType": "ADM2" }, "geometry": { "type": "Polygon", "coordinates": [ [ [ 36.154840469000078, 35.820180893000042 ], [ 36.14171028100003, 35.846452713000076 ], [ 36.134042739000051, 35.855192185000078 ], [ 36.116449356000032, 35.865510941000025 ], [ 36.096311569000079, 35.868650436000053 ], [ 36.049940109000033, 35.879121780000048 ], [ 36.022562027000049, 35.879762649000043 ], [ 36.018560409000031, 35.881029129000069 ], [ 36.016191483000057, 35.883710861000054 ], [ 36.014822006000031, 35.889871597000024 ], [ 36.021680832000072, 35.908639908000055 ], [ 36.022741318000044, 35.924489975000029 ], [ 36.016149521000045, 35.933950424000045 ], [ 36.008562088000076, 35.940172195000059 ], [ 36.001482010000075, 35.940889359000039 ], [ 35.993650436000053, 35.939310074000048 ], [ 35.950899124000046, 35.921842575000028 ], [ 35.935800553000036, 35.918672561000051 ], [ 35.921720505000053, 35.93049430800005 ], [ 35.910379410000075, 35.925085068000044 ], [ 35.905241013000079, 35.919446945000061 ], [ 35.886720657000069, 35.873533249000047 ], [ 35.880716324000048, 35.868558884000038 ], [ 35.872114182000075, 35.865354538000076 ], [ 35.862306595000064, 35.856847763000076 ], [ 35.854566574000046, 35.853208542000061 ], [ 35.84395027100004, 35.85110282900007 ], [ 35.839330673000063, 35.853971481000031 ], [ 35.833177567000064, 35.85289573700004 ], [ 35.824495315000036, 35.858873367000058 ], [ 35.807996750000029, 35.855924607000077 ], [ 35.804998397000077, 35.853551865000043 ], [ 35.807317734000037, 35.851774216000024 ], [ 35.818254471000046, 35.852975846000049 ], [ 35.820348739000053, 35.849813461000053 ], [ 35.816690445000063, 35.842603684000039 ], [ 35.817193985000074, 35.836877823000066 ], [ 35.825902939000059, 35.830213547000028 ], [ 35.828676224000048, 35.824083328000029 ], [ 35.828325272000029, 35.818792343000041 ], [ 35.838415146000045, 35.805505753000034 ], [ 35.840852737000034, 35.793634414000053 ], [ 35.847402573000068, 35.784383774000048 ], [ 35.847349167000061, 35.77130317700005 ], [ 35.854139328000031, 35.755861282000069 ], [ 35.853040695000061, 35.748029709000036 ], [ 35.843236923000063, 35.739748001000066 ], [ 35.83971977300007, 35.721979141000077 ], [ 35.829038618000027, 35.714818957000034 ], [ 35.825349808000055, 35.708528519000026 ], [ 35.819517136000059, 35.706766129000073 ], [ 35.814020157000073, 35.696527481000032 ], [ 35.809389114000055, 35.692735672000026 ], [ 35.806837082000072, 35.68624305700007 ], [ 35.798822403000031, 35.682821274000048 ], [ 35.790430069000024, 35.681917191000025 ], [ 35.783823013000074, 35.678529739000055 ], [ 35.778150559000039, 35.672868729000072 ], [ 35.774328232000073, 35.662904740000045 ], [ 35.784170151000069, 35.655580521000047 ], [ 35.789762497000027, 35.642179489000057 ], [ 35.790063858000053, 35.634614945000067 ], [ 35.78789329500006, 35.625604629000065 ], [ 35.782270432000075, 35.618803024000044 ], [ 35.78586006200004, 35.61315727300007 ], [ 35.782934189000059, 35.609178543000041 ], [ 35.776300430000049, 35.613595962000034 ], [ 35.773225785000079, 35.613286972000026 ], [ 35.770868302000054, 35.609090805000051 ], [ 35.771947860000068, 35.603151321000041 ], [ 35.769857406000028, 35.599195480000049 ], [ 35.763483047000079, 35.597188950000032 ], [ 35.758661270000061, 35.591321946000051 ], [ 35.75504875200005, 35.590543747000027 ], [ 35.749612808000052, 35.593153 ], [ 35.745435715000042, 35.59235572800003 ], [ 35.739152908000051, 35.588056564000055 ], [ 35.728227616000027, 35.58754158000005 ], [ 35.72723579400008, 35.584295272000077 ], [ 35.729291916000079, 35.582056045000058 ], [ 35.737955093000039, 35.582975388000079 ], [ 35.745950698000058, 35.586397171000044 ], [ 35.749902725000027, 35.585813522000024 ], [ 35.754369736000058, 35.579504013000076 ], [ 35.74387931800004, 35.568208694000077 ], [ 35.743448257000068, 35.564985276000073 ], [ 35.761880875000031, 35.553071976000069 ], [ 35.764055253000038, 35.547845840000036 ], [ 35.778806687000042, 35.54364204400008 ], [ 35.781190872000025, 35.540029526000069 ], [ 35.78326988200007, 35.530210495000063 ], [ 35.779459, 35.520238876000064 ], [ 35.770261765000043, 35.511735916000077 ], [ 35.773237229000074, 35.507452011000055 ], [ 35.777757645000065, 35.506650925000031 ], [ 35.785001755000053, 35.500642776000063 ], [ 35.788110733000053, 35.500032425000029 ], [ 35.797632218000047, 35.507394791000024 ], [ 35.81562825900005, 35.504384383000058 ], [ 35.826689497000075, 35.495516563000024 ], [ 35.866228507000073, 35.473340535000034 ], [ 35.882102542000041, 35.462844602000075 ], [ 35.886822103000043, 35.468517754000061 ], [ 35.902524731000028, 35.459872487000041 ], [ 35.912877612000045, 35.461528747000045 ], [ 35.924342902000035, 35.459583747000067 ], [ 35.928989835000039, 35.47187000100007 ], [ 35.925068187000079, 35.477051412000037 ], [ 35.913771588000031, 35.480383503000041 ], [ 35.913527776000024, 35.484528298000043 ], [ 35.915803350000033, 35.48981088000005 ], [ 35.916992322000056, 35.50045231200005 ], [ 35.924537461000057, 35.509543547000078 ], [ 35.924614127000041, 35.513050444000044 ], [ 35.922979635000047, 35.518323528000053 ], [ 35.914868879000039, 35.52750196900007 ], [ 35.913802091000036, 35.538733595000053 ], [ 35.906711935000033, 35.544572521000077 ], [ 35.905484148000028, 35.548439661000032 ], [ 35.908645426000078, 35.552976337000075 ], [ 35.916625474000057, 35.557828673000074 ], [ 35.926001973000041, 35.56652904300006 ], [ 35.931158075000042, 35.582275054000036 ], [ 35.934718392000036, 35.585055096000076 ], [ 35.941754694000053, 35.586757593000073 ], [ 35.951085194000029, 35.593353824000076 ], [ 35.971802726000078, 35.600568639000073 ], [ 36.004359810000039, 35.619096481000042 ], [ 36.016636922000032, 35.620410075000052 ], [ 36.025092675000053, 35.627012674000071 ], [ 36.024409595000066, 35.635786289000066 ], [ 36.018470370000045, 35.644247426000049 ], [ 36.014802346000067, 35.656550228000071 ], [ 36.015830424000058, 35.663557655000034 ], [ 36.036195755000051, 35.674634934000039 ], [ 36.038434982000069, 35.677072525000028 ], [ 36.039903640000034, 35.684076309000034 ], [ 36.052492142000062, 35.689771652000047 ], [ 36.072828293000043, 35.719438553000032 ], [ 36.074666977000049, 35.723634720000064 ], [ 36.072198867000054, 35.730665207000072 ], [ 36.073186874000044, 35.73592185900003 ], [ 36.084222793000038, 35.740400314000055 ], [ 36.096269608000057, 35.751184463000072 ], [ 36.112695694000024, 35.762289047000024 ], [ 36.125711442000068, 35.777276993000044 ], [ 36.139360428000032, 35.781385422000028 ], [ 36.146467208000047, 35.786245346000044 ], [ 36.149019242000065, 35.790185928000028 ], [ 36.147607804000074, 35.794691086000057 ], [ 36.154840469000078, 35.820180893000042 ] ] ] } },
{ "type": "Feature", "properties": { "shapeName": "Jablah", "shapeISO": "", "shapeID": "27442178B5090378365720", "shapeGroup": "SYR", "shapeType": "ADM2" }, "geometry": { "type": "Polygon", "coordinates": [ [ [ 36.227025555000068, 35.359966935000045 ], [ 36.216118503000075, 35.357551344000058 ], [ 36.204412684000033, 35.357636573000036 ], [ 36.176927075000037, 35.368181915000036 ], [ 36.169265709000058, 35.367471384000055 ], [ 36.148067136000066, 35.359579448000034 ], [ 36.139953107000053, 35.36002168300007 ], [ 36.128326850000064, 35.36374631700005 ], [ 36.126344303000053, 35.37142387800003 ], [ 36.121859750000056, 35.373947045000079 ], [ 36.102062240000066, 35.376010421000046 ], [ 36.099209854000037, 35.378000424000049 ], [ 36.093579538000029, 35.390987692000067 ], [ 36.096628009000028, 35.394698874000028 ], [ 36.095567672000072, 35.397747345000028 ], [ 36.091481978000047, 35.399743905000037 ], [ 36.078334418000054, 35.399456476000069 ], [ 36.06377003800003, 35.410865629000057 ], [ 36.056636710000078, 35.412450191000062 ], [ 36.042759904000036, 35.411593337000056 ], [ 36.033610734000035, 35.408403124000074 ], [ 36.025714661000052, 35.407885880000038 ], [ 36.017969236000056, 35.419724329000076 ], [ 36.013023645000033, 35.423017166000079 ], [ 36.005412528000079, 35.42460520700007 ], [ 35.972675639000045, 35.424460407000026 ], [ 35.962679767000054, 35.426257390000046 ], [ 35.943191040000045, 35.425537185000053 ], [ 35.934377078000068, 35.426750828000024 ], [ 35.921145562000049, 35.433552401000043 ], [ 35.916723821000062, 35.438948782000068 ], [ 35.916421910000054, 35.446997263000071 ], [ 35.917436111000029, 35.449671972000033 ], [ 35.924975835000055, 35.455747576000078 ], [ 35.924342902000035, 35.459583747000067 ], [ 35.912877612000045, 35.461528747000045 ], [ 35.902524731000028, 35.459872487000041 ], [ 35.886822103000043, 35.468517754000061 ], [ 35.882102542000041, 35.462844602000075 ], [ 35.924158592000026, 35.423599177000028 ], [ 35.924836347000053, 35.420632769000065 ], [ 35.920782910000071, 35.416625172000067 ], [ 35.920065866000073, 35.413393555000027 ], [ 35.926224600000069, 35.383932474000062 ], [ 35.927855142000055, 35.370429752000064 ], [ 35.927088984000079, 35.353652848000024 ], [ 35.932291657000064, 35.312234458000034 ], [ 35.927737272000059, 35.284800096000026 ], [ 35.928654042000062, 35.275409744000058 ], [ 35.932219626000062, 35.269758508000052 ], [ 35.944641868000076, 35.273972379000043 ], [ 35.953560737000032, 35.274650134000069 ], [ 35.96320647500005, 35.270757133000075 ], [ 35.967178057000069, 35.261668007000026 ], [ 35.971133267000027, 35.260620269000071 ], [ 35.972036941000056, 35.258803098000044 ], [ 35.970406399000069, 35.257617845000027 ], [ 35.965321596000024, 35.259097775000043 ], [ 35.959375683000076, 35.268596174000038 ], [ 35.955921421000028, 35.271264631000065 ], [ 35.946597267000072, 35.271057180000071 ], [ 35.95274360500008, 35.267563081000048 ], [ 35.954005506000044, 35.26097218700005 ], [ 35.95681550200004, 35.259042114000067 ], [ 35.97063649200004, 35.25717587400004 ], [ 35.975263795000046, 35.244178622000049 ], [ 35.981361289000063, 35.24598799000006 ], [ 35.98547676000004, 35.251704582000059 ], [ 35.991024067000069, 35.252090998000028 ], [ 36.015035653000041, 35.231085561000043 ], [ 36.038589415000047, 35.231233047000046 ], [ 36.045773491000034, 35.225505364000071 ], [ 36.050571063000064, 35.224938188000067 ], [ 36.063170500000069, 35.226186705000032 ], [ 36.077684557000055, 35.224109193000061 ], [ 36.093282804000069, 35.224704331000055 ], [ 36.118422186000032, 35.221726039000032 ], [ 36.121636830000057, 35.224127361000058 ], [ 36.144964123000079, 35.226317010000059 ], [ 36.152358682000056, 35.225075524000033 ], [ 36.157005162000075, 35.222146670000029 ], [ 36.165068528000063, 35.220992497000054 ], [ 36.171519354000054, 35.224536901000079 ], [ 36.179917206000027, 35.226218723000045 ], [ 36.182856923000031, 35.233493248000059 ], [ 36.190852987000028, 35.236271075000047 ], [ 36.202991607000058, 35.248777372000063 ], [ 36.219945859000063, 35.254157255000052 ], [ 36.22642135600006, 35.253991728000074 ], [ 36.23203475300005, 35.273322878000045 ], [ 36.232034752000061, 35.281434391000062 ], [ 36.235304509000059, 35.28872846400003 ], [ 36.234298430000024, 35.298349094000059 ], [ 36.237631067000052, 35.307655325000042 ], [ 36.230279455000073, 35.325391661000026 ], [ 36.23074054600005, 35.334411411000076 ], [ 36.237812648000045, 35.335182728000063 ], [ 36.236263798000039, 35.338142625000046 ], [ 36.237356252000041, 35.33994326800007 ], [ 36.229597822000073, 35.350389757000073 ], [ 36.227025555000068, 35.359966935000045 ] ] ] } },
{ "type": "Feature", "properties": { "shapeName": "Al-Haffa", "shapeISO": "", "shapeID": "27442178B95231031847739", "shapeGroup": "SYR", "shapeType": "ADM2" }, "geometry": { "type": "Polygon", "coordinates": [ [ [ 36.229448736000052, 35.751809782000066 ], [ 36.207521531000054, 35.752584453000054 ], [ 36.199781744000063, 35.760797213000046 ], [ 36.197942734000037, 35.766981125000029 ], [ 36.188730087000067, 35.774874167000064 ], [ 36.16898473100008, 35.784971506000034 ], [ 36.160943985000074, 35.78387641900008 ], [ 36.149019242000065, 35.790185928000028 ], [ 36.146467208000047, 35.786245346000044 ], [ 36.139360428000032, 35.781385422000028 ], [ 36.125711442000068, 35.777276993000044 ], [ 36.112695694000024, 35.762289047000024 ], [ 36.096269608000057, 35.751184463000072 ], [ 36.084222793000038, 35.740400314000055 ], [ 36.073186874000044, 35.73592185900003 ], [ 36.072198867000054, 35.730665207000072 ], [ 36.074666977000049, 35.723634720000064 ], [ 36.072828293000043, 35.719438553000032 ], [ 36.052492142000062, 35.689771652000047 ], [ 36.039903640000034, 35.684076309000034 ], [ 36.038434982000069, 35.677072525000028 ], [ 36.036195755000051, 35.674634934000039 ], [ 36.015830424000058, 35.663557655000034 ], [ 36.014802346000067, 35.656550228000071 ], [ 36.018470370000045, 35.644247426000049 ], [ 36.024409595000066, 35.635786289000066 ], [ 36.025092675000053, 35.627012674000071 ], [ 36.016636922000032, 35.620410075000052 ], [ 36.004359810000039, 35.619096481000042 ], [ 35.971802726000078, 35.600568639000073 ], [ 35.951085194000029, 35.593353824000076 ], [ 35.941754694000053, 35.586757593000073 ], [ 35.934718392000036, 35.585055096000076 ], [ 35.931158075000042, 35.582275054000036 ], [ 35.926001973000041, 35.56652904300006 ], [ 35.916625474000057, 35.557828673000074 ], [ 35.908645426000078, 35.552976337000075 ], [ 35.905484148000028, 35.548439661000032 ], [ 35.906711935000033, 35.544572521000077 ], [ 35.913802091000036, 35.538733595000053 ], [ 35.914868879000039, 35.52750196900007 ], [ 35.922979635000047, 35.518323528000053 ], [ 35.924614127000041, 35.513050444000044 ], [ 35.924537461000057, 35.509543547000078 ], [ 35.916992322000056, 35.50045231200005 ], [ 35.915803350000033, 35.48981088000005 ], [ 35.931732369000031, 35.486641332000033 ], [ 35.938721632000068, 35.488510553000026 ], [ 35.954639536000059, 35.50581691900004 ], [ 35.966586607000067, 35.512043353000024 ], [ 35.982846076000044, 35.515432425000029 ], [ 35.99486233500005, 35.514818816000059 ], [ 36.023521581000068, 35.525132518000078 ], [ 36.037095479000072, 35.525735178000048 ], [ 36.065432728000076, 35.521319908000066 ], [ 36.099102787000049, 35.520724013000063 ], [ 36.11952898800007, 35.514612614000043 ], [ 36.130870020000032, 35.513127059000055 ], [ 36.143443792000028, 35.518963426000028 ], [ 36.148426275000077, 35.515805197000077 ], [ 36.15148788700003, 35.515782906000027 ], [ 36.161225093000041, 35.520973194000078 ], [ 36.170026221000057, 35.523364332000028 ], [ 36.221930135000036, 35.52242388600007 ], [ 36.221017766000045, 35.567621945000042 ], [ 36.228341082000043, 35.573462638000024 ], [ 36.22790943900003, 35.583594688000062 ], [ 36.229789965000066, 35.587542908000046 ], [ 36.227303687000074, 35.587650069000063 ], [ 36.224649104000036, 35.601407876000053 ], [ 36.216004816000066, 35.609155600000065 ], [ 36.215866736000066, 35.626429511000026 ], [ 36.218913386000054, 35.626529411000035 ], [ 36.223876431000065, 35.641489204000038 ], [ 36.222613961000036, 35.648702799000034 ], [ 36.217094150000037, 35.648731269000052 ], [ 36.21351984100005, 35.652759109000044 ], [ 36.213485867000031, 35.65525357000007 ], [ 36.216837886000064, 35.658060259000024 ], [ 36.205175329000042, 35.665298672000063 ], [ 36.20524153000008, 35.666979732000073 ], [ 36.210539735000054, 35.68154405100006 ], [ 36.213769117000027, 35.676308425000059 ], [ 36.219046411000079, 35.673231930000043 ], [ 36.219136527000046, 35.671108247000063 ], [ 36.233284782000055, 35.669018212000026 ], [ 36.236792998000055, 35.672918579000054 ], [ 36.239242368000077, 35.671990778000065 ], [ 36.239715939000064, 35.67594507900003 ], [ 36.238046841000028, 35.677875819000064 ], [ 36.239864217000047, 35.681696931000033 ], [ 36.242782686000055, 35.679928990000064 ], [ 36.241288432000033, 35.685404043000062 ], [ 36.24359105800005, 35.68560145500004 ], [ 36.246040285000049, 35.683230834000028 ], [ 36.242526921000035, 35.682313356000066 ], [ 36.244114837000041, 35.678326675000051 ], [ 36.247424055000067, 35.67878150100006 ], [ 36.247407463000059, 35.675987539000062 ], [ 36.245640704000039, 35.67641182400007 ], [ 36.242991975000052, 35.671911444000045 ], [ 36.244032515000072, 35.670575144000054 ], [ 36.246344656000076, 35.671889283000041 ], [ 36.249384871000075, 35.676080075000073 ], [ 36.250798755000062, 35.687753625000028 ], [ 36.245599545000061, 35.692776970000068 ], [ 36.247353200000077, 35.700994980000075 ], [ 36.252806043000078, 35.705428981000068 ], [ 36.249620179000033, 35.715357794000056 ], [ 36.253074558000037, 35.718157898000072 ], [ 36.256981541000073, 35.714668361000065 ], [ 36.259176819000061, 35.717436320000047 ], [ 36.258699584000055, 35.720108832000051 ], [ 36.243542188000049, 35.734321469000065 ], [ 36.234643173000052, 35.738573220000035 ], [ 36.229448736000052, 35.751809782000066 ] ] ] } },
{ "type": "Feature", "properties": { "shapeName": "Al-Qardaha", "shapeISO": "", "shapeID": "27442178B45607569668873", "shapeGroup": "SYR", "shapeType": "ADM2" }, "geometry": { "type": "Polygon", "coordinates": [ [ [ 36.221930135000036, 35.52242388600007 ], [ 36.170026221000057, 35.523364332000028 ], [ 36.161225093000041, 35.520973194000078 ], [ 36.15148788700003, 35.515782906000027 ], [ 36.148426275000077, 35.515805197000077 ], [ 36.143443792000028, 35.518963426000028 ], [ 36.130870020000032, 35.513127059000055 ], [ 36.11952898800007, 35.514612614000043 ], [ 36.099102787000049, 35.520724013000063 ], [ 36.065432728000076, 35.521319908000066 ], [ 36.037095479000072, 35.525735178000048 ], [ 36.023521581000068, 35.525132518000078 ], [ 35.99486233500005, 35.514818816000059 ], [ 35.982846076000044, 35.515432425000029 ], [ 35.966586607000067, 35.512043353000024 ], [ 35.954639536000059, 35.50581691900004 ], [ 35.938721632000068, 35.488510553000026 ], [ 35.931732369000031, 35.486641332000033 ], [ 35.915803350000033, 35.48981088000005 ], [ 35.913527776000024, 35.484528298000043 ], [ 35.913771588000031, 35.480383503000041 ], [ 35.925068187000079, 35.477051412000037 ], [ 35.928989835000039, 35.47187000100007 ], [ 35.924342902000035, 35.459583747000067 ], [ 35.924975835000055, 35.455747576000078 ], [ 35.917436111000029, 35.449671972000033 ], [ 35.916421910000054, 35.446997263000071 ], [ 35.916723821000062, 35.438948782000068 ], [ 35.921145562000049, 35.433552401000043 ], [ 35.934377078000068, 35.426750828000024 ], [ 35.943191040000045, 35.425537185000053 ], [ 35.962679767000054, 35.426257390000046 ], [ 35.972675639000045, 35.424460407000026 ], [ 36.005412528000079, 35.42460520700007 ], [ 36.013023645000033, 35.423017166000079 ], [ 36.017969236000056, 35.419724329000076 ], [ 36.025714661000052, 35.407885880000038 ], [ 36.033610734000035, 35.408403124000074 ], [ 36.042759904000036, 35.411593337000056 ], [ 36.056636710000078, 35.412450191000062 ], [ 36.06377003800003, 35.410865629000057 ], [ 36.078334418000054, 35.399456476000069 ], [ 36.091481978000047, 35.399743905000037 ], [ 36.095567672000072, 35.397747345000028 ], [ 36.096628009000028, 35.394698874000028 ], [ 36.093579538000029, 35.390987692000067 ], [ 36.099209854000037, 35.378000424000049 ], [ 36.102062240000066, 35.376010421000046 ], [ 36.121859750000056, 35.373947045000079 ], [ 36.126344303000053, 35.37142387800003 ], [ 36.128326850000064, 35.36374631700005 ], [ 36.139953107000053, 35.36002168300007 ], [ 36.148067136000066, 35.359579448000034 ], [ 36.169265709000058, 35.367471384000055 ], [ 36.176927075000037, 35.368181915000036 ], [ 36.204412684000033, 35.357636573000036 ], [ 36.216118503000075, 35.357551344000058 ], [ 36.227025555000068, 35.359966935000045 ], [ 36.234184209000034, 35.375232003000065 ], [ 36.215069368000059, 35.397306034000053 ], [ 36.212590663000071, 35.404793168000026 ], [ 36.208148797000035, 35.410135153000056 ], [ 36.205546261000052, 35.419027264000079 ], [ 36.206276630000048, 35.426797458000067 ], [ 36.210107063000066, 35.435037388000069 ], [ 36.207863303000067, 35.440609421000033 ], [ 36.209750599000074, 35.442250676000072 ], [ 36.207852174000038, 35.443114587000025 ], [ 36.209244797000053, 35.447758475000057 ], [ 36.219355187000076, 35.454307564000032 ], [ 36.219156195000039, 35.45635933300008 ], [ 36.215263307000043, 35.459455546000072 ], [ 36.21529522700007, 35.462502071000074 ], [ 36.216666073000056, 35.467136622000055 ], [ 36.222064156000044, 35.467063817000053 ], [ 36.22131411600003, 35.475181453000062 ], [ 36.223274681000078, 35.47650283300004 ], [ 36.220970391000037, 35.507304048000037 ], [ 36.222313156000041, 35.510216893000063 ], [ 36.221930135000036, 35.52242388600007 ] ] ] } },
{ "type": "Feature", "properties": { "shapeName": "Idleb", "shapeISO": "", "shapeID": "27442178B9567094438554", "shapeGroup": "SYR", "shapeType": "ADM2" }, "geometry": { "type": "Polygon", "coordinates": [ [ [ 36.718758180000066, 36.140218127000026 ], [ 36.714178086000061, 36.138166428000034 ], [ 36.699155807000068, 36.140676498000062 ], [ 36.686777115000041, 36.150411606000034 ], [ 36.682527542000059, 36.150350571000047 ], [ 36.674295425000025, 36.145280838000076 ], [ 36.665868759000034, 36.137495041000079 ], [ 36.658338547000028, 36.119447708000052 ], [ 36.656714, 36.107349966000072 ], [ 36.637489275000064, 36.090668212000026 ], [ 36.621779307000054, 36.093232858000079 ], [ 36.615346826000064, 36.092832445000056 ], [ 36.612527768000064, 36.088768947000062 ], [ 36.611840731000029, 36.080397811000068 ], [ 36.609005927000055, 36.076642258000049 ], [ 36.593380685000056, 36.077659904000029 ], [ 36.585855484000035, 36.068666458000052 ], [ 36.579120848000059, 36.069563058000028 ], [ 36.57131650000008, 36.073415983000075 ], [ 36.545150077000073, 36.062890566000078 ], [ 36.539096427000061, 36.056860233000066 ], [ 36.539112232000036, 36.053764208000075 ], [ 36.54249677200005, 36.047371834000046 ], [ 36.551823880000029, 36.037843329000054 ], [ 36.552690618000042, 36.027452181000058 ], [ 36.554302438000036, 36.025741057000062 ], [ 36.570169708000037, 36.024479057000065 ], [ 36.571638835000044, 36.019793518000029 ], [ 36.569370991000028, 36.016789076000066 ], [ 36.553887763000034, 36.016570303000037 ], [ 36.54773545900008, 36.017969572000027 ], [ 36.545221473000026, 36.025117346000059 ], [ 36.537618247000069, 36.025257615000044 ], [ 36.534479850000025, 36.021497772000032 ], [ 36.535166848000074, 35.992551366000043 ], [ 36.535896254000079, 35.979086800000061 ], [ 36.539278875000036, 35.974973238000075 ], [ 36.539418320000038, 35.972399130000042 ], [ 36.521815307000054, 35.972051324000063 ], [ 36.521283599000071, 35.963919257000043 ], [ 36.518880147000061, 35.958931299000028 ], [ 36.513572931000056, 35.953704153000047 ], [ 36.487628302000076, 35.952544924000051 ], [ 36.483899376000068, 35.954077514000062 ], [ 36.475219483000046, 35.966240784000036 ], [ 36.468790599000044, 35.963772027000061 ], [ 36.464158373000032, 35.959545217000027 ], [ 36.46213113400006, 35.940681384000072 ], [ 36.450307760000044, 35.918926376000059 ], [ 36.44225298300006, 35.910886711000046 ], [ 36.444753647000027, 35.897317886000053 ], [ 36.428194046000044, 35.891225815000041 ], [ 36.425035476000062, 35.887529373000064 ], [ 36.429098129000067, 35.883291245000066 ], [ 36.430864248000034, 35.87793554700005 ], [ 36.441060958000037, 35.877516897000078 ], [ 36.448718672000041, 35.861086602000057 ], [ 36.457052075000036, 35.854692751000073 ], [ 36.460244445000058, 35.854737858000078 ], [ 36.470284793000076, 35.86106574400003 ], [ 36.477044651000028, 35.868975177000038 ], [ 36.483881309000026, 35.868095037000046 ], [ 36.49352261100006, 35.87441728400006 ], [ 36.500745708000068, 35.888519282000061 ], [ 36.508635362000064, 35.894002829000044 ], [ 36.513898475000076, 35.907425972000055 ], [ 36.517073221000032, 35.90779641000006 ], [ 36.527313735000064, 35.903057406000073 ], [ 36.531985226000074, 35.897914134000075 ], [ 36.540089518000059, 35.895749586000079 ], [ 36.54594052300007, 35.890948560000027 ], [ 36.555987175000041, 35.88978819600004 ], [ 36.567577140000026, 35.88962637800006 ], [ 36.571045189000074, 35.891954441000053 ], [ 36.571607867000068, 35.903683269000055 ], [ 36.574295447000054, 35.905674723000061 ], [ 36.582311620000041, 35.905136829000071 ], [ 36.584846888000072, 35.902568011000028 ], [ 36.585249086000033, 35.898829525000053 ], [ 36.584598288000052, 35.888727352000046 ], [ 36.581465094000066, 35.880218002000049 ], [ 36.58377755500004, 35.874390238000046 ], [ 36.591535672000077, 35.871244058000059 ], [ 36.602327545000037, 35.871070964000069 ], [ 36.606406127000071, 35.869500693000077 ], [ 36.610491011000079, 35.86044217400007 ], [ 36.626071438000054, 35.860336740000037 ], [ 36.63157626900005, 35.854554083000039 ], [ 36.638289560000032, 35.855951259000051 ], [ 36.642613590000053, 35.871965772000067 ], [ 36.644884500000046, 35.874276919000067 ], [ 36.655676372000073, 35.874103825000077 ], [ 36.657777347000035, 35.872180032000074 ], [ 36.659867001000066, 35.863093320000075 ], [ 36.663910334000036, 35.862173711000025 ], [ 36.665230840000049, 35.859913310000024 ], [ 36.670342929000071, 35.846636765000028 ], [ 36.68604672400005, 35.844254015000047 ], [ 36.693059620000042, 35.840120565000063 ], [ 36.712266711000041, 35.839415216000077 ], [ 36.714628892000064, 35.836355583000056 ], [ 36.712428478000049, 35.83274311200006 ], [ 36.704171874000053, 35.830347390000043 ], [ 36.699231007000037, 35.825719458000037 ], [ 36.698293210000031, 35.806171411000037 ], [ 36.703584690000071, 35.78589743200007 ], [ 36.697259125000073, 35.777342975000067 ], [ 36.69605066500003, 35.770163141000069 ], [ 36.69673169500004, 35.764963485000067 ], [ 36.698797421000052, 35.763690354000062 ], [ 36.721959727000069, 35.763692050000031 ], [ 36.722570259000065, 35.759793716000047 ], [ 36.712641958000063, 35.744025596000029 ], [ 36.710165865000079, 35.73813017100008 ], [ 36.710732356000051, 35.734321139000031 ], [ 36.754887935000056, 35.736385346000077 ], [ 36.769812522000052, 35.732168338000065 ], [ 36.780802528000038, 35.735709655000051 ], [ 36.793280969000079, 35.735365043000058 ], [ 36.799677287000065, 35.73819029200007 ], [ 36.799728640000069, 35.743139833000043 ], [ 36.802540334000071, 35.750212088000069 ], [ 36.814530348000062, 35.752986143000044 ], [ 36.818361191000065, 35.753040271000032 ], [ 36.819338044000062, 35.746802939000077 ], [ 36.821713695000028, 35.744231867000053 ], [ 36.82927668800005, 35.746161977000042 ], [ 36.858247702000028, 35.742143441000053 ], [ 36.879566084000032, 35.743746983000051 ], [ 36.883786661000045, 35.742504298000028 ], [ 36.886255962000064, 35.744101973000056 ], [ 36.885541950000061, 35.751384874000053 ], [ 36.88859332800007, 35.754032629000051 ], [ 36.904618123000034, 35.755186065000032 ], [ 36.907721871000035, 35.75182850200008 ], [ 36.909576882000067, 35.741175690000034 ], [ 36.907864920000065, 35.713802787000077 ], [ 36.919919334000042, 35.707571246000043 ], [ 36.923484591000033, 35.711309497000059 ], [ 36.936771258000078, 35.715618687000074 ], [ 36.942933648000064, 35.721070359000066 ], [ 36.94590948900003, 35.731010036000043 ], [ 36.96162259700003, 35.729929738000067 ], [ 36.976494800000069, 35.738474723000024 ], [ 36.992565654000032, 35.738139929000056 ], [ 36.990277871000046, 35.731874434000076 ], [ 36.991974295000034, 35.718116792000046 ], [ 36.988801067000054, 35.711820820000071 ], [ 36.978327685000068, 35.704640309000069 ], [ 36.974171070000068, 35.69585603400003 ], [ 36.98229118200004, 35.683023383000034 ], [ 36.982680281000057, 35.679716039000027 ], [ 37.035234971000079, 35.689165393000053 ], [ 37.046727502000067, 35.689327779000052 ], [ 37.049671131000025, 35.688067052000065 ], [ 37.057690340000079, 35.675678091000066 ], [ 37.061756854000066, 35.659586785000045 ], [ 37.06379916800006, 35.657271467000044 ], [ 37.071042926000075, 35.659197066000047 ], [ 37.075654852000071, 35.652461663000054 ], [ 37.077081259000067, 35.642091765000032 ], [ 37.074659298000029, 35.633722697000053 ], [ 37.088627203000044, 35.611780623000072 ], [ 37.092918274000056, 35.609236616000032 ], [ 37.100730010000063, 35.612472560000072 ], [ 37.105199328000026, 35.612535710000031 ], [ 37.11814182300003, 35.609267749000026 ], [ 37.131422330000078, 35.62360695600006 ], [ 37.139754316000051, 35.62883277800006 ], [ 37.145478325000056, 35.635937284000079 ], [ 37.134158166000077, 35.639608404000057 ], [ 37.128179122000063, 35.644440461000045 ], [ 37.128160351000076, 35.65056990800008 ], [ 37.131782972000053, 35.655984592000038 ], [ 37.135298194000029, 35.667719024000064 ], [ 37.133288638000067, 35.670116974000052 ], [ 37.123004347000062, 35.67317969100003 ], [ 37.111172712000041, 35.670683509000071 ], [ 37.103359210000065, 35.673590859000058 ], [ 37.099574542000028, 35.679473683000026 ], [ 37.100451860000078, 35.687219061000064 ], [ 37.104812885000058, 35.695941110000035 ], [ 37.10990074700004, 35.701574100000073 ], [ 37.114988609000079, 35.703209485000059 ], [ 37.11979541900007, 35.707754065000074 ], [ 37.120181540000033, 35.727014715000053 ], [ 37.119352529000025, 35.733643522000079 ], [ 37.116963283000075, 35.73437597700007 ], [ 37.116979076000064, 35.739867400000037 ], [ 37.104823497000041, 35.741611180000064 ], [ 37.103505431000031, 35.747147608000034 ], [ 37.115446717000054, 35.74935957200006 ], [ 37.119679112000028, 35.757975430000045 ], [ 37.108022707000032, 35.764962059000027 ], [ 37.107769412000039, 35.766746313000056 ], [ 37.121211925000068, 35.780281144000071 ], [ 37.136815340000055, 35.781395532000033 ], [ 37.136714350000034, 35.796271426000033 ], [ 37.127926130000048, 35.799467512000035 ], [ 37.115273346000038, 35.80171507600005 ], [ 37.114538641000024, 35.809494537000035 ], [ 37.121064236000052, 35.826379597000027 ], [ 37.120449517000054, 35.829052661000048 ], [ 37.109212309000043, 35.831192525000063 ], [ 37.103375227000072, 35.829066811000075 ], [ 37.103219213000045, 35.82038084800007 ], [ 37.096129986000051, 35.818237443000044 ], [ 37.091563312000062, 35.818683727000064 ], [ 37.088055229000076, 35.822720633000074 ], [ 37.068073244000061, 35.833037587000035 ], [ 37.070370154000045, 35.836901111000032 ], [ 37.066195759000038, 35.84022624000005 ], [ 37.060733925000079, 35.836956508000071 ], [ 37.052574250000077, 35.837224322000054 ], [ 37.033895270000073, 35.843728617000068 ], [ 37.031499616000076, 35.835904925000079 ], [ 37.031332250000048, 35.824537053000029 ], [ 37.027138857000068, 35.818092686000057 ], [ 37.025002906000054, 35.817040887000076 ], [ 37.018875493000053, 35.820274569000048 ], [ 37.010498322000046, 35.820220053000071 ], [ 37.002437895000071, 35.815764283000078 ], [ 36.990457039000034, 35.805671313000062 ], [ 36.986899682000058, 35.805324254000027 ], [ 36.984767654000052, 35.812322050000034 ], [ 36.985158193000075, 35.825353205000056 ], [ 36.990525217000027, 35.836156035000045 ], [ 36.98967615600003, 35.837687517000063 ], [ 36.980867016000047, 35.83806280500005 ], [ 36.979515621000075, 35.842768696000064 ], [ 36.976566957000045, 35.845153377000031 ], [ 36.962872612000069, 35.847833182000045 ], [ 36.959447481000041, 35.85033883300008 ], [ 36.95403994000003, 35.86341576600006 ], [ 36.954150392000031, 35.866075632000047 ], [ 36.95955336600008, 35.870070339000051 ], [ 36.958464148000076, 35.878611005000039 ], [ 36.952598909000073, 35.885679460000063 ], [ 36.939526111000077, 35.88714344400006 ], [ 36.935713958000065, 35.89521011000005 ], [ 36.935119978000046, 35.897500359000048 ], [ 36.93685994100008, 35.900078991000044 ], [ 36.940241124000067, 35.901276087000042 ], [ 36.942116868000028, 35.904239744000051 ], [ 36.940960997000047, 35.911119337000059 ], [ 36.935540133000075, 35.915767729000038 ], [ 36.927870749000078, 35.915659362000042 ], [ 36.920435159000078, 35.912680998000042 ], [ 36.911159119000047, 35.913316144000078 ], [ 36.90434145200004, 35.911942789000079 ], [ 36.901590781000039, 35.913564053000073 ], [ 36.900485266000032, 35.925297047000072 ], [ 36.893098795000071, 35.928640642000062 ], [ 36.888464963000047, 35.93610960500007 ], [ 36.879382477000036, 35.93317182100003 ], [ 36.877612389000035, 35.934040726000035 ], [ 36.875474697000072, 35.943141238000067 ], [ 36.874854529000061, 35.960372289000077 ], [ 36.868094862000078, 35.970939921000024 ], [ 36.867640350000045, 35.981514519000029 ], [ 36.873333751000075, 35.988445312000067 ], [ 36.871859898000025, 36.001194720000058 ], [ 36.875407211000038, 36.015228248000028 ], [ 36.882742317000066, 36.02439875500005 ], [ 36.881835526000032, 36.042583525000055 ], [ 36.879411717000039, 36.043954002000078 ], [ 36.856675125000038, 36.044398956000066 ], [ 36.84545668800007, 36.040409373000045 ], [ 36.839128808000055, 36.047343590000025 ], [ 36.833540301000028, 36.06520680400007 ], [ 36.831579133000048, 36.066711520000069 ], [ 36.822692169000049, 36.06594743900007 ], [ 36.807035420000034, 36.07160052100005 ], [ 36.788962279000032, 36.069812726000066 ], [ 36.780771750000042, 36.06631288400007 ], [ 36.77071311900005, 36.066936973000054 ], [ 36.746652281000024, 36.080261150000069 ], [ 36.741394848000027, 36.08478414800004 ], [ 36.744424219000052, 36.099704273000043 ], [ 36.754641335000031, 36.10482902800004 ], [ 36.755808055000045, 36.109315095000056 ], [ 36.749556215000041, 36.11484566200005 ], [ 36.737875867000071, 36.117937031000054 ], [ 36.728820527000039, 36.123172580000073 ], [ 36.721053862000076, 36.133534430000054 ], [ 36.718758180000066, 36.140218127000026 ] ] ] } },
{ "type": "Feature", "properties": { "shapeName": "Al Ma'ra", "shapeISO": "", "shapeID": "27442178B71280190344240", "shapeGroup": "SYR", "shapeType": "ADM2" }, "geometry": { "type": "Polygon", "coordinates": [ [ [ 37.11814182300003, 35.609267749000026 ], [ 37.105199328000026, 35.612535710000031 ], [ 37.100730010000063, 35.612472560000072 ], [ 37.092918274000056, 35.609236616000032 ], [ 37.088627203000044, 35.611780623000072 ], [ 37.074659298000029, 35.633722697000053 ], [ 37.077081259000067, 35.642091765000032 ], [ 37.075654852000071, 35.652461663000054 ], [ 37.071042926000075, 35.659197066000047 ], [ 37.06379916800006, 35.657271467000044 ], [ 37.061756854000066, 35.659586785000045 ], [ 37.057690340000079, 35.675678091000066 ], [ 37.049671131000025, 35.688067052000065 ], [ 37.046727502000067, 35.689327779000052 ], [ 37.035234971000079, 35.689165393000053 ], [ 36.982680281000057, 35.679716039000027 ], [ 36.98229118200004, 35.683023383000034 ], [ 36.974171070000068, 35.69585603400003 ], [ 36.978327685000068, 35.704640309000069 ], [ 36.988801067000054, 35.711820820000071 ], [ 36.991974295000034, 35.718116792000046 ], [ 36.990277871000046, 35.731874434000076 ], [ 36.992565654000032, 35.738139929000056 ], [ 36.976494800000069, 35.738474723000024 ], [ 36.96162259700003, 35.729929738000067 ], [ 36.94590948900003, 35.731010036000043 ], [ 36.942933648000064, 35.721070359000066 ], [ 36.936771258000078, 35.715618687000074 ], [ 36.923484591000033, 35.711309497000059 ], [ 36.919919334000042, 35.707571246000043 ], [ 36.907864920000065, 35.713802787000077 ], [ 36.909576882000067, 35.741175690000034 ], [ 36.907721871000035, 35.75182850200008 ], [ 36.904618123000034, 35.755186065000032 ], [ 36.88859332800007, 35.754032629000051 ], [ 36.885541950000061, 35.751384874000053 ], [ 36.886255962000064, 35.744101973000056 ], [ 36.883786661000045, 35.742504298000028 ], [ 36.879566084000032, 35.743746983000051 ], [ 36.858247702000028, 35.742143441000053 ], [ 36.82927668800005, 35.746161977000042 ], [ 36.821713695000028, 35.744231867000053 ], [ 36.819338044000062, 35.746802939000077 ], [ 36.818361191000065, 35.753040271000032 ], [ 36.814530348000062, 35.752986143000044 ], [ 36.802540334000071, 35.750212088000069 ], [ 36.799728640000069, 35.743139833000043 ], [ 36.799677287000065, 35.73819029200007 ], [ 36.793280969000079, 35.735365043000058 ], [ 36.780802528000038, 35.735709655000051 ], [ 36.769812522000052, 35.732168338000065 ], [ 36.754887935000056, 35.736385346000077 ], [ 36.710732356000051, 35.734321139000031 ], [ 36.686102702000028, 35.730723687000079 ], [ 36.678691846000049, 35.727921518000073 ], [ 36.673725949000072, 35.72361249000005 ], [ 36.661083278000035, 35.690871694000066 ], [ 36.657388279000031, 35.689278081000054 ], [ 36.630751494000037, 35.69236987000005 ], [ 36.623048607000044, 35.694958488000054 ], [ 36.624501301000066, 35.676867517000062 ], [ 36.621278607000079, 35.67528057800007 ], [ 36.603719904000059, 35.67657388300006 ], [ 36.600497210000071, 35.674986943000079 ], [ 36.595663931000047, 35.659504611000045 ], [ 36.584698153000033, 35.635072556000068 ], [ 36.579620499000043, 35.641551777000075 ], [ 36.573230229000046, 35.646085697000046 ], [ 36.536181885000076, 35.64941572500004 ], [ 36.518970331000048, 35.653026041000032 ], [ 36.511455178000062, 35.652149153000039 ], [ 36.511955802000045, 35.642907802000025 ], [ 36.505920141000047, 35.640895766000028 ], [ 36.500009636000073, 35.63657339100007 ], [ 36.496252059000028, 35.636134947000073 ], [ 36.479144801000075, 35.637819982000053 ], [ 36.452028251000058, 35.649768065000046 ], [ 36.442929310000068, 35.651951606000068 ], [ 36.404446924000069, 35.651215187000048 ], [ 36.399765598000045, 35.650378339000042 ], [ 36.395822341000041, 35.64703023800007 ], [ 36.397277658000064, 35.637752575000036 ], [ 36.39529850200006, 35.612120293000032 ], [ 36.396820238000032, 35.607161404000067 ], [ 36.405497857000057, 35.606006993000051 ], [ 36.407649375000062, 35.596651272000031 ], [ 36.401872032000028, 35.596314235000079 ], [ 36.399724728000024, 35.592580528000042 ], [ 36.398799949000079, 35.583628297000075 ], [ 36.393998752000073, 35.579729388000032 ], [ 36.396511693000036, 35.569484858000067 ], [ 36.392355337000026, 35.55946534900005 ], [ 36.393800808000037, 35.540011168000035 ], [ 36.396586041000035, 35.53775188000003 ], [ 36.408292804000041, 35.53561865100005 ], [ 36.425118739000027, 35.535339279000027 ], [ 36.427276053000071, 35.534495112000059 ], [ 36.429996145000075, 35.529992891000063 ], [ 36.43534253200005, 35.53008668800004 ], [ 36.442810999000073, 35.534799652000061 ], [ 36.444919261000052, 35.534667594000041 ], [ 36.449281371000041, 35.52529985700005 ], [ 36.446213890000024, 35.516552157000035 ], [ 36.451122265000038, 35.509507597000038 ], [ 36.457238547000031, 35.508215727000049 ], [ 36.458587468000076, 35.506446954000069 ], [ 36.458936076000043, 35.488445852000041 ], [ 36.456787405000057, 35.47725738400004 ], [ 36.46545179900005, 35.475402354000039 ], [ 36.474125556000047, 35.475630401000046 ], [ 36.477068787000064, 35.469073141000024 ], [ 36.475045775000069, 35.463337796000076 ], [ 36.496398408000061, 35.455189515000029 ], [ 36.506657245000042, 35.453614452000068 ], [ 36.508407684000076, 35.442661223000073 ], [ 36.522875738000039, 35.434373447000041 ], [ 36.525223508000067, 35.434406620000061 ], [ 36.52580366400008, 35.432371580000051 ], [ 36.517133968000053, 35.416030885000055 ], [ 36.516450626000051, 35.411296243000038 ], [ 36.518726067000046, 35.408327390000068 ], [ 36.532416702000035, 35.410053262000076 ], [ 36.548954786000024, 35.408371405000025 ], [ 36.554867908000062, 35.409093467000048 ], [ 36.56637435600004, 35.414835563000054 ], [ 36.58121649900005, 35.418596480000076 ], [ 36.585154627000065, 35.421078469000065 ], [ 36.589466039000058, 35.416669806000073 ], [ 36.587509327000078, 35.403409620000048 ], [ 36.59566129600006, 35.404334903000063 ], [ 36.624942057000055, 35.401358172000073 ], [ 36.639518922000036, 35.395381254000029 ], [ 36.63886625300006, 35.377440934000049 ], [ 36.641663980000033, 35.379164239000033 ], [ 36.650976798000045, 35.379899537000028 ], [ 36.650535325000078, 35.384901100000036 ], [ 36.65581861000004, 35.390342900000064 ], [ 36.657065810000063, 35.396234830000026 ], [ 36.67043526100008, 35.399552443000061 ], [ 36.675459631000024, 35.405114636000064 ], [ 36.696251352000047, 35.402982072000043 ], [ 36.71356955300007, 35.404248391000067 ], [ 36.745733094000059, 35.403141004000076 ], [ 36.78990248100007, 35.407656078000059 ], [ 36.795904449000034, 35.413967813000056 ], [ 36.814254094000034, 35.410651422000058 ], [ 36.838770888000056, 35.413488032000032 ], [ 36.845114561000059, 35.412045238000076 ], [ 36.86092979600005, 35.412141 ], [ 36.868358476000026, 35.406749422000075 ], [ 36.875394684000071, 35.405233932000044 ], [ 36.877559672000075, 35.402311199000053 ], [ 36.880335837000075, 35.390769656000032 ], [ 36.878597518000049, 35.38245928200007 ], [ 36.895638624000071, 35.378180782000072 ], [ 36.916700946000049, 35.383006855000076 ], [ 36.927008569000066, 35.383623761000024 ], [ 36.948173867000037, 35.380410834000031 ], [ 36.954530964000071, 35.384253030000025 ], [ 36.953732496000043, 35.387346035000064 ], [ 36.956958505000046, 35.395262984000055 ], [ 36.963146092000045, 35.401375777000055 ], [ 36.98877946500005, 35.413111663000052 ], [ 36.995057536000047, 35.428771318000031 ], [ 36.996738180000079, 35.431432337000047 ], [ 37.000577594000049, 35.432264627000052 ], [ 37.004993128000024, 35.43163383600006 ], [ 37.009697205000066, 35.427212895000025 ], [ 37.015755376000072, 35.412847366000051 ], [ 37.017248091000056, 35.412320047000037 ], [ 37.024281191000057, 35.410846710000044 ], [ 37.03474428800007, 35.411832730000071 ], [ 37.036280038000029, 35.408983756000055 ], [ 37.038641922000068, 35.408481037000058 ], [ 37.045116854000071, 35.408529141000031 ], [ 37.052361927000049, 35.410532884000077 ], [ 37.079784223000047, 35.41086922900007 ], [ 37.089013011000077, 35.419583745000068 ], [ 37.104494814000077, 35.428857042000061 ], [ 37.10670619900003, 35.441934551000031 ], [ 37.102710739000031, 35.44696618200004 ], [ 37.10348108900007, 35.453843192000079 ], [ 37.10153768300006, 35.458516408000037 ], [ 37.104341753000028, 35.468567500000063 ], [ 37.116953997000053, 35.471867184000075 ], [ 37.121956092000062, 35.466631194000058 ], [ 37.142995141000029, 35.458814244000052 ], [ 37.149258170000053, 35.470743881000033 ], [ 37.156051768000054, 35.47774284500008 ], [ 37.161471414000061, 35.489349201000039 ], [ 37.161179590000074, 35.504524074000074 ], [ 37.163603714000033, 35.510981258000072 ], [ 37.165534760000071, 35.512924078000026 ], [ 37.172796450000078, 35.513451222000072 ], [ 37.181508764000057, 35.517342358000064 ], [ 37.188563049000038, 35.524004739000077 ], [ 37.19531186200004, 35.532585532000041 ], [ 37.195762862000038, 35.542327129000057 ], [ 37.199051025000074, 35.546180991000028 ], [ 37.202167062000058, 35.549903928000049 ], [ 37.201662724000073, 35.554427002000068 ], [ 37.197312311000076, 35.556664173000058 ], [ 37.188022445000058, 35.557554530000061 ], [ 37.177627721000079, 35.553372011000079 ], [ 37.174949001000073, 35.550218475000065 ], [ 37.170083117000047, 35.550405126000044 ], [ 37.166651073000025, 35.553038382000068 ], [ 37.156454889000031, 35.582914696000046 ], [ 37.142924475000029, 35.587641467000026 ], [ 37.111209330000065, 35.590866190000042 ], [ 37.110909864000064, 35.593115521000072 ], [ 37.120930954000073, 35.604750325000055 ], [ 37.11814182300003, 35.609267749000026 ] ] ] } },
{ "type": "Feature", "properties": { "shapeName": "Harim", "shapeISO": "", "shapeID": "27442178B79082810780972", "shapeGroup": "SYR", "shapeType": "ADM2" }, "geometry": { "type": "Polygon", "coordinates": [ [ [ 36.760298297000077, 36.312744847000033 ], [ 36.751287461000061, 36.332651139000063 ], [ 36.745134354000072, 36.337831497000025 ], [ 36.740190505000044, 36.338720322000029 ], [ 36.725736618000042, 36.33803749100008 ], [ 36.722799301000066, 36.334482193000042 ], [ 36.729429245000063, 36.327714920000062 ], [ 36.715414048000071, 36.322565079000071 ], [ 36.697458267000059, 36.321516037000038 ], [ 36.679502487000036, 36.322298050000029 ], [ 36.669092178000028, 36.320497512000031 ], [ 36.668882370000063, 36.309419632000072 ], [ 36.671102524000048, 36.30236244200006 ], [ 36.694791794000025, 36.296899795000058 ], [ 36.70033073500008, 36.292211532000067 ], [ 36.699079514000061, 36.287130356000034 ], [ 36.692331314000057, 36.276441574000046 ], [ 36.692762375000029, 36.27163124100008 ], [ 36.695779801000072, 36.26596260000008 ], [ 36.706041336000055, 36.255170822000025 ], [ 36.70071220400007, 36.244279861000052 ], [ 36.684232712000039, 36.23727989200006 ], [ 36.674852371000043, 36.229280472000028 ], [ 36.640592575000028, 36.229230880000046 ], [ 36.627382278000027, 36.217710495000063 ], [ 36.618349076000072, 36.216592788000071 ], [ 36.609262466000075, 36.217542648000062 ], [ 36.58386039800007, 36.232110977000048 ], [ 36.578180313000075, 36.232450485000072 ], [ 36.557382584000038, 36.228082657000073 ], [ 36.542600632000074, 36.238061905000052 ], [ 36.522771835000071, 36.238080979000074 ], [ 36.516912459000025, 36.235651018000056 ], [ 36.50945091300008, 36.229982376000066 ], [ 36.495420455000044, 36.23447227500003 ], [ 36.492372513000078, 36.232801437000035 ], [ 36.489171982000073, 36.218732834000036 ], [ 36.481702805000054, 36.205492020000065 ], [ 36.477262497000027, 36.202859878000027 ], [ 36.471059800000035, 36.201799393000044 ], [ 36.457529068000042, 36.208372117000067 ], [ 36.43534278900006, 36.211290359000031 ], [ 36.426740646000042, 36.214532852000048 ], [ 36.412851334000038, 36.223150253000028 ], [ 36.403379441000027, 36.226362228000028 ], [ 36.397550583000054, 36.223241806000033 ], [ 36.397619248000069, 36.212720871000045 ], [ 36.403150559000039, 36.199552536000056 ], [ 36.400579452000045, 36.191461563000075 ], [ 36.398660659000029, 36.18982124300004 ], [ 36.388799667000058, 36.188470841000026 ], [ 36.381711960000075, 36.18074226400006 ], [ 36.376710892000062, 36.169401169000025 ], [ 36.388311386000055, 36.151510239000061 ], [ 36.391992569000024, 36.142629624000051 ], [ 36.381181717000061, 36.118761062000033 ], [ 36.385210037000036, 36.107831955000051 ], [ 36.386041641000077, 36.099359513000024 ], [ 36.388731003000032, 36.094820023000068 ], [ 36.394231796000042, 36.090581894000024 ], [ 36.397840500000029, 36.083761215000038 ], [ 36.388750076000065, 36.068201066000029 ], [ 36.394838333000052, 36.049631119000026 ], [ 36.409574509000038, 36.045942307000075 ], [ 36.412630081000032, 36.042112350000025 ], [ 36.415266037000038, 36.032026291000079 ], [ 36.428232193000042, 36.028245926000068 ], [ 36.430509567000058, 36.019857406000028 ], [ 36.436086654000064, 36.01225471500004 ], [ 36.45316887000007, 36.01101112300006 ], [ 36.46475029000004, 36.01288414000004 ], [ 36.465978623000069, 36.011053085000071 ], [ 36.462785721000046, 35.999780655000052 ], [ 36.462911606000034, 35.993810654000072 ], [ 36.449224472000026, 35.986185074000048 ], [ 36.449220657000069, 35.981824875000029 ], [ 36.445741654000074, 35.974248886000055 ], [ 36.447298050000029, 35.967927932000066 ], [ 36.45151710500005, 35.961843490000035 ], [ 36.451025009000034, 35.957479477000049 ], [ 36.442014694000079, 35.946550369000079 ], [ 36.43919181800004, 35.940366745000063 ], [ 36.434701919000076, 35.913408279000066 ], [ 36.44225298300006, 35.910886711000046 ], [ 36.450307760000044, 35.918926376000059 ], [ 36.46213113400006, 35.940681384000072 ], [ 36.464158373000032, 35.959545217000027 ], [ 36.468790599000044, 35.963772027000061 ], [ 36.475219483000046, 35.966240784000036 ], [ 36.483899376000068, 35.954077514000062 ], [ 36.487628302000076, 35.952544924000051 ], [ 36.513572931000056, 35.953704153000047 ], [ 36.518880147000061, 35.958931299000028 ], [ 36.521283599000071, 35.963919257000043 ], [ 36.521815307000054, 35.972051324000063 ], [ 36.539418320000038, 35.972399130000042 ], [ 36.539278875000036, 35.974973238000075 ], [ 36.535896254000079, 35.979086800000061 ], [ 36.535166848000074, 35.992551366000043 ], [ 36.534479850000025, 36.021497772000032 ], [ 36.537618247000069, 36.025257615000044 ], [ 36.545221473000026, 36.025117346000059 ], [ 36.54773545900008, 36.017969572000027 ], [ 36.553887763000034, 36.016570303000037 ], [ 36.569370991000028, 36.016789076000066 ], [ 36.571638835000044, 36.019793518000029 ], [ 36.570169708000037, 36.024479057000065 ], [ 36.554302438000036, 36.025741057000062 ], [ 36.552690618000042, 36.027452181000058 ], [ 36.551823880000029, 36.037843329000054 ], [ 36.54249677200005, 36.047371834000046 ], [ 36.539112232000036, 36.053764208000075 ], [ 36.539096427000061, 36.056860233000066 ], [ 36.545150077000073, 36.062890566000078 ], [ 36.57131650000008, 36.073415983000075 ], [ 36.579120848000059, 36.069563058000028 ], [ 36.585855484000035, 36.068666458000052 ], [ 36.593380685000056, 36.077659904000029 ], [ 36.609005927000055, 36.076642258000049 ], [ 36.611840731000029, 36.080397811000068 ], [ 36.612527768000064, 36.088768947000062 ], [ 36.615346826000064, 36.092832445000056 ], [ 36.621779307000054, 36.093232858000079 ], [ 36.637489275000064, 36.090668212000026 ], [ 36.656714, 36.107349966000072 ], [ 36.658338547000028, 36.119447708000052 ], [ 36.665868759000034, 36.137495041000079 ], [ 36.674295425000025, 36.145280838000076 ], [ 36.682527542000059, 36.150350571000047 ], [ 36.686777115000041, 36.150411606000034 ], [ 36.699155807000068, 36.140676498000062 ], [ 36.714178086000061, 36.138166428000034 ], [ 36.718758180000066, 36.140218127000026 ], [ 36.715806962000045, 36.144231797000032 ], [ 36.710256577000052, 36.146482467000055 ], [ 36.709234237000032, 36.150800705000051 ], [ 36.714979172000028, 36.15458488400003 ], [ 36.732858658000055, 36.156858445000069 ], [ 36.743234634000032, 36.16289329500006 ], [ 36.760152816000073, 36.165056229000072 ], [ 36.773439408000058, 36.185846329000071 ], [ 36.766458512000042, 36.18883323600005 ], [ 36.765069962000041, 36.191366196000047 ], [ 36.768686294000076, 36.195440293000047 ], [ 36.774015427000052, 36.195390701000065 ], [ 36.77556800800005, 36.201414109000041 ], [ 36.780565262000039, 36.207487107000077 ], [ 36.789918899000043, 36.21119499200006 ], [ 36.798246383000048, 36.216547012000035 ], [ 36.80492210400007, 36.214727402000051 ], [ 36.812276841000028, 36.214830398000061 ], [ 36.828207016000079, 36.217161180000062 ], [ 36.833094488000029, 36.231021977000069 ], [ 36.837755203000029, 36.231725693000044 ], [ 36.840307236000058, 36.233804704000079 ], [ 36.837614059000032, 36.247369767000066 ], [ 36.835638046000042, 36.249128342000063 ], [ 36.822423935000074, 36.250219346000051 ], [ 36.823858261000055, 36.258413316000031 ], [ 36.816152748000036, 36.267625456000076 ], [ 36.818174364000072, 36.275123868000037 ], [ 36.82266005300005, 36.28195547200005 ], [ 36.821889877000046, 36.28352546800005 ], [ 36.815185882000037, 36.284387948000074 ], [ 36.801443100000029, 36.281480790000046 ], [ 36.793420568000045, 36.28136666000006 ], [ 36.786981583000056, 36.302667619000033 ], [ 36.768991471000049, 36.30225181600008 ], [ 36.765542984000035, 36.304437638000024 ], [ 36.760298297000077, 36.312744847000033 ] ] ] } },
{ "type": "Feature", "properties": { "shapeName": "Jisr-Ash-Shugur", "shapeISO": "", "shapeID": "27442178B84192320308694", "shapeGroup": "SYR", "shapeType": "ADM2" }, "geometry": { "type": "Polygon", "coordinates": [ [ [ 36.393771629000071, 35.722900664000065 ], [ 36.393758174000027, 35.731873742000062 ], [ 36.390915692000078, 35.745134431000054 ], [ 36.39330945100005, 35.752315705000058 ], [ 36.407555973000058, 35.751177775000031 ], [ 36.413792061000038, 35.753671014000076 ], [ 36.415640022000048, 35.748213114000066 ], [ 36.419776308000053, 35.748271558000056 ], [ 36.430268701000045, 35.755169365000029 ], [ 36.429918010000051, 35.771194598000079 ], [ 36.427667188000044, 35.774537571000053 ], [ 36.413684386000057, 35.774761846000047 ], [ 36.411136710000051, 35.783584635000068 ], [ 36.410428828000079, 35.796651893000046 ], [ 36.411234551000064, 35.800881747000062 ], [ 36.422517998000046, 35.802728567000031 ], [ 36.42584039500008, 35.80825952400005 ], [ 36.430097356000033, 35.825193555000055 ], [ 36.427431417000037, 35.833425519000059 ], [ 36.430864248000034, 35.87793554700005 ], [ 36.429098129000067, 35.883291245000066 ], [ 36.425035476000062, 35.887529373000064 ], [ 36.428194046000044, 35.891225815000041 ], [ 36.444753647000027, 35.897317886000053 ], [ 36.44225298300006, 35.910886711000046 ], [ 36.434701919000076, 35.913408279000066 ], [ 36.43919181800004, 35.940366745000063 ], [ 36.442014694000079, 35.946550369000079 ], [ 36.451025009000034, 35.957479477000049 ], [ 36.45151710500005, 35.961843490000035 ], [ 36.447298050000029, 35.967927932000066 ], [ 36.445741654000074, 35.974248886000055 ], [ 36.449220657000069, 35.981824875000029 ], [ 36.449224472000026, 35.986185074000048 ], [ 36.462911606000034, 35.993810654000072 ], [ 36.462785721000046, 35.999780655000052 ], [ 36.465978623000069, 36.011053085000071 ], [ 36.46475029000004, 36.01288414000004 ], [ 36.45316887000007, 36.01101112300006 ], [ 36.436086654000064, 36.01225471500004 ], [ 36.430509567000058, 36.019857406000028 ], [ 36.428232193000042, 36.028245926000068 ], [ 36.415266037000038, 36.032026291000079 ], [ 36.412630081000032, 36.042112350000025 ], [ 36.409574509000038, 36.045942307000075 ], [ 36.394838333000052, 36.049631119000026 ], [ 36.392492294000078, 36.039812088000076 ], [ 36.383451462000039, 36.031370163000076 ], [ 36.380800248000071, 36.026029587000039 ], [ 36.382291794000025, 36.009851455000046 ], [ 36.378591537000034, 36.001001358000053 ], [ 36.37418937700005, 35.997682571000041 ], [ 36.368371963000072, 35.994791031000034 ], [ 36.356889724000041, 35.991991043000041 ], [ 36.344171524000046, 35.992372513000078 ], [ 36.317201614000055, 36.004102707000072 ], [ 36.30280113200007, 35.996412277000047 ], [ 36.297891617000062, 35.991701126000066 ], [ 36.294641494000075, 35.980150223000066 ], [ 36.306089401000065, 35.960710526000071 ], [ 36.30253028900006, 35.957410813000024 ], [ 36.289682389000063, 35.953882218000047 ], [ 36.278921127000046, 35.954759598000066 ], [ 36.263422012000035, 35.961709976000066 ], [ 36.25460243200007, 35.963792801000068 ], [ 36.244451523000066, 35.963529587000039 ], [ 36.228761673000065, 35.960382462000041 ], [ 36.212720871000045, 35.951501846000042 ], [ 36.199220657000069, 35.935552597000026 ], [ 36.187730789000057, 35.918512344000078 ], [ 36.180921555000054, 35.901739120000059 ], [ 36.189149856000029, 35.884359360000076 ], [ 36.183050156000036, 35.835569382000074 ], [ 36.169069290000039, 35.815431595000064 ], [ 36.16344261100005, 35.816270829000075 ], [ 36.154840469000078, 35.820180893000042 ], [ 36.147607804000074, 35.794691086000057 ], [ 36.149019242000065, 35.790185928000028 ], [ 36.160943985000074, 35.78387641900008 ], [ 36.16898473100008, 35.784971506000034 ], [ 36.188730087000067, 35.774874167000064 ], [ 36.197942734000037, 35.766981125000029 ], [ 36.199781744000063, 35.760797213000046 ], [ 36.207521531000054, 35.752584453000054 ], [ 36.229448736000052, 35.751809782000066 ], [ 36.256787514000052, 35.749860565000063 ], [ 36.270365489000028, 35.745518369000024 ], [ 36.279118804000063, 35.744484513000032 ], [ 36.29381005700003, 35.752052046000074 ], [ 36.302658165000025, 35.750709215000029 ], [ 36.311672030000068, 35.746239294000077 ], [ 36.31414866800003, 35.746785097000043 ], [ 36.316560116000062, 35.760100213000044 ], [ 36.322873666000078, 35.76210495600003 ], [ 36.328100975000041, 35.761029495000059 ], [ 36.332485953000059, 35.758154300000058 ], [ 36.345755809000025, 35.742727442000046 ], [ 36.347520842000051, 35.739402943000073 ], [ 36.346897243000058, 35.736456978000035 ], [ 36.341154463000066, 35.735481918000062 ], [ 36.340738242000043, 35.728707813000028 ], [ 36.342144936000068, 35.722981084000025 ], [ 36.345856690000062, 35.719521717000077 ], [ 36.361485283000036, 35.723062804000051 ], [ 36.368439235000039, 35.716137433000029 ], [ 36.377434330000028, 35.717796959000054 ], [ 36.378117670000051, 35.722531600000025 ], [ 36.380925611000066, 35.725636132000034 ], [ 36.386541994000027, 35.723161443000038 ], [ 36.393771629000071, 35.722900664000065 ] ] ] } },
{ "type": "Feature", "properties": { "shapeName": "Ariha", "shapeISO": "", "shapeID": "27442178B18977709066888", "shapeGroup": "SYR", "shapeType": "ADM2" }, "geometry": { "type": "Polygon", "coordinates": [ [ [ 36.395822341000041, 35.64703023800007 ], [ 36.399765598000045, 35.650378339000042 ], [ 36.404446924000069, 35.651215187000048 ], [ 36.442929310000068, 35.651951606000068 ], [ 36.452028251000058, 35.649768065000046 ], [ 36.479144801000075, 35.637819982000053 ], [ 36.496252059000028, 35.636134947000073 ], [ 36.500009636000073, 35.63657339100007 ], [ 36.505920141000047, 35.640895766000028 ], [ 36.511955802000045, 35.642907802000025 ], [ 36.511455178000062, 35.652149153000039 ], [ 36.518970331000048, 35.653026041000032 ], [ 36.536181885000076, 35.64941572500004 ], [ 36.573230229000046, 35.646085697000046 ], [ 36.579620499000043, 35.641551777000075 ], [ 36.584698153000033, 35.635072556000068 ], [ 36.595663931000047, 35.659504611000045 ], [ 36.600497210000071, 35.674986943000079 ], [ 36.603719904000059, 35.67657388300006 ], [ 36.621278607000079, 35.67528057800007 ], [ 36.624501301000066, 35.676867517000062 ], [ 36.623048607000044, 35.694958488000054 ], [ 36.630751494000037, 35.69236987000005 ], [ 36.657388279000031, 35.689278081000054 ], [ 36.661083278000035, 35.690871694000066 ], [ 36.673725949000072, 35.72361249000005 ], [ 36.678691846000049, 35.727921518000073 ], [ 36.686102702000028, 35.730723687000079 ], [ 36.710732356000051, 35.734321139000031 ], [ 36.710165865000079, 35.73813017100008 ], [ 36.712641958000063, 35.744025596000029 ], [ 36.722570259000065, 35.759793716000047 ], [ 36.721959727000069, 35.763692050000031 ], [ 36.698797421000052, 35.763690354000062 ], [ 36.69673169500004, 35.764963485000067 ], [ 36.69605066500003, 35.770163141000069 ], [ 36.697259125000073, 35.777342975000067 ], [ 36.703584690000071, 35.78589743200007 ], [ 36.698293210000031, 35.806171411000037 ], [ 36.699231007000037, 35.825719458000037 ], [ 36.704171874000053, 35.830347390000043 ], [ 36.712428478000049, 35.83274311200006 ], [ 36.714628892000064, 35.836355583000056 ], [ 36.712266711000041, 35.839415216000077 ], [ 36.693059620000042, 35.840120565000063 ], [ 36.68604672400005, 35.844254015000047 ], [ 36.670342929000071, 35.846636765000028 ], [ 36.665230840000049, 35.859913310000024 ], [ 36.663910334000036, 35.862173711000025 ], [ 36.659867001000066, 35.863093320000075 ], [ 36.657777347000035, 35.872180032000074 ], [ 36.655676372000073, 35.874103825000077 ], [ 36.644884500000046, 35.874276919000067 ], [ 36.642613590000053, 35.871965772000067 ], [ 36.638289560000032, 35.855951259000051 ], [ 36.63157626900005, 35.854554083000039 ], [ 36.626071438000054, 35.860336740000037 ], [ 36.610491011000079, 35.86044217400007 ], [ 36.606406127000071, 35.869500693000077 ], [ 36.602327545000037, 35.871070964000069 ], [ 36.591535672000077, 35.871244058000059 ], [ 36.58377755500004, 35.874390238000046 ], [ 36.581465094000066, 35.880218002000049 ], [ 36.584598288000052, 35.888727352000046 ], [ 36.585249086000033, 35.898829525000053 ], [ 36.584846888000072, 35.902568011000028 ], [ 36.582311620000041, 35.905136829000071 ], [ 36.574295447000054, 35.905674723000061 ], [ 36.571607867000068, 35.903683269000055 ], [ 36.571045189000074, 35.891954441000053 ], [ 36.567577140000026, 35.88962637800006 ], [ 36.555987175000041, 35.88978819600004 ], [ 36.54594052300007, 35.890948560000027 ], [ 36.540089518000059, 35.895749586000079 ], [ 36.531985226000074, 35.897914134000075 ], [ 36.527313735000064, 35.903057406000073 ], [ 36.517073221000032, 35.90779641000006 ], [ 36.513898475000076, 35.907425972000055 ], [ 36.508635362000064, 35.894002829000044 ], [ 36.500745708000068, 35.888519282000061 ], [ 36.49352261100006, 35.87441728400006 ], [ 36.483881309000026, 35.868095037000046 ], [ 36.477044651000028, 35.868975177000038 ], [ 36.470284793000076, 35.86106574400003 ], [ 36.460244445000058, 35.854737858000078 ], [ 36.457052075000036, 35.854692751000073 ], [ 36.448718672000041, 35.861086602000057 ], [ 36.441060958000037, 35.877516897000078 ], [ 36.430864248000034, 35.87793554700005 ], [ 36.427431417000037, 35.833425519000059 ], [ 36.430097356000033, 35.825193555000055 ], [ 36.42584039500008, 35.80825952400005 ], [ 36.422517998000046, 35.802728567000031 ], [ 36.411234551000064, 35.800881747000062 ], [ 36.410428828000079, 35.796651893000046 ], [ 36.411136710000051, 35.783584635000068 ], [ 36.413684386000057, 35.774761846000047 ], [ 36.427667188000044, 35.774537571000053 ], [ 36.429918010000051, 35.771194598000079 ], [ 36.430268701000045, 35.755169365000029 ], [ 36.419776308000053, 35.748271558000056 ], [ 36.415640022000048, 35.748213114000066 ], [ 36.413792061000038, 35.753671014000076 ], [ 36.407555973000058, 35.751177775000031 ], [ 36.39330945100005, 35.752315705000058 ], [ 36.390915692000078, 35.745134431000054 ], [ 36.393758174000027, 35.731873742000062 ], [ 36.393771629000071, 35.722900664000065 ], [ 36.393934505000061, 35.72078663800005 ], [ 36.410180279000031, 35.705156288000069 ], [ 36.410986004000051, 35.69119814000004 ], [ 36.406010526000046, 35.67605896300006 ], [ 36.387276751000059, 35.674900345000026 ], [ 36.386128296000038, 35.672968582000067 ], [ 36.386824731000047, 35.670232823000049 ], [ 36.389846962000036, 35.669381610000073 ], [ 36.396535761000052, 35.670242335000069 ], [ 36.400667444000078, 35.66915139300005 ], [ 36.402143265000063, 35.662148617000071 ], [ 36.396585160000029, 35.651981600000056 ], [ 36.395822341000041, 35.64703023800007 ] ] ] } },
{ "type": "Feature", "properties": { "shapeName": "Al-Hasakeh", "shapeISO": "", "shapeID": "27442178B13029247631939", "shapeGroup": "SYR", "shapeType": "ADM2" }, "geometry": { "type": "Polygon", "coordinates": [ [ [ 41.382387161000054, 36.481733322000025 ], [ 41.336053848000063, 36.521566391000079 ], [ 41.322771073000069, 36.535531998000067 ], [ 41.313913346000049, 36.565504074000046 ], [ 41.308805465000034, 36.572317123000062 ], [ 41.297903061000056, 36.575723648000064 ], [ 41.268415451000067, 36.57800102200008 ], [ 41.263372421000042, 36.583044053000037 ], [ 41.254289627000048, 36.60625267000006 ], [ 41.247224808000055, 36.670831681000038 ], [ 41.235116909000055, 36.683949655000049 ], [ 41.21796226500004, 36.694040298000061 ], [ 41.204845353000053, 36.71523026300008 ], [ 41.202827250000041, 36.746510870000066 ], [ 41.210899664000067, 36.760637597000027 ], [ 41.235116958000049, 36.774766922000026 ], [ 41.254011154000068, 36.812768936000055 ], [ 41.24371147100004, 36.816442490000043 ], [ 41.242212296000048, 36.827810287000034 ], [ 41.238134451000064, 36.838537042000041 ], [ 41.234487930000057, 36.840896556000075 ], [ 41.22976875300003, 36.842184067000062 ], [ 41.216253855000048, 36.839394926000068 ], [ 41.201025009000034, 36.82781028800008 ], [ 41.191801071000043, 36.82588005100007 ], [ 41.170778275000032, 36.833604813000079 ], [ 41.15640449600005, 36.832960129000071 ], [ 41.146295547000079, 36.828256607000071 ], [ 41.133283615000039, 36.816328049000049 ], [ 41.112679779000075, 36.817412680000075 ], [ 41.095329363000076, 36.830425492000074 ], [ 41.088296890000038, 36.840833664000058 ], [ 41.031885147000025, 36.788053513000079 ], [ 40.997034073000066, 36.766839981000032 ], [ 40.925056269000038, 36.778204935000076 ], [ 40.881871012000033, 36.797903474000066 ], [ 40.828081131000033, 36.796388626000066 ], [ 40.800806046000048, 36.804723739000053 ], [ 40.784135819000028, 36.804723740000043 ], [ 40.781862259000036, 36.792600632000074 ], [ 40.762164510000048, 36.778962571000079 ], [ 40.747011789000055, 36.775174391000064 ], [ 40.690189082000074, 36.775932027000067 ], [ 40.625790014000074, 36.767598030000045 ], [ 40.546995861000028, 36.765325122000036 ], [ 40.493961335000051, 36.754718216000072 ], [ 40.459110075000069, 36.753960580000069 ], [ 40.403045005000081, 36.780477843000028 ], [ 40.40092848900008, 36.784408515000052 ], [ 40.378043013000081, 36.780477844000075 ], [ 40.363230610000073, 36.776387846000034 ], [ 40.360235816000056, 36.773559430000034 ], [ 40.364728006000064, 36.754426025000043 ], [ 40.362065968000024, 36.747770927000033 ], [ 40.345999136000046, 36.740034645000037 ], [ 40.317931702000067, 36.735356740000043 ], [ 40.296243231000062, 36.728127249000067 ], [ 40.27710634400006, 36.730678834000059 ], [ 40.250314704000061, 36.724299872000074 ], [ 40.24393574100003, 36.712817740000048 ], [ 40.251165231000073, 36.700485080000078 ], [ 40.269876854000074, 36.679221872000028 ], [ 40.268175797000026, 36.668165004000059 ], [ 40.257544193000058, 36.645200741000053 ], [ 40.247337854000079, 36.633718609000027 ], [ 40.229051496000068, 36.633718609000027 ], [ 40.21501777900005, 36.631167024000035 ], [ 40.18099757300007, 36.605226598000058 ], [ 40.166540146000045, 36.609479904000068 ], [ 40.148252487000036, 36.609479905000057 ], [ 40.122735977000048, 36.597997666000026 ], [ 40.118057554000075, 36.586089025000035 ], [ 40.130815478000045, 36.566952138000033 ], [ 40.136769177000076, 36.543562611000027 ], [ 40.139746026000068, 36.498909875000038 ], [ 40.130390214000045, 36.446602385000062 ], [ 40.116350523000051, 36.401085049000073 ], [ 40.087144714000033, 36.29188072200003 ], [ 40.006819281000048, 36.200828731000058 ], [ 40.011399687000051, 36.192250155000067 ], [ 40.006395204000057, 36.181829721000042 ], [ 40.066680752000025, 36.145205548000035 ], [ 40.076549237000052, 36.136337086000026 ], [ 40.088078106000069, 36.119394975000034 ], [ 40.099018647000037, 36.086275010000065 ], [ 40.153603307000026, 36.059950776000051 ], [ 40.186401569000054, 36.036916683000072 ], [ 40.200129866000054, 36.028925095000034 ], [ 40.233302907000052, 36.025736232000042 ], [ 40.238930313000026, 36.00501759000008 ], [ 40.259512820000054, 35.984440389000042 ], [ 40.285654223000051, 35.970308978000048 ], [ 40.313845152000056, 35.958607083000061 ], [ 40.322355621000042, 35.952756136000062 ], [ 40.345896012000026, 35.94686474100007 ], [ 40.364376062000076, 35.938394716000062 ], [ 40.376077957000064, 35.92403329800004 ], [ 40.382992714000068, 35.905416648000028 ], [ 40.38937556500008, 35.896374275000028 ], [ 40.394162705000042, 35.884140474000048 ], [ 40.415885224000078, 35.862866226000051 ], [ 40.418074713000067, 35.863226930000053 ], [ 40.425380220000079, 35.854571584000041 ], [ 40.447128149000037, 35.837341221000031 ], [ 40.501145232000056, 35.788642412000058 ], [ 40.538188897000055, 35.771543883000049 ], [ 40.553105530000039, 35.757745102000058 ], [ 40.578374863000079, 35.738443374000042 ], [ 40.618036271000051, 35.711416244000077 ], [ 40.633638382000072, 35.694639206000033 ], [ 40.661195755000051, 35.67400550900004 ], [ 40.693189621000045, 35.652635574000044 ], [ 40.72294425900003, 35.640153885000075 ], [ 40.735174179000069, 35.628049851000071 ], [ 40.752069473000063, 35.617227554000067 ], [ 40.861093521000043, 35.587537766000025 ], [ 40.970949173000065, 35.549371719000078 ], [ 41.025758744000029, 35.551347732000067 ], [ 41.109830857000077, 35.547143937000044 ], [ 41.209226608000051, 35.538431167000056 ], [ 41.288599014000056, 35.493898391000073 ], [ 41.39429283100003, 35.630270004000067 ], [ 41.381082535000075, 35.835290909000037 ], [ 41.258012772000029, 36.054571151000061 ], [ 41.266901016000077, 36.09203147900007 ], [ 41.291791916000079, 36.263582230000054 ], [ 41.294530869000027, 36.356172561000051 ], [ 41.382387161000054, 36.481733322000025 ] ] ] } },
{ "type": "Feature", "properties": { "shapeName": "Quamishli", "shapeISO": "", "shapeID": "27442178B53577550578456", "shapeGroup": "SYR", "shapeType": "ADM2" }, "geometry": { "type": "Polygon", "coordinates": [ [ [ 41.382387161000054, 36.481733322000025 ], [ 41.41123000500005, 36.5229 ], [ 41.706811905000052, 36.567480087000035 ], [ 41.828252792000058, 36.593160629000067 ], [ 41.835847854000065, 36.598482132000072 ], [ 41.811285019000024, 36.62542533900006 ], [ 41.797159195000063, 36.655698776000065 ], [ 41.790098190000037, 36.680921554000065 ], [ 41.782022476000066, 36.722295761000055 ], [ 41.77496147200003, 36.727338791000079 ], [ 41.699281693000046, 36.743486404000066 ], [ 41.688180923000061, 36.751558304000071 ], [ 41.685155869000027, 36.776784897000027 ], [ 41.697263718000045, 36.824209214000064 ], [ 41.695245743000044, 36.898878097000079 ], [ 41.710382461000052, 36.92309761000007 ], [ 41.687173844000029, 36.947313309000037 ], [ 41.682126999000047, 36.974557877000052 ], [ 41.688180924000051, 36.98969459500006 ], [ 41.68616294900005, 37.009874343000035 ], [ 41.66699028000005, 37.041154862000042 ], [ 41.665983200000028, 37.076471329000071 ], [ 41.655187934000026, 37.11190879000003 ], [ 41.626482010000075, 37.105112076000069 ], [ 41.58971977200008, 37.092420578000031 ], [ 41.558141708000051, 37.08522987300006 ], [ 41.500852585000075, 37.079549790000044 ], [ 41.271062850000078, 37.079240799000047 ], [ 41.257490159000042, 37.074991226000066 ], [ 41.248750686000051, 37.069070816000078 ], [ 41.236772537000036, 37.064912796000044 ], [ 41.218412399000044, 37.063600540000039 ], [ 41.211919784000031, 37.067029953000031 ], [ 41.207719803000032, 37.076501846000042 ], [ 41.204351425000027, 37.079301834000034 ], [ 41.16974067700005, 37.092241287000036 ], [ 41.132390976000067, 37.09305000300003 ], [ 41.114542008000058, 37.09505271900008 ], [ 41.059522629000071, 37.105401993000044 ], [ 41.032350541000028, 37.107412338000074 ], [ 41.000520706000032, 37.11200141900008 ], [ 40.972429276000071, 37.117452621000041 ], [ 40.944860458000051, 37.124887466000075 ], [ 40.921079635000069, 37.12709999100008 ], [ 40.88593101500004, 37.124261857000079 ], [ 40.870470048000072, 37.11805152900007 ], [ 40.85810280100003, 37.108362197000076 ], [ 40.850469590000046, 37.106622696000045 ], [ 40.834062576000065, 37.109361648000061 ], [ 40.828180313000075, 37.116090774000043 ], [ 40.82253074700003, 37.119710922000024 ], [ 40.781732559000034, 37.120580673000063 ], [ 40.755096206000076, 37.107168319000039 ], [ 40.768224716000077, 37.085805893000042 ], [ 40.773529052000072, 37.053226835000032 ], [ 40.768224716000077, 37.005495071000041 ], [ 40.77731723200003, 36.954734144000042 ], [ 40.776559655000028, 36.927461357000027 ], [ 40.762166977000049, 36.905488968000043 ], [ 40.745496750000029, 36.905488968000043 ], [ 40.728071212000032, 36.892610550000029 ], [ 40.720495224000047, 36.873666764000063 ], [ 40.722768783000049, 36.856241226000066 ], [ 40.735647201000063, 36.831998825000028 ], [ 40.742467880000049, 36.810785294000027 ], [ 40.742467880000049, 36.789571762000037 ], [ 40.747011789000055, 36.775174391000064 ], [ 40.762164510000048, 36.778962571000079 ], [ 40.781862259000036, 36.792600632000074 ], [ 40.784135819000028, 36.804723740000043 ], [ 40.800806046000048, 36.804723739000053 ], [ 40.828081131000033, 36.796388626000066 ], [ 40.881871012000033, 36.797903474000066 ], [ 40.925056269000038, 36.778204935000076 ], [ 40.997034073000066, 36.766839981000032 ], [ 41.031885147000025, 36.788053513000079 ], [ 41.088296890000038, 36.840833664000058 ], [ 41.095329363000076, 36.830425492000074 ], [ 41.112679779000075, 36.817412680000075 ], [ 41.133283615000039, 36.816328049000049 ], [ 41.146295547000079, 36.828256607000071 ], [ 41.15640449600005, 36.832960129000071 ], [ 41.170778275000032, 36.833604813000079 ], [ 41.191801071000043, 36.82588005100007 ], [ 41.201025009000034, 36.82781028800008 ], [ 41.216253855000048, 36.839394926000068 ], [ 41.22976875300003, 36.842184067000062 ], [ 41.234487930000057, 36.840896556000075 ], [ 41.238134451000064, 36.838537042000041 ], [ 41.242212296000048, 36.827810287000034 ], [ 41.24371147100004, 36.816442490000043 ], [ 41.254011154000068, 36.812768936000055 ], [ 41.235116958000049, 36.774766922000026 ], [ 41.210899664000067, 36.760637597000027 ], [ 41.202827250000041, 36.746510870000066 ], [ 41.204845353000053, 36.71523026300008 ], [ 41.21796226500004, 36.694040298000061 ], [ 41.235116909000055, 36.683949655000049 ], [ 41.247224808000055, 36.670831681000038 ], [ 41.254289627000048, 36.60625267000006 ], [ 41.263372421000042, 36.583044053000037 ], [ 41.268415451000067, 36.57800102200008 ], [ 41.297903061000056, 36.575723648000064 ], [ 41.308805465000034, 36.572317123000062 ], [ 41.313913346000049, 36.565504074000046 ], [ 41.322771073000069, 36.535531998000067 ], [ 41.336053848000063, 36.521566391000079 ], [ 41.382387161000054, 36.481733322000025 ] ] ] } },
{ "type": "Feature", "properties": { "shapeName": "Al-Malikeyyeh", "shapeISO": "", "shapeID": "27442178B99216687489351", "shapeGroup": "SYR", "shapeType": "ADM2" }, "geometry": { "type": "Polygon", "coordinates": [ [ [ 41.835847854000065, 36.598482132000072 ], [ 41.938489914000058, 36.670331955000051 ], [ 41.990762711000059, 36.723051071000043 ], [ 42.034410476000062, 36.763780594000025 ], [ 42.092439652000053, 36.814260483000055 ], [ 42.137269974000048, 36.860670089000052 ], [ 42.176942826000072, 36.890451431000031 ], [ 42.249250412000038, 36.957700730000056 ], [ 42.384740830000055, 37.067182541000079 ], [ 42.385042191000025, 37.074121475000027 ], [ 42.381101608000051, 37.082029343000045 ], [ 42.37358284000004, 37.086839676000068 ], [ 42.36596107500003, 37.089120865000041 ], [ 42.362211227000046, 37.09497261000007 ], [ 42.353773118000049, 37.09758567800003 ], [ 42.358278274000043, 37.122140884000032 ], [ 42.35630989100008, 37.139741897000079 ], [ 42.349382401000071, 37.148351669000078 ], [ 42.337072373000069, 37.174871444000075 ], [ 42.335252762000039, 37.18570137100005 ], [ 42.340162277000047, 37.199560165000037 ], [ 42.355249404000062, 37.210611343000039 ], [ 42.35873222400005, 37.218080521000047 ], [ 42.357419968000045, 37.227529526000069 ], [ 42.349790573000064, 37.236471176000066 ], [ 42.335050583000054, 37.24033165000003 ], [ 42.327531814000054, 37.245130539000058 ], [ 42.321149826000067, 37.256792069000028 ], [ 42.307302475000029, 37.261312485000076 ], [ 42.30315971400006, 37.26509285000003 ], [ 42.300130845000069, 37.274591446000045 ], [ 42.294950485000072, 37.280931473000066 ], [ 42.275602340000034, 37.271139145000063 ], [ 42.267042160000074, 37.271841049000045 ], [ 42.255872726000064, 37.278810501000066 ], [ 42.247331620000068, 37.280420303000028 ], [ 42.235002518000044, 37.280530930000054 ], [ 42.227102279000064, 37.276609421000046 ], [ 42.220830917000058, 37.277479172000028 ], [ 42.218091965000042, 37.28054237300006 ], [ 42.218809128000032, 37.283960342000057 ], [ 42.228590011000051, 37.298379898000064 ], [ 42.234861373000058, 37.315690994000079 ], [ 42.224939346000042, 37.319139480000047 ], [ 42.22044181900003, 37.318109512000035 ], [ 42.216459275000034, 37.315221786000052 ], [ 42.207841874000053, 37.300191879000067 ], [ 42.193952560000071, 37.282182693000038 ], [ 42.183912278000037, 37.275091171000042 ], [ 42.153772354000068, 37.259759903000031 ], [ 42.139169692000053, 37.249452591000079 ], [ 42.122430802000054, 37.235399246000043 ], [ 42.112791061000053, 37.219121933000054 ], [ 42.106111526000063, 37.212850571000047 ], [ 42.079301834000034, 37.201559067000062 ], [ 42.057329177000042, 37.188882828000033 ], [ 42.016340227000057, 37.177439984000046 ], [ 41.975140001000057, 37.159569996000073 ], [ 41.758639791000064, 37.117469959000061 ], [ 41.728429795000068, 37.113512039000057 ], [ 41.686922073000062, 37.114461899000048 ], [ 41.655187934000026, 37.11190879000003 ], [ 41.665983200000028, 37.076471329000071 ], [ 41.66699028000005, 37.041154862000042 ], [ 41.68616294900005, 37.009874343000035 ], [ 41.688180924000051, 36.98969459500006 ], [ 41.682126999000047, 36.974557877000052 ], [ 41.687173844000029, 36.947313309000037 ], [ 41.710382461000052, 36.92309761000007 ], [ 41.695245743000044, 36.898878097000079 ], [ 41.697263718000045, 36.824209214000064 ], [ 41.685155869000027, 36.776784897000027 ], [ 41.688180923000061, 36.751558304000071 ], [ 41.699281693000046, 36.743486404000066 ], [ 41.77496147200003, 36.727338791000079 ], [ 41.782022476000066, 36.722295761000055 ], [ 41.790098190000037, 36.680921554000065 ], [ 41.797159195000063, 36.655698776000065 ], [ 41.811285019000024, 36.62542533900006 ], [ 41.835847854000065, 36.598482132000072 ] ] ] } },
{ "type": "Feature", "properties": { "shapeName": "Ras Al Ain", "shapeISO": "", "shapeID": "27442178B16567144851356", "shapeGroup": "SYR", "shapeType": "ADM2" }, "geometry": { "type": "Polygon", "coordinates": [ [ [ 40.747011789000055, 36.775174391000064 ], [ 40.742467880000049, 36.789571762000037 ], [ 40.742467880000049, 36.810785294000027 ], [ 40.735647201000063, 36.831998825000028 ], [ 40.722768783000049, 36.856241226000066 ], [ 40.720495224000047, 36.873666764000063 ], [ 40.728071212000032, 36.892610550000029 ], [ 40.745496750000029, 36.905488968000043 ], [ 40.762166977000049, 36.905488968000043 ], [ 40.776559655000028, 36.927461357000027 ], [ 40.77731723200003, 36.954734144000042 ], [ 40.768224716000077, 37.005495071000041 ], [ 40.773529052000072, 37.053226835000032 ], [ 40.768224716000077, 37.085805893000042 ], [ 40.755096206000076, 37.107168319000039 ], [ 40.74055, 37.10241 ], [ 40.72077, 37.10105 ], [ 40.70782, 37.09766 ], [ 40.68845, 37.08757 ], [ 40.67482, 37.07845 ], [ 40.63518, 37.06286 ], [ 40.60225, 37.05407 ], [ 40.58242, 37.04122 ], [ 40.54627, 37.02671 ], [ 40.53263, 37.02377 ], [ 40.46183, 37.01487 ], [ 40.43814, 37.0088 ], [ 40.419111251000061, 36.999242782000067 ], [ 40.39753913900006, 36.981340408000051 ], [ 40.38601112300006, 36.974691391000079 ], [ 40.369600296000044, 36.967390060000071 ], [ 40.325929642000062, 36.951971054000069 ], [ 40.278432846000044, 36.926141739000059 ], [ 40.260210037000036, 36.919992447000027 ], [ 40.238279343000045, 36.903211594000027 ], [ 40.207952499000044, 36.887750625000024 ], [ 40.180860520000067, 36.878679276000071 ], [ 40.132669449000048, 36.87182045000003 ], [ 40.086999893000041, 36.860689164000064 ], [ 40.080110550000029, 36.85650062600007 ], [ 40.072751999000047, 36.849100113000077 ], [ 40.051919937000036, 36.836050034000039 ], [ 40.015840531000038, 36.824029922000079 ], [ 39.963239670000064, 36.798452377000046 ], [ 39.929059982000069, 36.786951065000039 ], [ 39.890470505000053, 36.77708244400003 ], [ 39.855981827000051, 36.760530472000028 ], [ 39.841829300000029, 36.75531959500006 ], [ 39.807291031000034, 36.749532700000032 ], [ 39.722730637000041, 36.743822098000066 ], [ 39.712030411000057, 36.741571426000064 ], [ 39.664770126000064, 36.725809097000024 ], [ 39.626291275000028, 36.723302841000077 ], [ 39.596639633000052, 36.719610214000056 ], [ 39.545732498000064, 36.707830429000069 ], [ 39.503976822000027, 36.702077865000035 ], [ 39.512987137000039, 36.68423271100005 ], [ 39.564447403000031, 36.617883683000059 ], [ 39.596883774000048, 36.58975029000004 ], [ 39.624975204000066, 36.561658859000033 ], [ 39.730066300000033, 36.47681999200006 ], [ 39.75853919900004, 36.452005386000053 ], [ 39.799577713000076, 36.369310379000069 ], [ 39.806154251000066, 36.372732162000034 ], [ 39.813962936000053, 36.372365952000052 ], [ 39.828451156000028, 36.360918045000062 ], [ 39.83498191800004, 36.359270096000046 ], [ 39.845075607000069, 36.360116958000049 ], [ 39.854898453000033, 36.35818290800006 ], [ 39.894384430000059, 36.338227090000032 ], [ 39.899133943000038, 36.33578705900004 ], [ 39.944208488000072, 36.245263564000027 ], [ 39.955587353000055, 36.233817714000054 ], [ 40.002238839000029, 36.20940710900004 ], [ 40.006819281000048, 36.200828731000058 ], [ 40.087144714000033, 36.29188072200003 ], [ 40.116350523000051, 36.401085049000073 ], [ 40.130390214000045, 36.446602385000062 ], [ 40.139746026000068, 36.498909875000038 ], [ 40.136769177000076, 36.543562611000027 ], [ 40.130815478000045, 36.566952138000033 ], [ 40.118057554000075, 36.586089025000035 ], [ 40.122735977000048, 36.597997666000026 ], [ 40.148252487000036, 36.609479905000057 ], [ 40.166540146000045, 36.609479904000068 ], [ 40.18099757300007, 36.605226598000058 ], [ 40.21501777900005, 36.631167024000035 ], [ 40.229051496000068, 36.633718609000027 ], [ 40.247337854000079, 36.633718609000027 ], [ 40.257544193000058, 36.645200741000053 ], [ 40.268175797000026, 36.668165004000059 ], [ 40.269876854000074, 36.679221872000028 ], [ 40.251165231000073, 36.700485080000078 ], [ 40.24393574100003, 36.712817740000048 ], [ 40.250314704000061, 36.724299872000074 ], [ 40.27710634400006, 36.730678834000059 ], [ 40.296243231000062, 36.728127249000067 ], [ 40.317931702000067, 36.735356740000043 ], [ 40.345999136000046, 36.740034645000037 ], [ 40.362065968000024, 36.747770927000033 ], [ 40.364728006000064, 36.754426025000043 ], [ 40.360235816000056, 36.773559430000034 ], [ 40.363230610000073, 36.776387846000034 ], [ 40.378043013000081, 36.780477844000075 ], [ 40.40092848900008, 36.784408515000052 ], [ 40.403045005000081, 36.780477843000028 ], [ 40.459110075000069, 36.753960580000069 ], [ 40.493961335000051, 36.754718216000072 ], [ 40.546995861000028, 36.765325122000036 ], [ 40.625790014000074, 36.767598030000045 ], [ 40.690189082000074, 36.775932027000067 ], [ 40.747011789000055, 36.775174391000064 ] ] ] } },
{ "type": "Feature", "properties": { "shapeName": "Deir-ez-Zor", "shapeISO": "", "shapeID": "27442178B9541206135539", "shapeGroup": "SYR", "shapeType": "ADM2" }, "geometry": { "type": "Polygon", "coordinates": [ [ [ 39.700217304000034, 34.79008927600006 ], [ 40.051324647000058, 34.957342496000024 ], [ 40.113379580000071, 34.987728169000036 ], [ 40.149531076000073, 35.007781268000031 ], [ 40.33456239700007, 35.115190784000049 ], [ 40.335677703000044, 35.140471141000035 ], [ 40.34916559800007, 35.153959035000071 ], [ 40.376141385000039, 35.157604412000069 ], [ 40.394003731000055, 35.162343402000033 ], [ 40.40776818900008, 35.154628743000046 ], [ 40.423948371000051, 35.124823891000062 ], [ 40.425627690000056, 35.073556843000063 ], [ 40.43117503700006, 35.066789963000076 ], [ 40.440383218000079, 35.063744971000062 ], [ 40.449247649000029, 35.065109101000075 ], [ 40.455965329000037, 35.070638852000059 ], [ 40.461410191000027, 35.072546706000026 ], [ 40.467213798000046, 35.071961806000047 ], [ 40.472508004000076, 35.06823221500008 ], [ 40.526695442000062, 35.103288299000042 ], [ 40.576750154000081, 35.14590247700005 ], [ 40.661878039000044, 35.140551050000056 ], [ 40.856122403000029, 35.119899497000063 ], [ 40.905716316000053, 35.16837296500006 ], [ 40.931333292000033, 35.188723215000039 ], [ 40.937066727000058, 35.203874417000065 ], [ 40.951657557000033, 35.232964820000063 ], [ 40.975325290000058, 35.263485014000025 ], [ 40.978248285000063, 35.271550727000033 ], [ 41.002849686000047, 35.242338216000064 ], [ 41.133861947000071, 35.07353719200006 ], [ 41.219526290000033, 35.10838890000008 ], [ 41.218111039000064, 35.13224983200007 ], [ 41.225252151000063, 35.204240799000047 ], [ 41.233331681000038, 35.248029709000036 ], [ 41.242399215000034, 35.285482407000075 ], [ 41.274919510000075, 35.384920120000061 ], [ 41.282602311000062, 35.486150742000063 ], [ 41.288599014000056, 35.493898391000073 ], [ 41.209226608000051, 35.538431167000056 ], [ 41.109830857000077, 35.547143937000044 ], [ 41.025758744000029, 35.551347732000067 ], [ 40.970949173000065, 35.549371719000078 ], [ 40.861093521000043, 35.587537766000025 ], [ 40.752069473000063, 35.617227554000067 ], [ 40.735174179000069, 35.628049851000071 ], [ 40.72294425900003, 35.640153885000075 ], [ 40.693189621000045, 35.652635574000044 ], [ 40.661195755000051, 35.67400550900004 ], [ 40.633638382000072, 35.694639206000033 ], [ 40.618036271000051, 35.711416244000077 ], [ 40.578374863000079, 35.738443374000042 ], [ 40.553105530000039, 35.757745102000058 ], [ 40.538188897000055, 35.771543883000049 ], [ 40.501145232000056, 35.788642412000058 ], [ 40.447128149000037, 35.837341221000031 ], [ 40.425380220000079, 35.854571584000041 ], [ 40.418074713000067, 35.863226930000053 ], [ 40.415885224000078, 35.862866226000051 ], [ 40.394162705000042, 35.884140474000048 ], [ 40.38937556500008, 35.896374275000028 ], [ 40.382992714000068, 35.905416648000028 ], [ 40.376077957000064, 35.92403329800004 ], [ 40.364376062000076, 35.938394716000062 ], [ 40.345896012000026, 35.94686474100007 ], [ 40.322355621000042, 35.952756136000062 ], [ 40.313845152000056, 35.958607083000061 ], [ 40.285654223000051, 35.970308978000048 ], [ 40.259512820000054, 35.984440389000042 ], [ 40.238930313000026, 36.00501759000008 ], [ 40.233302907000052, 36.025736232000042 ], [ 40.200129866000054, 36.028925095000034 ], [ 40.186401569000054, 36.036916683000072 ], [ 40.153603307000026, 36.059950776000051 ], [ 40.099018647000037, 36.086275010000065 ], [ 40.088078106000069, 36.119394975000034 ], [ 40.076549237000052, 36.136337086000026 ], [ 40.066680752000025, 36.145205548000035 ], [ 40.006395204000057, 36.181829721000042 ], [ 40.011399687000051, 36.192250155000067 ], [ 40.006819281000048, 36.200828731000058 ], [ 40.002238839000029, 36.20940710900004 ], [ 39.955587353000055, 36.233817714000054 ], [ 39.944208488000072, 36.245263564000027 ], [ 39.899133943000038, 36.33578705900004 ], [ 39.894384430000059, 36.338227090000032 ], [ 39.898897171000044, 36.269472122000025 ], [ 39.893491745000063, 36.244909287000041 ], [ 39.894605637000041, 36.239953995000064 ], [ 39.890310075000059, 36.235390713000072 ], [ 39.888868332000072, 36.229257584000038 ], [ 39.88410340300004, 36.224671193000063 ], [ 39.880113602000051, 36.215265274000046 ], [ 39.874208998000029, 36.212849279000068 ], [ 39.869110393000028, 36.212849279000068 ], [ 39.863744736000058, 36.209360123000067 ], [ 39.854352952000056, 36.188161850000029 ], [ 39.842813492000062, 36.179574967000065 ], [ 39.842546463000076, 36.172864914000058 ], [ 39.829397202000052, 36.150594711000053 ], [ 39.831007004000071, 36.146299362000036 ], [ 39.834760666000079, 36.146234512000035 ], [ 39.836641311000051, 36.138250351000067 ], [ 39.839944840000044, 36.136240005000047 ], [ 39.843080520000058, 36.131273269000076 ], [ 39.838788929000032, 36.126443390000077 ], [ 39.837984085000073, 36.119733810000071 ], [ 39.833959579000066, 36.119195938000075 ], [ 39.827516512000045, 36.111145531000034 ], [ 39.817052765000028, 36.108999121000068 ], [ 39.809805569000048, 36.096654760000035 ], [ 39.799879074000046, 36.086191177000046 ], [ 39.800683975000027, 36.081895829000075 ], [ 39.794778824000048, 36.070356369000024 ], [ 39.784315109000033, 36.063112259000036 ], [ 39.780018983000048, 36.049693926000032 ], [ 39.775781240000072, 36.049458831000038 ], [ 39.773580551000066, 36.045938492000062 ], [ 39.767674993000071, 36.042716888000029 ], [ 39.763918126000078, 36.035739850000027 ], [ 39.759626388000072, 36.033861160000072 ], [ 39.746475531000044, 36.032519679000075 ], [ 39.742181968000068, 36.026616030000071 ], [ 39.740842819000079, 36.020177841000077 ], [ 39.742452621000041, 36.01588249200006 ], [ 39.734132767000062, 36.011320114000057 ], [ 39.727155003000064, 36.009441917000061 ], [ 39.723665983000046, 36.002464745000054 ], [ 39.716958999000042, 35.999513626000066 ], [ 39.713739395000061, 35.994146347000026 ], [ 39.703271564000033, 35.989047364000044 ], [ 39.698442459000034, 35.969190598000068 ], [ 39.70756721500004, 35.954969406000032 ], [ 39.701393130000042, 35.929742539000074 ], [ 39.703808259000027, 35.825892010000075 ], [ 39.697568139000055, 35.776343134000058 ], [ 39.700364943000068, 35.774690476000046 ], [ 39.700492069000063, 35.770241017000046 ], [ 39.694517081000072, 35.76858836100007 ], [ 39.684601142000076, 35.776597388000027 ], [ 39.657650129000046, 35.775580369000068 ], [ 39.642903348000061, 35.761977735000073 ], [ 39.640157785000042, 35.752557987000046 ], [ 39.471368584000061, 35.553098135000027 ], [ 39.244927535000045, 35.27796757200008 ], [ 39.297376633000056, 35.250860215000046 ], [ 39.416379929000072, 35.162450791000026 ], [ 39.575071335000075, 34.949602127000048 ], [ 39.700217304000034, 34.79008927600006 ] ] ] } },
{ "type": "Feature", "properties": { "shapeName": "Abu Kamal", "shapeISO": "", "shapeID": "27442178B22276011833046", "shapeGroup": "SYR", "shapeType": "ADM2" }, "geometry": { "type": "Polygon", "coordinates": [ [ [ 40.265003834000026, 34.067998127000067 ], [ 41.012369156000034, 34.419870377000052 ], [ 41.017240524000044, 34.439512253000032 ], [ 41.019250870000064, 34.442689895000058 ], [ 41.027090073000068, 34.446699142000057 ], [ 41.033029556000031, 34.452112198000066 ], [ 41.139459610000074, 34.664152146000049 ], [ 41.234502793000047, 34.777242661000059 ], [ 41.23774910000003, 34.784982681000031 ], [ 41.229639054000074, 34.86010170000003 ], [ 41.229650498000069, 34.937841415000037 ], [ 41.219526290000033, 35.10838890000008 ], [ 41.133861947000071, 35.07353719200006 ], [ 40.969637986000066, 35.007415261000062 ], [ 40.860381163000056, 34.922972686000037 ], [ 40.731034998000041, 34.858609865000062 ], [ 40.731820165000045, 34.857864419000066 ], [ 40.70502061600007, 34.840015677000054 ], [ 40.681553016000066, 34.835938903000056 ], [ 40.665539739000053, 34.838097344000062 ], [ 40.669548138000039, 34.804458363000037 ], [ 40.668004354000061, 34.804051532000074 ], [ 40.680581450000034, 34.772239788000036 ], [ 40.707139969000025, 34.768899918000045 ], [ 40.72354645300004, 34.748082770000053 ], [ 40.739083065000045, 34.749864393000053 ], [ 40.739681614000062, 34.747257558000058 ], [ 40.723606670000038, 34.724025735000055 ], [ 40.70943004600008, 34.698889955000027 ], [ 40.707256803000064, 34.697841009000058 ], [ 40.685738534000052, 34.700128531000075 ], [ 40.666061429000081, 34.700387503000059 ], [ 40.651612829000044, 34.709084898000071 ], [ 40.617083143000059, 34.734188241000027 ], [ 40.583323693000068, 34.755272970000078 ], [ 40.579859228000032, 34.759515613000076 ], [ 40.278272629000071, 34.582242966000024 ], [ 40.165349960000071, 34.710367203000033 ], [ 40.073507309000036, 34.811101914000062 ], [ 39.80216462900006, 34.660420673000033 ], [ 40.02765846300008, 34.373617172000024 ], [ 40.219499588000076, 34.129617691000078 ], [ 40.265003834000026, 34.067998127000067 ] ] ] } },
{ "type": "Feature", "properties": { "shapeName": "Al Mayadin", "shapeISO": "", "shapeID": "27442178B96470480022323", "shapeGroup": "SYR", "shapeType": "ADM2" }, "geometry": { "type": "Polygon", "coordinates": [ [ [ 39.80216462900006, 34.660420673000033 ], [ 40.073507309000036, 34.811101914000062 ], [ 40.165349960000071, 34.710367203000033 ], [ 40.278272629000071, 34.582242966000024 ], [ 40.579859228000032, 34.759515613000076 ], [ 40.583323693000068, 34.755272970000078 ], [ 40.617083143000059, 34.734188241000027 ], [ 40.651612829000044, 34.709084898000071 ], [ 40.666061429000081, 34.700387503000059 ], [ 40.685738534000052, 34.700128531000075 ], [ 40.707256803000064, 34.697841009000058 ], [ 40.70943004600008, 34.698889955000027 ], [ 40.723606670000038, 34.724025735000055 ], [ 40.739681614000062, 34.747257558000058 ], [ 40.739083065000045, 34.749864393000053 ], [ 40.72354645300004, 34.748082770000053 ], [ 40.707139969000025, 34.768899918000045 ], [ 40.680581450000034, 34.772239788000036 ], [ 40.668004354000061, 34.804051532000074 ], [ 40.669548138000039, 34.804458363000037 ], [ 40.665539739000053, 34.838097344000062 ], [ 40.681553016000066, 34.835938903000056 ], [ 40.70502061600007, 34.840015677000054 ], [ 40.731820165000045, 34.857864419000066 ], [ 40.731034998000041, 34.858609865000062 ], [ 40.860381163000056, 34.922972686000037 ], [ 40.969637986000066, 35.007415261000062 ], [ 41.133861947000071, 35.07353719200006 ], [ 41.002849686000047, 35.242338216000064 ], [ 40.978248285000063, 35.271550727000033 ], [ 40.975325290000058, 35.263485014000025 ], [ 40.951657557000033, 35.232964820000063 ], [ 40.937066727000058, 35.203874417000065 ], [ 40.931333292000033, 35.188723215000039 ], [ 40.905716316000053, 35.16837296500006 ], [ 40.856122403000029, 35.119899497000063 ], [ 40.661878039000044, 35.140551050000056 ], [ 40.576750154000081, 35.14590247700005 ], [ 40.526695442000062, 35.103288299000042 ], [ 40.472508004000076, 35.06823221500008 ], [ 40.467213798000046, 35.071961806000047 ], [ 40.461410191000027, 35.072546706000026 ], [ 40.455965329000037, 35.070638852000059 ], [ 40.449247649000029, 35.065109101000075 ], [ 40.440383218000079, 35.063744971000062 ], [ 40.43117503700006, 35.066789963000076 ], [ 40.425627690000056, 35.073556843000063 ], [ 40.423948371000051, 35.124823891000062 ], [ 40.40776818900008, 35.154628743000046 ], [ 40.394003731000055, 35.162343402000033 ], [ 40.376141385000039, 35.157604412000069 ], [ 40.34916559800007, 35.153959035000071 ], [ 40.335677703000044, 35.140471141000035 ], [ 40.33456239700007, 35.115190784000049 ], [ 40.149531076000073, 35.007781268000031 ], [ 40.113379580000071, 34.987728169000036 ], [ 40.051324647000058, 34.957342496000024 ], [ 39.700217304000034, 34.79008927600006 ], [ 39.80216462900006, 34.660420673000033 ] ] ] } },
{ "type": "Feature", "properties": { "shapeName": "Tartous", "shapeISO": "", "shapeID": "27442178B78381061793998", "shapeGroup": "SYR", "shapeType": "ADM2" }, "geometry": { "type": "MultiPolygon", "coordinates": [ [ [ [ 35.857824343000061, 34.859098146000065 ], [ 35.855320779000067, 34.857323371000064 ], [ 35.855919899000071, 34.854674705000036 ], [ 35.857571197000027, 34.853482143000065 ], [ 35.861652491000029, 34.854191934000028 ], [ 35.862100901000076, 34.856247107000058 ], [ 35.85998212800007, 34.85574093200006 ], [ 35.85752537500008, 34.858463839000024 ], [ 35.861283595000032, 34.857742484000028 ], [ 35.857824343000061, 34.859098146000065 ] ] ], [ [ [ 36.12820838500005, 34.69139238300005 ], [ 36.115295035000031, 34.695283981000046 ], [ 36.102504608000061, 34.704018667000071 ], [ 36.092645596000068, 34.707281637000051 ], [ 36.085976143000039, 34.712599024000042 ], [ 36.088668218000066, 34.721110244000045 ], [ 36.084349287000066, 34.732285560000037 ], [ 36.084252663000029, 34.737488035000069 ], [ 36.091640501000029, 34.744749944000034 ], [ 36.091913069000043, 34.750077889000067 ], [ 36.086104637000062, 34.757843378000075 ], [ 36.076735484000039, 34.763415458000054 ], [ 36.063048148000064, 34.763478479000071 ], [ 36.049429114000077, 34.760335506000047 ], [ 36.041019267000024, 34.754293210000071 ], [ 36.032108530000073, 34.762442372000066 ], [ 36.030989815000055, 34.767513725000072 ], [ 36.033496495000065, 34.771784354000033 ], [ 36.030325965000031, 34.79876179300004 ], [ 36.027365539000073, 34.805928408000057 ], [ 36.01922131300006, 34.814511309000068 ], [ 36.020213107000075, 34.816855148000059 ], [ 36.017601261000038, 34.818728535000048 ], [ 36.014662595000061, 34.824623975000065 ], [ 36.013057272000026, 34.83551654300004 ], [ 36.014252591000059, 34.84104166000003 ], [ 36.01985069400007, 34.845564203000038 ], [ 36.02524164600004, 34.847117333000028 ], [ 36.025769672000024, 34.854252570000028 ], [ 36.021682236000061, 34.858731356000078 ], [ 36.020812569000043, 34.86494947500006 ], [ 36.023832820000052, 34.869137695000063 ], [ 36.02844275800004, 34.871104537000065 ], [ 36.038236495000035, 34.871655094000062 ], [ 36.037050347000047, 34.881069719000038 ], [ 36.026078178000034, 34.881139642000051 ], [ 36.013367532000075, 34.885213349000026 ], [ 36.005899381000063, 34.907049345000075 ], [ 36.015432020000048, 34.922854011000027 ], [ 36.044152178000047, 34.919845382000062 ], [ 36.056946389000075, 34.924026962000028 ], [ 36.062802413000043, 34.928552844000023 ], [ 36.063518155000054, 34.931952659000046 ], [ 36.053252540000074, 34.943898660000059 ], [ 36.051065877000042, 34.951075288000027 ], [ 36.064653104000058, 34.962067716000035 ], [ 36.060874569000077, 34.96582397800006 ], [ 36.053878069000064, 34.967640625000058 ], [ 36.048723280000047, 34.967362009000055 ], [ 36.040832167000076, 34.962235125000063 ], [ 36.038737061000063, 34.962345394000067 ], [ 36.036825737000072, 34.96488157400006 ], [ 36.039220549000049, 34.979953612000031 ], [ 36.019804187000034, 34.991463332000023 ], [ 36.008201377000034, 34.991101274000073 ], [ 35.999381301000028, 34.993953871000031 ], [ 36.002338548000068, 35.002044702000035 ], [ 36.000337279000064, 35.013461921000044 ], [ 35.998230396000054, 35.015977571000064 ], [ 35.99332264800006, 35.016337880000037 ], [ 35.987302988000067, 35.006300233000047 ], [ 35.981944673000044, 35.002840340000034 ], [ 35.979060402000073, 35.005557840000051 ], [ 35.976353331000041, 35.014354906000051 ], [ 35.968818744000032, 35.014248071000054 ], [ 35.955161473000032, 35.022731111000041 ], [ 35.95484190500008, 35.026329438000062 ], [ 35.963302522000049, 35.02940565800003 ], [ 35.971701491000033, 35.036083542000029 ], [ 35.970117703000028, 35.038182142000039 ], [ 35.967771479000078, 35.054680727000061 ], [ 35.965631959000063, 35.059103140000047 ], [ 35.955750255000055, 35.069610615000045 ], [ 35.940167724000048, 35.068847196000036 ], [ 35.933254550000072, 35.065897671000073 ], [ 35.930586449000032, 35.054254653000044 ], [ 35.916387633000056, 35.034218708000026 ], [ 35.909241056000042, 35.032996086000026 ], [ 35.901643626000066, 35.028021396000042 ], [ 35.90433342700004, 35.011265191000064 ], [ 35.902928802000076, 35.004340298000045 ], [ 35.891796587000044, 34.996714731000054 ], [ 35.887798812000028, 34.992022829000064 ], [ 35.882877718000032, 34.967797164000046 ], [ 35.886220656000035, 34.945843780000075 ], [ 35.884580292000066, 34.937766375000024 ], [ 35.88807711700008, 34.926375500000063 ], [ 35.886374543000045, 34.919905718000052 ], [ 35.880366421000076, 34.909654257000057 ], [ 35.904651021000063, 34.841629872000055 ], [ 35.934498455000039, 34.78705582300006 ], [ 35.939108502000067, 34.775232756000037 ], [ 35.938940073000026, 34.757555008000054 ], [ 35.940954232000024, 34.740846634000036 ], [ 35.947187448000079, 34.722639085000026 ], [ 35.96064188500003, 34.696573258000058 ], [ 35.980760598000074, 34.643564225000034 ], [ 35.982381844000031, 34.645349503000034 ], [ 35.981061959000044, 34.649980545000062 ], [ 35.983831430000066, 34.652181626000072 ], [ 35.992212319000032, 34.649919510000075 ], [ 35.99213984000005, 34.64325141900008 ], [ 35.999742532000027, 34.643571855000062 ], [ 36.007291818000056, 34.645872117000067 ], [ 36.00589945300004, 34.642309189000059 ], [ 36.018812204000028, 34.636281968000048 ], [ 36.023530984000047, 34.635442734000037 ], [ 36.024572373000069, 34.632032394000078 ], [ 36.027479171000039, 34.629930496000043 ], [ 36.034002304000069, 34.631341934000034 ], [ 36.032892227000048, 34.628141403000029 ], [ 36.034212112000034, 34.627622605000056 ], [ 36.042680740000037, 34.63004112200008 ], [ 36.052602768000042, 34.628301620000059 ], [ 36.054201126000066, 34.632291794000025 ], [ 36.059469223000065, 34.63306999200006 ], [ 36.062742233000051, 34.635961533000057 ], [ 36.064680099000043, 34.635541916000079 ], [ 36.06482124300004, 34.631822586000055 ], [ 36.066419602000053, 34.633710861000054 ], [ 36.071969986000056, 34.632860183000048 ], [ 36.073701859000039, 34.628202438000073 ], [ 36.075849533000053, 34.628671646000043 ], [ 36.079050064000057, 34.634340286000054 ], [ 36.080442429000072, 34.630659103000028 ], [ 36.085161209000034, 34.632242203000033 ], [ 36.088491440000041, 34.629400253000028 ], [ 36.090780258000052, 34.630350113000077 ], [ 36.09293174700008, 34.629301071000043 ], [ 36.094530106000036, 34.632181167000056 ], [ 36.097299576000069, 34.633390427000052 ], [ 36.097509384000034, 34.636331558000052 ], [ 36.100770950000026, 34.634649277000051 ], [ 36.102651596000044, 34.635442734000037 ], [ 36.110971451000069, 34.633501053000032 ], [ 36.113542557000073, 34.633760453000036 ], [ 36.117311477000044, 34.637990952000052 ], [ 36.115858078000031, 34.646932602000049 ], [ 36.124948502000052, 34.661455154000066 ], [ 36.129011154000068, 34.664575577000051 ], [ 36.125150681000036, 34.679655075000028 ], [ 36.12820838500005, 34.69139238300005 ] ] ] ] } },
{ "type": "Feature", "properties": { "shapeName": "Banyas", "shapeISO": "", "shapeID": "27442178B62310236233952", "shapeGroup": "SYR", "shapeType": "ADM2" }, "geometry": { "type": "Polygon", "coordinates": [ [ [ 36.22642135600006, 35.253991728000074 ], [ 36.219945859000063, 35.254157255000052 ], [ 36.202991607000058, 35.248777372000063 ], [ 36.190852987000028, 35.236271075000047 ], [ 36.182856923000031, 35.233493248000059 ], [ 36.179917206000027, 35.226218723000045 ], [ 36.171519354000054, 35.224536901000079 ], [ 36.165068528000063, 35.220992497000054 ], [ 36.157005162000075, 35.222146670000029 ], [ 36.152358682000056, 35.225075524000033 ], [ 36.144964123000079, 35.226317010000059 ], [ 36.121636830000057, 35.224127361000058 ], [ 36.118422186000032, 35.221726039000032 ], [ 36.093282804000069, 35.224704331000055 ], [ 36.077684557000055, 35.224109193000061 ], [ 36.063170500000069, 35.226186705000032 ], [ 36.050571063000064, 35.224938188000067 ], [ 36.045773491000034, 35.225505364000071 ], [ 36.038589415000047, 35.231233047000046 ], [ 36.015035653000041, 35.231085561000043 ], [ 35.991024067000069, 35.252090998000028 ], [ 35.98547676000004, 35.251704582000059 ], [ 35.981361289000063, 35.24598799000006 ], [ 35.975263795000046, 35.244178622000049 ], [ 35.97063649200004, 35.25717587400004 ], [ 35.95681550200004, 35.259042114000067 ], [ 35.954005506000044, 35.26097218700005 ], [ 35.95274360500008, 35.267563081000048 ], [ 35.946597267000072, 35.271057180000071 ], [ 35.937612202000025, 35.267597549000072 ], [ 35.93584087000005, 35.262732116000052 ], [ 35.949075109000034, 35.245156312000063 ], [ 35.954854039000054, 35.232668585000056 ], [ 35.960213873000043, 35.216274761000079 ], [ 35.963026395000043, 35.200732224000035 ], [ 35.961592303000032, 35.194272265000052 ], [ 35.957083756000031, 35.187962918000039 ], [ 35.932730398000047, 35.174731952000059 ], [ 35.930716776000054, 35.168946475000041 ], [ 35.933005429000048, 35.160050525000031 ], [ 35.930720051000037, 35.154022757000064 ], [ 35.919689335000044, 35.143188492000036 ], [ 35.917354844000045, 35.13119189300005 ], [ 35.910236774000055, 35.120223387000067 ], [ 35.905253471000037, 35.119182197000043 ], [ 35.902450772000066, 35.112224563000041 ], [ 35.897320130000026, 35.10773566000006 ], [ 35.896278940000059, 35.098525389000031 ], [ 35.900378215000046, 35.086001647000046 ], [ 35.898335126000063, 35.073782403000052 ], [ 35.892035602000078, 35.063527668000063 ], [ 35.891655797000055, 35.058920896000075 ], [ 35.89812885300006, 35.049903801000028 ], [ 35.901643626000066, 35.028021396000042 ], [ 35.909241056000042, 35.032996086000026 ], [ 35.916387633000056, 35.034218708000026 ], [ 35.930586449000032, 35.054254653000044 ], [ 35.933254550000072, 35.065897671000073 ], [ 35.940167724000048, 35.068847196000036 ], [ 35.955750255000055, 35.069610615000045 ], [ 35.959165281000026, 35.077757345000066 ], [ 35.977782268000055, 35.090952664000042 ], [ 35.994607987000052, 35.095124017000046 ], [ 36.003505150000024, 35.089855503000024 ], [ 36.004598087000034, 35.085831911000071 ], [ 36.008987470000079, 35.080673302000037 ], [ 36.016774420000047, 35.080437592000067 ], [ 36.02308750800006, 35.076565671000026 ], [ 36.023554624000042, 35.073206936000076 ], [ 36.027886426000066, 35.071412363000036 ], [ 36.029423449000035, 35.065375649000032 ], [ 36.037934107000069, 35.058756222000056 ], [ 36.076955049000048, 35.046559133000073 ], [ 36.079608398000062, 35.047098186000028 ], [ 36.084231696000074, 35.052205185000048 ], [ 36.083929040000044, 35.057921395000051 ], [ 36.087192772000037, 35.062746717000039 ], [ 36.097487282000031, 35.067518231000065 ], [ 36.107820701000037, 35.062100065000038 ], [ 36.119224304000056, 35.060589509000067 ], [ 36.126612955000041, 35.053090104000034 ], [ 36.127616464000027, 35.048308278000036 ], [ 36.137230770000031, 35.041961794000031 ], [ 36.148305607000054, 35.040403113000025 ], [ 36.155688831000077, 35.041305507000061 ], [ 36.156606068000031, 35.044130666000058 ], [ 36.16799969200008, 35.042821901000025 ], [ 36.170683932000031, 35.044779159000029 ], [ 36.17181778500003, 35.047315790000027 ], [ 36.174878056000068, 35.048190379000062 ], [ 36.174546166000027, 35.058673441000053 ], [ 36.177516922000052, 35.064600250000069 ], [ 36.189474447000066, 35.07198926500007 ], [ 36.194870574000049, 35.073825604000035 ], [ 36.247533176000047, 35.074507092000033 ], [ 36.248996454000064, 35.078528779000067 ], [ 36.264424932000054, 35.083447879000062 ], [ 36.264414664000071, 35.100831037000034 ], [ 36.272308427000041, 35.109585504000052 ], [ 36.268937640000047, 35.116306422000036 ], [ 36.272867190000056, 35.127290655000024 ], [ 36.266338626000049, 35.13947672900008 ], [ 36.266212264000046, 35.152453569000045 ], [ 36.262663466000049, 35.158385610000039 ], [ 36.25544758500007, 35.182754690000024 ], [ 36.253676211000027, 35.196732789000066 ], [ 36.25479963500004, 35.203826495000044 ], [ 36.25504393600005, 35.211931371000048 ], [ 36.248199731000057, 35.220180489000029 ], [ 36.244001138000044, 35.230508937000025 ], [ 36.244060864000062, 35.243802815000038 ], [ 36.236469615000033, 35.250941062000038 ], [ 36.22642135600006, 35.253991728000074 ] ] ] } },
{ "type": "Feature", "properties": { "shapeName": "Safita", "shapeISO": "", "shapeID": "27442178B1888341304206", "shapeGroup": "SYR", "shapeType": "ADM2" }, "geometry": { "type": "Polygon", "coordinates": [ [ [ 36.283691151000028, 34.914505077000058 ], [ 36.27768552100008, 34.918517547000079 ], [ 36.265992262000054, 34.919152803000031 ], [ 36.265164455000047, 34.922760332000053 ], [ 36.267518195000036, 34.925367038000047 ], [ 36.251328011000055, 34.931840124000075 ], [ 36.240694982000036, 34.932680145000063 ], [ 36.229974980000065, 34.928385160000062 ], [ 36.224409513000069, 34.921955852000053 ], [ 36.21393992600008, 34.915674992000049 ], [ 36.210361846000069, 34.900075233000052 ], [ 36.178843444000051, 34.878666422000038 ], [ 36.16420723300007, 34.874662648000026 ], [ 36.159284980000052, 34.875870408000026 ], [ 36.146733893000032, 34.870622160000039 ], [ 36.13731434500005, 34.870818129000043 ], [ 36.120724007000035, 34.875477359000058 ], [ 36.102949231000025, 34.87397588500005 ], [ 36.095709316000068, 34.874941744000068 ], [ 36.074970488000076, 34.880818747000035 ], [ 36.037050347000047, 34.881069719000038 ], [ 36.038236495000035, 34.871655094000062 ], [ 36.02844275800004, 34.871104537000065 ], [ 36.023832820000052, 34.869137695000063 ], [ 36.020812569000043, 34.86494947500006 ], [ 36.021682236000061, 34.858731356000078 ], [ 36.025769672000024, 34.854252570000028 ], [ 36.02524164600004, 34.847117333000028 ], [ 36.01985069400007, 34.845564203000038 ], [ 36.014252591000059, 34.84104166000003 ], [ 36.013057272000026, 34.83551654300004 ], [ 36.014662595000061, 34.824623975000065 ], [ 36.017601261000038, 34.818728535000048 ], [ 36.020213107000075, 34.816855148000059 ], [ 36.01922131300006, 34.814511309000068 ], [ 36.027365539000073, 34.805928408000057 ], [ 36.030325965000031, 34.79876179300004 ], [ 36.033496495000065, 34.771784354000033 ], [ 36.030989815000055, 34.767513725000072 ], [ 36.032108530000073, 34.762442372000066 ], [ 36.041019267000024, 34.754293210000071 ], [ 36.049429114000077, 34.760335506000047 ], [ 36.063048148000064, 34.763478479000071 ], [ 36.076735484000039, 34.763415458000054 ], [ 36.086104637000062, 34.757843378000075 ], [ 36.091913069000043, 34.750077889000067 ], [ 36.091640501000029, 34.744749944000034 ], [ 36.084252663000029, 34.737488035000069 ], [ 36.084349287000066, 34.732285560000037 ], [ 36.088668218000066, 34.721110244000045 ], [ 36.085976143000039, 34.712599024000042 ], [ 36.092645596000068, 34.707281637000051 ], [ 36.102504608000061, 34.704018667000071 ], [ 36.115295035000031, 34.695283981000046 ], [ 36.12820838500005, 34.69139238300005 ], [ 36.146342618000062, 34.698228904000075 ], [ 36.147653310000067, 34.699976328000048 ], [ 36.151265024000054, 34.723934923000058 ], [ 36.146278840000036, 34.729927020000048 ], [ 36.145049245000052, 34.734630554000034 ], [ 36.150194763000059, 34.736112974000037 ], [ 36.154490937000048, 34.74246116300003 ], [ 36.160394267000072, 34.744425334000027 ], [ 36.164094489000036, 34.75202433000004 ], [ 36.170197534000067, 34.759103818000028 ], [ 36.194326045000025, 34.770428096000046 ], [ 36.199438096000051, 34.773954392000064 ], [ 36.203931809000039, 34.779836654000064 ], [ 36.214258194000024, 34.786340713000072 ], [ 36.219957352000051, 34.789087295000058 ], [ 36.244192124000051, 34.794279098000061 ], [ 36.256708145000061, 34.801519394000024 ], [ 36.259195327000043, 34.801549911000052 ], [ 36.259538650000025, 34.803915024000048 ], [ 36.269277573000068, 34.807329178000032 ], [ 36.284852982000075, 34.83762931900003 ], [ 36.30952867600007, 34.856523793000065 ], [ 36.315075774000036, 34.86417524400008 ], [ 36.328143404000059, 34.873995813000079 ], [ 36.329708836000066, 34.877538633000029 ], [ 36.325877647000027, 34.880793084000061 ], [ 36.310841259000028, 34.878156567000076 ], [ 36.304563191000057, 34.872175827000035 ], [ 36.303532795000024, 34.868311843000072 ], [ 36.296165465000058, 34.86465393800006 ], [ 36.288814141000046, 34.863449621000029 ], [ 36.271513399000071, 34.868947085000059 ], [ 36.267077645000029, 34.873520829000029 ], [ 36.266540742000075, 34.885771978000037 ], [ 36.274203193000062, 34.892594191000057 ], [ 36.282735983000066, 34.897581371000058 ], [ 36.285258287000033, 34.910251794000033 ], [ 36.283691151000028, 34.914505077000058 ] ] ] } },
{ "type": "Feature", "properties": { "shapeName": "Dreikish", "shapeISO": "", "shapeID": "27442178B79430829635583", "shapeGroup": "SYR", "shapeType": "ADM2" }, "geometry": { "type": "Polygon", "coordinates": [ [ [ 36.137500398000043, 34.974364793000063 ], [ 36.123447783000074, 34.972567183000024 ], [ 36.11961160900006, 34.970610355000076 ], [ 36.122826329000077, 34.963658940000073 ], [ 36.123400193000066, 34.960275814000056 ], [ 36.12189255800007, 34.957925298000077 ], [ 36.118339688000049, 34.954488769000079 ], [ 36.107288984000036, 34.952014761000044 ], [ 36.086415532000046, 34.950685097000076 ], [ 36.081754825000075, 34.95168433200007 ], [ 36.074217100000055, 34.954977343000053 ], [ 36.064653104000058, 34.962067716000035 ], [ 36.051065877000042, 34.951075288000027 ], [ 36.053252540000074, 34.943898660000059 ], [ 36.063518155000054, 34.931952659000046 ], [ 36.062802413000043, 34.928552844000023 ], [ 36.056946389000075, 34.924026962000028 ], [ 36.044152178000047, 34.919845382000062 ], [ 36.015432020000048, 34.922854011000027 ], [ 36.005899381000063, 34.907049345000075 ], [ 36.013367532000075, 34.885213349000026 ], [ 36.026078178000034, 34.881139642000051 ], [ 36.037050347000047, 34.881069719000038 ], [ 36.074970488000076, 34.880818747000035 ], [ 36.095709316000068, 34.874941744000068 ], [ 36.102949231000025, 34.87397588500005 ], [ 36.120724007000035, 34.875477359000058 ], [ 36.13731434500005, 34.870818129000043 ], [ 36.146733893000032, 34.870622160000039 ], [ 36.159284980000052, 34.875870408000026 ], [ 36.16420723300007, 34.874662648000026 ], [ 36.178843444000051, 34.878666422000038 ], [ 36.210361846000069, 34.900075233000052 ], [ 36.21393992600008, 34.915674992000049 ], [ 36.224409513000069, 34.921955852000053 ], [ 36.229974980000065, 34.928385160000062 ], [ 36.240694982000036, 34.932680145000063 ], [ 36.251328011000055, 34.931840124000075 ], [ 36.267518195000036, 34.925367038000047 ], [ 36.270054057000038, 34.93359967400005 ], [ 36.269032419000041, 34.948531363000029 ], [ 36.261390021000068, 34.958657931000062 ], [ 36.238068407000071, 34.977479759000062 ], [ 36.210852816000056, 34.979713396000079 ], [ 36.198997865000024, 34.984200773000055 ], [ 36.187274992000027, 34.98656610900008 ], [ 36.173138360000053, 34.984495394000078 ], [ 36.14556873500004, 34.972811956000044 ], [ 36.137726455000063, 34.972238527000059 ], [ 36.137500398000043, 34.974364793000063 ] ] ] } },
{ "type": "Feature", "properties": { "shapeName": "Sheikh Badr", "shapeISO": "", "shapeID": "27442178B44438051869980", "shapeGroup": "SYR", "shapeType": "ADM2" }, "geometry": { "type": "Polygon", "coordinates": [ [ [ 36.247533176000047, 35.074507092000033 ], [ 36.194870574000049, 35.073825604000035 ], [ 36.189474447000066, 35.07198926500007 ], [ 36.177516922000052, 35.064600250000069 ], [ 36.174546166000027, 35.058673441000053 ], [ 36.174878056000068, 35.048190379000062 ], [ 36.17181778500003, 35.047315790000027 ], [ 36.170683932000031, 35.044779159000029 ], [ 36.16799969200008, 35.042821901000025 ], [ 36.156606068000031, 35.044130666000058 ], [ 36.155688831000077, 35.041305507000061 ], [ 36.148305607000054, 35.040403113000025 ], [ 36.137230770000031, 35.041961794000031 ], [ 36.127616464000027, 35.048308278000036 ], [ 36.126612955000041, 35.053090104000034 ], [ 36.119224304000056, 35.060589509000067 ], [ 36.107820701000037, 35.062100065000038 ], [ 36.097487282000031, 35.067518231000065 ], [ 36.087192772000037, 35.062746717000039 ], [ 36.083929040000044, 35.057921395000051 ], [ 36.084231696000074, 35.052205185000048 ], [ 36.079608398000062, 35.047098186000028 ], [ 36.076955049000048, 35.046559133000073 ], [ 36.037934107000069, 35.058756222000056 ], [ 36.029423449000035, 35.065375649000032 ], [ 36.027886426000066, 35.071412363000036 ], [ 36.023554624000042, 35.073206936000076 ], [ 36.02308750800006, 35.076565671000026 ], [ 36.016774420000047, 35.080437592000067 ], [ 36.008987470000079, 35.080673302000037 ], [ 36.004598087000034, 35.085831911000071 ], [ 36.003505150000024, 35.089855503000024 ], [ 35.994607987000052, 35.095124017000046 ], [ 35.977782268000055, 35.090952664000042 ], [ 35.959165281000026, 35.077757345000066 ], [ 35.955750255000055, 35.069610615000045 ], [ 35.965631959000063, 35.059103140000047 ], [ 35.967771479000078, 35.054680727000061 ], [ 35.970117703000028, 35.038182142000039 ], [ 35.971701491000033, 35.036083542000029 ], [ 35.963302522000049, 35.02940565800003 ], [ 35.95484190500008, 35.026329438000062 ], [ 35.955161473000032, 35.022731111000041 ], [ 35.968818744000032, 35.014248071000054 ], [ 35.976353331000041, 35.014354906000051 ], [ 35.979060402000073, 35.005557840000051 ], [ 35.981944673000044, 35.002840340000034 ], [ 35.987302988000067, 35.006300233000047 ], [ 35.99332264800006, 35.016337880000037 ], [ 35.998230396000054, 35.015977571000064 ], [ 36.000337279000064, 35.013461921000044 ], [ 36.002338548000068, 35.002044702000035 ], [ 35.999381301000028, 34.993953871000031 ], [ 36.008201377000034, 34.991101274000073 ], [ 36.019804187000034, 34.991463332000023 ], [ 36.039220549000049, 34.979953612000031 ], [ 36.036825737000072, 34.96488157400006 ], [ 36.038737061000063, 34.962345394000067 ], [ 36.040832167000076, 34.962235125000063 ], [ 36.048723280000047, 34.967362009000055 ], [ 36.053878069000064, 34.967640625000058 ], [ 36.060874569000077, 34.96582397800006 ], [ 36.064653104000058, 34.962067716000035 ], [ 36.074217100000055, 34.954977343000053 ], [ 36.081754825000075, 34.95168433200007 ], [ 36.086415532000046, 34.950685097000076 ], [ 36.107288984000036, 34.952014761000044 ], [ 36.118339688000049, 34.954488769000079 ], [ 36.12189255800007, 34.957925298000077 ], [ 36.123400193000066, 34.960275814000056 ], [ 36.122826329000077, 34.963658940000073 ], [ 36.11961160900006, 34.970610355000076 ], [ 36.123447783000074, 34.972567183000024 ], [ 36.137500398000043, 34.974364793000063 ], [ 36.137041663000048, 34.978679575000058 ], [ 36.147731796000073, 34.980705690000036 ], [ 36.149994464000031, 34.982780064000053 ], [ 36.154436511000029, 34.997389170000076 ], [ 36.157012130000055, 35.003557780000051 ], [ 36.159282874000041, 35.005160312000044 ], [ 36.183009430000027, 35.011995915000057 ], [ 36.19994562200003, 35.023935037000058 ], [ 36.237630632000048, 35.026467799000045 ], [ 36.241616549000071, 35.028564472000028 ], [ 36.254084939000052, 35.066560041000059 ], [ 36.248567411000067, 35.070028225000044 ], [ 36.247533176000047, 35.074507092000033 ] ] ] } },
{ "type": "Feature", "properties": { "shapeName": "Ar-Raqqa", "shapeISO": "", "shapeID": "27442178B57458390277946", "shapeGroup": "SYR", "shapeType": "ADM2" }, "geometry": { "type": "Polygon", "coordinates": [ [ [ 38.546480159000055, 36.220070683000074 ], [ 38.555147036000051, 36.194315629000073 ], [ 38.568947012000081, 36.185345644000051 ], [ 38.570672010000067, 36.172580666000044 ], [ 38.565842018000069, 36.167060675000073 ], [ 38.568602013000032, 36.160505686000079 ], [ 38.562392024000076, 36.155675694000024 ], [ 38.57412200400006, 36.146360710000067 ], [ 38.576537, 36.147740708000072 ], [ 38.573087006000037, 36.136010728000031 ], [ 38.583436988000074, 36.131525735000025 ], [ 38.582401990000051, 36.127040743000066 ], [ 38.60379195400003, 36.118070758000044 ], [ 38.602756955000075, 36.094955797000068 ], [ 38.598271963000059, 36.095990795000034 ], [ 38.59033697700005, 36.093920799000045 ], [ 38.587231982000048, 36.097370793000039 ], [ 38.588266980000071, 36.104960780000056 ], [ 38.581021992000046, 36.108755774000031 ], [ 38.567912015000047, 36.101855785000055 ], [ 38.568257014000039, 36.09530079600006 ], [ 38.54410705500004, 36.094610798000076 ], [ 38.54410705500004, 36.085640813000055 ], [ 38.54169205900007, 36.082880817000046 ], [ 38.539277063000043, 36.072185835000028 ], [ 38.563427021000052, 36.060110855000062 ], [ 38.564462020000065, 36.05700586100005 ], [ 38.578606996000076, 36.048035876000029 ], [ 38.573777005000068, 36.030785905000073 ], [ 38.586541982000028, 36.02388591700003 ], [ 38.582746989000043, 36.015260932000047 ], [ 38.585851984000044, 36.008015944000078 ], [ 38.575502002000064, 35.992490970000063 ], [ 38.576192001000038, 35.986970980000024 ], [ 38.571707008000033, 35.982140987000037 ], [ 38.571362008000051, 35.971101006000026 ], [ 38.56894701300007, 35.961441023000077 ], [ 38.580331993000073, 35.959371026000042 ], [ 38.571017010000048, 35.950746041000059 ], [ 38.569982011000036, 35.938671061000036 ], [ 38.565152019000038, 35.930046076000053 ], [ 38.568947012000081, 35.918316096000069 ], [ 38.55721703200004, 35.899341127000071 ], [ 38.550662044000035, 35.898996128000078 ], [ 38.547212050000041, 35.887956147000068 ], [ 38.542382058000044, 35.882781156000078 ], [ 38.541347059000032, 35.878296163000073 ], [ 38.53824206400003, 35.878296163000073 ], [ 38.534447071000045, 35.874156170000049 ], [ 38.528237081000043, 35.87726116500005 ], [ 38.503052124000078, 35.884851152000067 ], [ 38.490977145000045, 35.878641162000065 ], [ 38.492702142000041, 35.873811171000057 ], [ 38.466137186000026, 35.875881167000045 ], [ 38.455097205000072, 35.879676161000077 ], [ 38.43508723900004, 35.882781155000032 ], [ 38.421977261000052, 35.879676161000077 ], [ 38.415422272000058, 35.861391192000042 ], [ 38.41059228000006, 35.85587120100007 ], [ 38.416112271000031, 35.85000621100005 ], [ 38.411282279000034, 35.837586232000035 ], [ 38.418527266000069, 35.833446239000068 ], [ 38.42163226100007, 35.834136238000042 ], [ 38.433707241000036, 35.828961246000063 ], [ 38.46751718400003, 35.82792624800004 ], [ 38.529617080000037, 35.86104619200006 ], [ 38.561702025000045, 35.867601181000055 ], [ 38.599306961000025, 35.881746157000066 ], [ 38.609656943000061, 35.879331162000028 ], [ 38.622076923000066, 35.873466171000075 ], [ 38.626561915000025, 35.867256182000062 ], [ 38.641396890000067, 35.856906199000036 ], [ 38.656576865000034, 35.850696210000024 ], [ 38.685901814000033, 35.853456205000043 ], [ 38.731441738000058, 35.869671177000043 ], [ 38.74800171000004, 35.881746157000066 ], [ 38.764216683000029, 35.896926131000043 ], [ 38.778706658000033, 35.916246099000034 ], [ 38.78629664500005, 35.917281097000057 ], [ 38.815276596000047, 35.905206118000024 ], [ 38.834251565000045, 35.906586115000039 ], [ 38.833216566000033, 35.929701077000061 ], [ 38.834941563000029, 35.932806071000073 ], [ 38.864266514000064, 35.928321079000057 ], [ 38.876686492000033, 35.924526085000025 ], [ 38.882206483000061, 35.926251082000078 ], [ 38.887381474000051, 35.923836086000051 ], [ 38.890831469000034, 35.923836086000051 ], [ 38.877421980000065, 35.864141456000027 ], [ 38.879492551000055, 35.838880483000025 ], [ 38.864170322000064, 35.836809912000035 ], [ 38.852989236000042, 35.83184054000003 ], [ 38.858786836000036, 35.794984366000051 ], [ 38.866655008000066, 35.792085566000026 ], [ 38.854231579000043, 35.778833908000024 ], [ 38.853113675000031, 35.748495953000031 ], [ 38.858897143000036, 35.74906296000006 ], [ 38.944855363000045, 35.704949837000072 ], [ 38.95233985200008, 35.698826164000025 ], [ 38.946442982000065, 35.677166506000049 ], [ 38.930320857000027, 35.668410309000024 ], [ 38.963975638000079, 35.662341414000025 ], [ 39.008113055000081, 35.630893504000028 ], [ 39.046733295000024, 35.619859150000025 ], [ 39.040664400000026, 35.570756273000029 ], [ 39.056112496000026, 35.547032411000032 ], [ 39.07597433400008, 35.500688123000032 ], [ 39.078181205000078, 35.466481625000029 ], [ 39.085905253000078, 35.457102424000027 ], [ 39.09914647800008, 35.451033529000028 ], [ 39.167317010000033, 35.326799536000067 ], [ 39.182111740000039, 35.323297500000024 ], [ 39.196790696000051, 35.316453934000037 ], [ 39.201726913000073, 35.305921555000054 ], [ 39.200784683000052, 35.293401718000041 ], [ 39.204530716000079, 35.288484574000051 ], [ 39.22412681600008, 35.284776688000079 ], [ 39.238973617000056, 35.278825760000075 ], [ 39.244927535000045, 35.27796757200008 ], [ 39.471368584000061, 35.553098135000027 ], [ 39.640157785000042, 35.752557987000046 ], [ 39.642903348000061, 35.761977735000073 ], [ 39.657650129000046, 35.775580369000068 ], [ 39.684601142000076, 35.776597388000027 ], [ 39.694517081000072, 35.76858836100007 ], [ 39.700492069000063, 35.770241017000046 ], [ 39.700364943000068, 35.774690476000046 ], [ 39.697568139000055, 35.776343134000058 ], [ 39.703808259000027, 35.825892010000075 ], [ 39.701393130000042, 35.929742539000074 ], [ 39.67414965200004, 35.933845914000074 ], [ 39.659266704000061, 35.968076696000026 ], [ 39.664723785000035, 35.99784259200004 ], [ 39.698457718000043, 36.015703201000065 ], [ 39.720782890000066, 36.019670917000042 ], [ 39.750052690000075, 36.069280745000071 ], [ 39.722398760000033, 36.07622456100006 ], [ 39.71028104800007, 36.095488615000079 ], [ 39.703445415000033, 36.115374091000035 ], [ 39.706552415000033, 36.12065681200005 ], [ 39.703756127000077, 36.137434540000072 ], [ 39.705930710000075, 36.148309708000056 ], [ 39.697853412000029, 36.162290023000025 ], [ 39.690706283000054, 36.159805700000049 ], [ 39.686357498000064, 36.162290573000064 ], [ 39.666781571000058, 36.164466357000038 ], [ 39.661188781000078, 36.173476963000041 ], [ 39.650315307000028, 36.174408975000063 ], [ 39.635710516000074, 36.160427120000065 ], [ 39.622039252000036, 36.157009304000042 ], [ 39.621417831000031, 36.161359252000068 ], [ 39.591278908000049, 36.167262752000056 ], [ 39.581025460000035, 36.195537412000078 ], [ 39.52416542900005, 36.211383650000073 ], [ 39.518262176000064, 36.211694348000037 ], [ 39.514222692000033, 36.209519387000057 ], [ 39.512048133000064, 36.21107264300008 ], [ 39.506144218000031, 36.208276545000047 ], [ 39.493405085000063, 36.215422887000045 ], [ 39.466062546000046, 36.216665268000042 ], [ 39.463266162000025, 36.227851309000073 ], [ 39.417591711000057, 36.257990232000054 ], [ 39.384345683000049, 36.268554391000066 ], [ 39.363217366000072, 36.268554391000066 ], [ 39.322202682000068, 36.282846451000069 ], [ 39.284918307000055, 36.301178998000069 ], [ 39.239865278000025, 36.334735738000063 ], [ 39.228990409000062, 36.331628632000047 ], [ 39.185804233000056, 36.334114167000052 ], [ 39.18424809000004, 36.312986 ], [ 39.160943985000074, 36.312986374000047 ], [ 39.159391246000041, 36.325725132000059 ], [ 39.137643788000048, 36.326035810000064 ], [ 39.137330797000061, 36.318268079000063 ], [ 39.125834507000036, 36.321996606000027 ], [ 39.123659463000024, 36.326035841000078 ], [ 39.113716795000073, 36.325725132000059 ], [ 39.11278466300007, 36.332250054000042 ], [ 39.109677558000044, 36.332871475000047 ], [ 39.109056137000039, 36.33691071100003 ], [ 39.101288373000045, 36.339085686000033 ], [ 39.095075608000059, 36.336599350000029 ], [ 39.091034926000077, 36.337842844000079 ], [ 39.090814606000038, 36.347214959000041 ], [ 39.087213516000077, 36.350416184000039 ], [ 39.08791424900005, 36.356217384000047 ], [ 39.090014938000024, 36.357217713000068 ], [ 39.086613822000061, 36.36862145300006 ], [ 39.089214642000059, 36.370121994000044 ], [ 39.087614060000078, 36.372522354000068 ], [ 39.083298717000048, 36.374418355000046 ], [ 39.081019328000025, 36.369859576000067 ], [ 39.063544012000079, 36.356183243000032 ], [ 39.062024420000057, 36.348585280000066 ], [ 39.055946049000056, 36.338707928000076 ], [ 39.039990326000066, 36.337948131000076 ], [ 39.033352105000063, 36.333909903000063 ], [ 38.992265187000044, 36.324164929000062 ], [ 38.989849087000039, 36.324786213000039 ], [ 38.991567800000041, 36.327385655000057 ], [ 38.985947010000075, 36.330420881000066 ], [ 38.98752083200003, 36.332556781000051 ], [ 38.977290994000043, 36.336940997000056 ], [ 38.968072900000038, 36.343461113000046 ], [ 38.966274246000069, 36.351330218000044 ], [ 38.957168567000053, 36.362796630000048 ], [ 38.95210985600005, 36.358075166000049 ], [ 38.945926988000053, 36.355489602000034 ], [ 38.93378608200004, 36.359648987000071 ], [ 38.930301193000048, 36.357063424000046 ], [ 38.924343156000077, 36.356838593000077 ], [ 38.919621693000067, 36.353578534000064 ], [ 38.918160287000035, 36.354140613000027 ], [ 38.912427082000079, 36.347957745000031 ], [ 38.91838511900005, 36.344135607000055 ], [ 38.920408603000055, 36.340538302000027 ], [ 38.942891762000045, 36.336266503000047 ], [ 38.944353167000031, 36.33266919700003 ], [ 38.959869734000051, 36.330222616000071 ], [ 38.915885662000051, 36.312312934000033 ], [ 38.90798433100008, 36.303094715000043 ], [ 38.908774464000032, 36.29150609800007 ], [ 38.903243534000069, 36.28228787900008 ], [ 38.904297044000032, 36.27675694800007 ], [ 38.883226830000069, 36.272806283000079 ], [ 38.883753586000068, 36.27675694800007 ], [ 38.87690576600005, 36.277020325000024 ], [ 38.87190159000005, 36.272806283000079 ], [ 38.867950926000049, 36.275176681000062 ], [ 38.870321324000031, 36.279917480000051 ], [ 38.858469329000059, 36.285711788000071 ], [ 38.854782042000068, 36.293876496000053 ], [ 38.844246935000058, 36.294930007000062 ], [ 38.84187653500004, 36.289135698000052 ], [ 38.826073874000031, 36.287292054000034 ], [ 38.827917518000049, 36.276493570000071 ], [ 38.82238658700004, 36.266485218000071 ], [ 38.809217703000058, 36.268328862000033 ], [ 38.80684730400003, 36.265431707000062 ], [ 38.754435146000048, 36.258583888000032 ], [ 38.754435147000038, 36.25199944600007 ], [ 38.764970254000048, 36.251736068000071 ], [ 38.761809721000077, 36.228822210000033 ], [ 38.758912567000039, 36.225925056000051 ], [ 38.752328125000076, 36.22750532200007 ], [ 38.751011237000057, 36.224344790000032 ], [ 38.737052221000056, 36.229085588000032 ], [ 38.726780491000056, 36.229348966000032 ], [ 38.725463602000048, 36.230665855000041 ], [ 38.723356581000075, 36.228822210000033 ], [ 38.714138363000075, 36.22750532200007 ], [ 38.712821474000066, 36.230929232000051 ], [ 38.692278016000046, 36.23619678600005 ], [ 38.700442724000027, 36.256740244000071 ], [ 38.699125835000075, 36.26174442000007 ], [ 38.702022989000056, 36.264378197000042 ], [ 38.677792243000056, 36.268855617000042 ], [ 38.670154290000028, 36.264641575000041 ], [ 38.666993759000036, 36.244624871000042 ], [ 38.661989583000036, 36.240937584000051 ], [ 38.632671702000039, 36.250553670000045 ], [ 38.630591439000057, 36.254483056000026 ], [ 38.613718195000047, 36.250091389000033 ], [ 38.607470404000026, 36.250945936000051 ], [ 38.583813956000029, 36.262857592000046 ], [ 38.574075629000049, 36.257632149000074 ], [ 38.572134009000024, 36.259928753000054 ], [ 38.571094102000075, 36.28741199600006 ], [ 38.547250532000078, 36.290086041000052 ], [ 38.539451234000069, 36.280578325000079 ], [ 38.538916437000069, 36.260410534000073 ], [ 38.534154093000041, 36.260410534000073 ], [ 38.528551336000078, 36.246963917000073 ], [ 38.536955472000045, 36.246963917000073 ], [ 38.539196575000062, 36.245283090000044 ], [ 38.546863926000071, 36.237637801000062 ], [ 38.548160986000028, 36.23155633500005 ], [ 38.557965811000031, 36.231836473000044 ], [ 38.557685673000037, 36.229875507000031 ], [ 38.551802778000024, 36.228194681000048 ], [ 38.546480159000055, 36.220070683000074 ] ] ] } },
{ "type": "Feature", "properties": { "shapeName": "Tell Abiad", "shapeISO": "", "shapeID": "27442178B34075692761550", "shapeGroup": "SYR", "shapeType": "ADM2" }, "geometry": { "type": "Polygon", "coordinates": [ [ [ 38.583813956000029, 36.262857592000046 ], [ 38.607470404000026, 36.250945936000051 ], [ 38.613718195000047, 36.250091389000033 ], [ 38.630591439000057, 36.254483056000026 ], [ 38.632671702000039, 36.250553670000045 ], [ 38.661989583000036, 36.240937584000051 ], [ 38.666993759000036, 36.244624871000042 ], [ 38.670154290000028, 36.264641575000041 ], [ 38.677792243000056, 36.268855617000042 ], [ 38.702022989000056, 36.264378197000042 ], [ 38.699125835000075, 36.26174442000007 ], [ 38.700442724000027, 36.256740244000071 ], [ 38.692278016000046, 36.23619678600005 ], [ 38.712821474000066, 36.230929232000051 ], [ 38.714138363000075, 36.22750532200007 ], [ 38.723356581000075, 36.228822210000033 ], [ 38.725463602000048, 36.230665855000041 ], [ 38.726780491000056, 36.229348966000032 ], [ 38.737052221000056, 36.229085588000032 ], [ 38.751011237000057, 36.224344790000032 ], [ 38.752328125000076, 36.22750532200007 ], [ 38.758912567000039, 36.225925056000051 ], [ 38.761809721000077, 36.228822210000033 ], [ 38.764970254000048, 36.251736068000071 ], [ 38.754435147000038, 36.25199944600007 ], [ 38.754435146000048, 36.258583888000032 ], [ 38.80684730400003, 36.265431707000062 ], [ 38.809217703000058, 36.268328862000033 ], [ 38.82238658700004, 36.266485218000071 ], [ 38.827917518000049, 36.276493570000071 ], [ 38.826073874000031, 36.287292054000034 ], [ 38.84187653500004, 36.289135698000052 ], [ 38.844246935000058, 36.294930007000062 ], [ 38.854782042000068, 36.293876496000053 ], [ 38.858469329000059, 36.285711788000071 ], [ 38.870321324000031, 36.279917480000051 ], [ 38.867950926000049, 36.275176681000062 ], [ 38.87190159000005, 36.272806283000079 ], [ 38.87690576600005, 36.277020325000024 ], [ 38.883753586000068, 36.27675694800007 ], [ 38.883226830000069, 36.272806283000079 ], [ 38.904297044000032, 36.27675694800007 ], [ 38.903243534000069, 36.28228787900008 ], [ 38.908774464000032, 36.29150609800007 ], [ 38.90798433100008, 36.303094715000043 ], [ 38.915885662000051, 36.312312934000033 ], [ 38.959869734000051, 36.330222616000071 ], [ 38.944353167000031, 36.33266919700003 ], [ 38.942891762000045, 36.336266503000047 ], [ 38.920408603000055, 36.340538302000027 ], [ 38.91838511900005, 36.344135607000055 ], [ 38.912427082000079, 36.347957745000031 ], [ 38.918160287000035, 36.354140613000027 ], [ 38.919621693000067, 36.353578534000064 ], [ 38.924343156000077, 36.356838593000077 ], [ 38.930301193000048, 36.357063424000046 ], [ 38.93378608200004, 36.359648987000071 ], [ 38.945926988000053, 36.355489602000034 ], [ 38.95210985600005, 36.358075166000049 ], [ 38.957168567000053, 36.362796630000048 ], [ 38.966274246000069, 36.351330218000044 ], [ 38.968072900000038, 36.343461113000046 ], [ 38.977290994000043, 36.336940997000056 ], [ 38.98752083200003, 36.332556781000051 ], [ 38.985947010000075, 36.330420881000066 ], [ 38.991567800000041, 36.327385655000057 ], [ 38.989849087000039, 36.324786213000039 ], [ 38.992265187000044, 36.324164929000062 ], [ 39.033352105000063, 36.333909903000063 ], [ 39.039990326000066, 36.337948131000076 ], [ 39.055946049000056, 36.338707928000076 ], [ 39.062024420000057, 36.348585280000066 ], [ 39.063544012000079, 36.356183243000032 ], [ 39.081019328000025, 36.369859576000067 ], [ 39.083298717000048, 36.374418355000046 ], [ 39.087614060000078, 36.372522354000068 ], [ 39.089214642000059, 36.370121994000044 ], [ 39.086613822000061, 36.36862145300006 ], [ 39.090014938000024, 36.357217713000068 ], [ 39.08791424900005, 36.356217384000047 ], [ 39.087213516000077, 36.350416184000039 ], [ 39.090814606000038, 36.347214959000041 ], [ 39.091034926000077, 36.337842844000079 ], [ 39.095075608000059, 36.336599350000029 ], [ 39.101288373000045, 36.339085686000033 ], [ 39.109056137000039, 36.33691071100003 ], [ 39.109677558000044, 36.332871475000047 ], [ 39.11278466300007, 36.332250054000042 ], [ 39.113716795000073, 36.325725132000059 ], [ 39.123659463000024, 36.326035841000078 ], [ 39.125834507000036, 36.321996606000027 ], [ 39.137330797000061, 36.318268079000063 ], [ 39.137643788000048, 36.326035810000064 ], [ 39.159391246000041, 36.325725132000059 ], [ 39.160943985000074, 36.312986374000047 ], [ 39.18424809000004, 36.312986 ], [ 39.185804233000056, 36.334114167000052 ], [ 39.228990409000062, 36.331628632000047 ], [ 39.239865278000025, 36.334735738000063 ], [ 39.284918307000055, 36.301178998000069 ], [ 39.322202682000068, 36.282846451000069 ], [ 39.363217366000072, 36.268554391000066 ], [ 39.384345683000049, 36.268554391000066 ], [ 39.417591711000057, 36.257990232000054 ], [ 39.463266162000025, 36.227851309000073 ], [ 39.466062546000046, 36.216665268000042 ], [ 39.493405085000063, 36.215422887000045 ], [ 39.506144218000031, 36.208276545000047 ], [ 39.512048133000064, 36.21107264300008 ], [ 39.514222692000033, 36.209519387000057 ], [ 39.518262176000064, 36.211694348000037 ], [ 39.52416542900005, 36.211383650000073 ], [ 39.581025460000035, 36.195537412000078 ], [ 39.591278908000049, 36.167262752000056 ], [ 39.621417831000031, 36.161359252000068 ], [ 39.622039252000036, 36.157009304000042 ], [ 39.635710516000074, 36.160427120000065 ], [ 39.650315307000028, 36.174408975000063 ], [ 39.661188781000078, 36.173476963000041 ], [ 39.666781571000058, 36.164466357000038 ], [ 39.686357498000064, 36.162290573000064 ], [ 39.690706283000054, 36.159805700000049 ], [ 39.697853412000029, 36.162290023000025 ], [ 39.705930710000075, 36.148309708000056 ], [ 39.703756127000077, 36.137434540000072 ], [ 39.706552415000033, 36.12065681200005 ], [ 39.703445415000033, 36.115374091000035 ], [ 39.71028104800007, 36.095488615000079 ], [ 39.722398760000033, 36.07622456100006 ], [ 39.750052690000075, 36.069280745000071 ], [ 39.720782890000066, 36.019670917000042 ], [ 39.698457718000043, 36.015703201000065 ], [ 39.664723785000035, 35.99784259200004 ], [ 39.659266704000061, 35.968076696000026 ], [ 39.67414965200004, 35.933845914000074 ], [ 39.701393130000042, 35.929742539000074 ], [ 39.70756721500004, 35.954969406000032 ], [ 39.698442459000034, 35.969190598000068 ], [ 39.703271564000033, 35.989047364000044 ], [ 39.713739395000061, 35.994146347000026 ], [ 39.716958999000042, 35.999513626000066 ], [ 39.723665983000046, 36.002464745000054 ], [ 39.727155003000064, 36.009441917000061 ], [ 39.734132767000062, 36.011320114000057 ], [ 39.742452621000041, 36.01588249200006 ], [ 39.740842819000079, 36.020177841000077 ], [ 39.742181968000068, 36.026616030000071 ], [ 39.746475531000044, 36.032519679000075 ], [ 39.759626388000072, 36.033861160000072 ], [ 39.763918126000078, 36.035739850000027 ], [ 39.767674993000071, 36.042716888000029 ], [ 39.773580551000066, 36.045938492000062 ], [ 39.775781240000072, 36.049458831000038 ], [ 39.780018983000048, 36.049693926000032 ], [ 39.784315109000033, 36.063112259000036 ], [ 39.794778824000048, 36.070356369000024 ], [ 39.800683975000027, 36.081895829000075 ], [ 39.799879074000046, 36.086191177000046 ], [ 39.809805569000048, 36.096654760000035 ], [ 39.817052765000028, 36.108999121000068 ], [ 39.827516512000045, 36.111145531000034 ], [ 39.833959579000066, 36.119195938000075 ], [ 39.837984085000073, 36.119733810000071 ], [ 39.838788929000032, 36.126443390000077 ], [ 39.843080520000058, 36.131273269000076 ], [ 39.839944840000044, 36.136240005000047 ], [ 39.836641311000051, 36.138250351000067 ], [ 39.834760666000079, 36.146234512000035 ], [ 39.831007004000071, 36.146299362000036 ], [ 39.829397202000052, 36.150594711000053 ], [ 39.842546463000076, 36.172864914000058 ], [ 39.842813492000062, 36.179574967000065 ], [ 39.854352952000056, 36.188161850000029 ], [ 39.863744736000058, 36.209360123000067 ], [ 39.869110393000028, 36.212849279000068 ], [ 39.874208998000029, 36.212849279000068 ], [ 39.880113602000051, 36.215265274000046 ], [ 39.88410340300004, 36.224671193000063 ], [ 39.888868332000072, 36.229257584000038 ], [ 39.890310075000059, 36.235390713000072 ], [ 39.894605637000041, 36.239953995000064 ], [ 39.893491745000063, 36.244909287000041 ], [ 39.898897171000044, 36.269472122000025 ], [ 39.894384430000059, 36.338227090000032 ], [ 39.854898453000033, 36.35818290800006 ], [ 39.845075607000069, 36.360116958000049 ], [ 39.83498191800004, 36.359270096000046 ], [ 39.828451156000028, 36.360918045000062 ], [ 39.813962936000053, 36.372365952000052 ], [ 39.806154251000066, 36.372732162000034 ], [ 39.799577713000076, 36.369310379000069 ], [ 39.75853919900004, 36.452005386000053 ], [ 39.730066300000033, 36.47681999200006 ], [ 39.624975204000066, 36.561658859000033 ], [ 39.596883774000048, 36.58975029000004 ], [ 39.564447403000031, 36.617883683000059 ], [ 39.512987137000039, 36.68423271100005 ], [ 39.503976822000027, 36.702077865000035 ], [ 39.467061996000041, 36.697912216000077 ], [ 39.452600479000068, 36.699731826000061 ], [ 39.439142227000048, 36.695440293000047 ], [ 39.430452347000028, 36.694540023000059 ], [ 39.397981643000037, 36.694349289000058 ], [ 39.344839096000044, 36.68959999100008 ], [ 39.275899887000037, 36.673711777000051 ], [ 39.227350236000063, 36.665002823000066 ], [ 39.215532302000042, 36.666032791000077 ], [ 39.150312424000049, 36.683420181000031 ], [ 39.085489273000064, 36.697111130000053 ], [ 39.020231247000027, 36.703310013000078 ], [ 38.999010086000055, 36.702932357000066 ], [ 38.969682693000038, 36.698850631000028 ], [ 38.847059250000029, 36.696680069000024 ], [ 38.814569473000063, 36.698179245000063 ], [ 38.800760269000079, 36.697439194000026 ], [ 38.777391434000037, 36.699300766000079 ], [ 38.731470108000053, 36.707479477000049 ], [ 38.723619461000055, 36.710432053000034 ], [ 38.697000503000027, 36.728429794000078 ], [ 38.644205093000039, 36.769804001000068 ], [ 38.634881974000052, 36.768537521000042 ], [ 38.634168625000029, 36.761888504000069 ], [ 38.636545181000031, 36.75523948600005 ], [ 38.639867782000067, 36.751913071000047 ], [ 38.639867782000067, 36.749773025000025 ], [ 38.644144058000052, 36.746450424000045 ], [ 38.63606834400008, 36.73314857500003 ], [ 38.645807266000077, 36.723886490000041 ], [ 38.649847031000036, 36.717473984000037 ], [ 38.664571762000037, 36.71557045000003 ], [ 38.672647476000066, 36.684217453000031 ], [ 38.66837120100007, 36.67994499200006 ], [ 38.660535813000024, 36.675668716000075 ], [ 38.621580124000047, 36.66687965400007 ], [ 38.616117477000046, 36.674718856000027 ], [ 38.584527970000067, 36.677804947000027 ], [ 38.580244064000055, 36.664503098000068 ], [ 38.59260368300005, 36.645742417000065 ], [ 38.589040757000078, 36.633153915000037 ], [ 38.595746994000081, 36.613542557000073 ], [ 38.62372016900008, 36.605600357000071 ], [ 38.63416862400004, 36.610826493000047 ], [ 38.634405136000055, 36.63695335400007 ], [ 38.628705978000028, 36.643842697000025 ], [ 38.663145065000037, 36.653577804000065 ], [ 38.668371136000076, 36.638139461000037 ], [ 38.676209302000075, 36.638852022000037 ], [ 38.704950333000056, 36.651678085000071 ], [ 38.709463119000077, 36.650255203000029 ], [ 38.709939957000074, 36.641229629000065 ], [ 38.714925766000079, 36.644552231000034 ], [ 38.718965530000048, 36.643842697000025 ], [ 38.720151901000065, 36.641466140000034 ], [ 38.714689254000064, 36.637426376000064 ], [ 38.703287125000031, 36.63813972500003 ], [ 38.694261550000078, 36.61890220600003 ], [ 38.695685956000034, 36.613674884000034 ], [ 38.675496741000075, 36.575434137000059 ], [ 38.672649740000054, 36.559742245000052 ], [ 38.682147306000047, 36.552157160000036 ], [ 38.683809947000043, 36.543368914000041 ], [ 38.66670849500008, 36.528880184000059 ], [ 38.653135579000036, 36.498436859000037 ], [ 38.656495128000074, 36.482326230000069 ], [ 38.677396903000044, 36.476863266000066 ], [ 38.671696419000057, 36.459761814000046 ], [ 38.656970168000043, 36.455011410000054 ], [ 38.653407365000078, 36.44622316400006 ], [ 38.663834644000076, 36.435450496000044 ], [ 38.664095773000042, 36.42057098500004 ], [ 38.656495128000074, 36.418670825000049 ], [ 38.655538193000041, 36.414645086000064 ], [ 38.651751636000029, 36.411716313000056 ], [ 38.64224391700003, 36.412020260000077 ], [ 38.640581276000034, 36.409882578000065 ], [ 38.642006397000046, 36.404657134000047 ], [ 38.640581277000024, 36.40228193300004 ], [ 38.635355833000062, 36.399431691000075 ], [ 38.635118313000078, 36.397056489000079 ], [ 38.638918635000039, 36.394443767000041 ], [ 38.64034375600005, 36.389930883000034 ], [ 38.640106236000065, 36.38256775800005 ], [ 38.635830872000042, 36.37211687100006 ], [ 38.642956478000031, 36.368316548000053 ], [ 38.646756800000048, 36.347889814000041 ], [ 38.64034375600005, 36.344327011000075 ], [ 38.646044240000037, 36.339339088000031 ], [ 38.638443595000069, 36.32817564000004 ], [ 38.647231841000064, 36.312974348000068 ], [ 38.627517667000063, 36.303473542000063 ], [ 38.631555509000066, 36.282096727000066 ], [ 38.608753573000058, 36.274971122000068 ], [ 38.583813956000029, 36.262857592000046 ] ] ] } },
{ "type": "Feature", "properties": { "shapeName": "Ath-Thawrah", "shapeISO": "", "shapeID": "27442178B46572819209410", "shapeGroup": "SYR", "shapeType": "ADM2" }, "geometry": { "type": "Polygon", "coordinates": [ [ [ 38.316751980000049, 35.39538217300003 ], [ 38.442537308000055, 35.396608352000044 ], [ 38.575319291000028, 35.398866654000074 ], [ 38.824884414000053, 35.375642777000053 ], [ 38.871332168000038, 35.371065139000052 ], [ 39.13430595400007, 35.323965073000068 ], [ 39.14281102800004, 35.327234125000075 ], [ 39.167317010000033, 35.326799536000067 ], [ 39.09914647800008, 35.451033529000028 ], [ 39.085905253000078, 35.457102424000027 ], [ 39.078181205000078, 35.466481625000029 ], [ 39.07597433400008, 35.500688123000032 ], [ 39.056112496000026, 35.547032411000032 ], [ 39.040664400000026, 35.570756273000029 ], [ 39.046733295000024, 35.619859150000025 ], [ 39.008113055000081, 35.630893504000028 ], [ 38.963975638000079, 35.662341414000025 ], [ 38.930320857000027, 35.668410309000024 ], [ 38.946442982000065, 35.677166506000049 ], [ 38.95233985200008, 35.698826164000025 ], [ 38.944855363000045, 35.704949837000072 ], [ 38.858897143000036, 35.74906296000006 ], [ 38.853113675000031, 35.748495953000031 ], [ 38.854231579000043, 35.778833908000024 ], [ 38.866655008000066, 35.792085566000026 ], [ 38.858786836000036, 35.794984366000051 ], [ 38.852989236000042, 35.83184054000003 ], [ 38.864170322000064, 35.836809912000035 ], [ 38.879492551000055, 35.838880483000025 ], [ 38.877421980000065, 35.864141456000027 ], [ 38.890831469000034, 35.923836086000051 ], [ 38.887381474000051, 35.923836086000051 ], [ 38.882206483000061, 35.926251082000078 ], [ 38.876686492000033, 35.924526085000025 ], [ 38.864266514000064, 35.928321079000057 ], [ 38.834941563000029, 35.932806071000073 ], [ 38.833216566000033, 35.929701077000061 ], [ 38.834251565000045, 35.906586115000039 ], [ 38.815276596000047, 35.905206118000024 ], [ 38.78629664500005, 35.917281097000057 ], [ 38.778706658000033, 35.916246099000034 ], [ 38.764216683000029, 35.896926131000043 ], [ 38.74800171000004, 35.881746157000066 ], [ 38.731441738000058, 35.869671177000043 ], [ 38.685901814000033, 35.853456205000043 ], [ 38.656576865000034, 35.850696210000024 ], [ 38.641396890000067, 35.856906199000036 ], [ 38.626561915000025, 35.867256182000062 ], [ 38.622076923000066, 35.873466171000075 ], [ 38.609656943000061, 35.879331162000028 ], [ 38.599306961000025, 35.881746157000066 ], [ 38.561702025000045, 35.867601181000055 ], [ 38.529617080000037, 35.86104619200006 ], [ 38.46751718400003, 35.82792624800004 ], [ 38.433707241000036, 35.828961246000063 ], [ 38.42163226100007, 35.834136238000042 ], [ 38.418527266000069, 35.833446239000068 ], [ 38.411282279000034, 35.837586232000035 ], [ 38.416112271000031, 35.85000621100005 ], [ 38.41059228000006, 35.85587120100007 ], [ 38.415422272000058, 35.861391192000042 ], [ 38.421977261000052, 35.879676161000077 ], [ 38.43508723900004, 35.882781155000032 ], [ 38.455097205000072, 35.879676161000077 ], [ 38.466137186000026, 35.875881167000045 ], [ 38.492702142000041, 35.873811171000057 ], [ 38.490977145000045, 35.878641162000065 ], [ 38.503052124000078, 35.884851152000067 ], [ 38.528237081000043, 35.87726116500005 ], [ 38.534447071000045, 35.874156170000049 ], [ 38.53824206400003, 35.878296163000073 ], [ 38.541347059000032, 35.878296163000073 ], [ 38.542382058000044, 35.882781156000078 ], [ 38.547212050000041, 35.887956147000068 ], [ 38.550662044000035, 35.898996128000078 ], [ 38.55721703200004, 35.899341127000071 ], [ 38.568947012000081, 35.918316096000069 ], [ 38.565152019000038, 35.930046076000053 ], [ 38.569982011000036, 35.938671061000036 ], [ 38.571017010000048, 35.950746041000059 ], [ 38.580331993000073, 35.959371026000042 ], [ 38.56894701300007, 35.961441023000077 ], [ 38.571362008000051, 35.971101006000026 ], [ 38.571707008000033, 35.982140987000037 ], [ 38.576192001000038, 35.986970980000024 ], [ 38.575502002000064, 35.992490970000063 ], [ 38.585851984000044, 36.008015944000078 ], [ 38.582746989000043, 36.015260932000047 ], [ 38.586541982000028, 36.02388591700003 ], [ 38.573777005000068, 36.030785905000073 ], [ 38.578606996000076, 36.048035876000029 ], [ 38.564462020000065, 36.05700586100005 ], [ 38.563427021000052, 36.060110855000062 ], [ 38.539277063000043, 36.072185835000028 ], [ 38.54169205900007, 36.082880817000046 ], [ 38.54410705500004, 36.085640813000055 ], [ 38.54410705500004, 36.094610798000076 ], [ 38.568257014000039, 36.09530079600006 ], [ 38.567912015000047, 36.101855785000055 ], [ 38.581021992000046, 36.108755774000031 ], [ 38.588266980000071, 36.104960780000056 ], [ 38.587231982000048, 36.097370793000039 ], [ 38.59033697700005, 36.093920799000045 ], [ 38.598271963000059, 36.095990795000034 ], [ 38.602756955000075, 36.094955797000068 ], [ 38.60379195400003, 36.118070758000044 ], [ 38.582401990000051, 36.127040743000066 ], [ 38.583436988000074, 36.131525735000025 ], [ 38.573087006000037, 36.136010728000031 ], [ 38.576537, 36.147740708000072 ], [ 38.57412200400006, 36.146360710000067 ], [ 38.562392024000076, 36.155675694000024 ], [ 38.568602013000032, 36.160505686000079 ], [ 38.565842018000069, 36.167060675000073 ], [ 38.570672010000067, 36.172580666000044 ], [ 38.568947012000081, 36.185345644000051 ], [ 38.555147036000051, 36.194315629000073 ], [ 38.546480159000055, 36.220070683000074 ], [ 38.526870509000048, 36.20606379000003 ], [ 38.512583479000057, 36.204102825000064 ], [ 38.509888507000028, 36.232039420000035 ], [ 38.507548218000068, 36.235636425000052 ], [ 38.503310509000073, 36.237815269000066 ], [ 38.490945246000024, 36.23786621000005 ], [ 38.48092790100003, 36.240240609000068 ], [ 38.436666119000051, 36.230996059000063 ], [ 38.423779778000039, 36.227074129000073 ], [ 38.417616746000078, 36.222591923000039 ], [ 38.425180467000075, 36.21334737400008 ], [ 38.428413340000077, 36.205834152000079 ], [ 38.440046185000028, 36.196332663000078 ], [ 38.44226887700006, 36.183652762000065 ], [ 38.438066809000077, 36.155358838000041 ], [ 38.413414678000038, 36.152557459000036 ], [ 38.402253142000063, 36.157117676000041 ], [ 38.388446925000039, 36.159042243000044 ], [ 38.385119645000032, 36.161338938000029 ], [ 38.383869645000061, 36.167752786000051 ], [ 38.38554610400007, 36.178824957000074 ], [ 38.379475300000024, 36.18665431200003 ], [ 38.384657053000069, 36.190580369000031 ], [ 38.383440737000058, 36.194949555000051 ], [ 38.35934207400004, 36.200401622000072 ], [ 38.34464484700004, 36.208419637000077 ], [ 38.338678824000056, 36.209074942000029 ], [ 38.333260015000064, 36.21380102300003 ], [ 38.331561040000054, 36.220686962000059 ], [ 38.335206963000076, 36.228008729000067 ], [ 38.334373127000049, 36.235012957000038 ], [ 38.337777457000072, 36.236318678000032 ], [ 38.336656904000051, 36.244442676000062 ], [ 38.343940489000033, 36.245563228000037 ], [ 38.348422695000068, 36.251446122000061 ], [ 38.35178434900007, 36.263211913000077 ], [ 38.34394049000008, 36.271055772000068 ], [ 38.338898007000068, 36.271055773000057 ], [ 38.33189456100007, 36.276098254000033 ], [ 38.328813045000061, 36.283381838000025 ], [ 38.313405462000048, 36.281981149000046 ], [ 38.311724636000065, 36.27833935700005 ], [ 38.298626553000076, 36.274956233000069 ], [ 38.28056859600008, 36.273511918000054 ], [ 38.256630139000038, 36.275430851000067 ], [ 38.227963417000069, 36.282541424000044 ], [ 38.219559281000045, 36.282541424000044 ], [ 38.215077075000067, 36.278899632000048 ], [ 38.207492484000056, 36.282389408000029 ], [ 38.20403962000006, 36.280926733000058 ], [ 38.200979155000027, 36.275464659000079 ], [ 38.196841697000025, 36.27232242000008 ], [ 38.18512931500004, 36.269444454000052 ], [ 38.174187135000068, 36.262957242000027 ], [ 38.171844164000049, 36.264011579000055 ], [ 38.162940873000025, 36.257216963000076 ], [ 38.140682647000062, 36.256514071000026 ], [ 38.134590923000076, 36.253702506000025 ], [ 38.133419437000043, 36.251008089000038 ], [ 38.136465300000054, 36.239058936000049 ], [ 38.134122328000046, 36.236364519000063 ], [ 38.137402488000077, 36.229569903000026 ], [ 38.13420932300005, 36.223228506000055 ], [ 38.115168783000058, 36.208794548000071 ], [ 38.112097727000048, 36.188986243000045 ], [ 38.10820749100003, 36.176919465000026 ], [ 38.104705953000064, 36.175021854000079 ], [ 38.086670766000054, 36.172232028000053 ], [ 38.079145901000061, 36.150689918000069 ], [ 38.080322652000063, 36.145046018000073 ], [ 38.074016771000061, 36.13743155800006 ], [ 38.081763971000044, 36.123014427000044 ], [ 38.081969874000038, 36.118072762000054 ], [ 38.100501119000057, 36.102012350000052 ], [ 38.09967750800007, 36.09933561500003 ], [ 38.092470913000056, 36.088834577000057 ], [ 38.089302140000029, 36.087554695000051 ], [ 38.080157765000024, 36.088210021000066 ], [ 38.068998003000047, 36.098512004000042 ], [ 38.062615019000077, 36.098923809000041 ], [ 38.059732380000071, 36.096864782000068 ], [ 38.058162579000054, 36.088680361000058 ], [ 38.062759654000047, 36.082124117000035 ], [ 38.085058415000049, 36.072362358000078 ], [ 38.086911539000027, 36.068656110000063 ], [ 38.099471605000076, 36.058978682000031 ], [ 38.105442783000058, 36.05156618500007 ], [ 38.095971259000066, 36.040241535000064 ], [ 38.100295216000063, 36.020474874000058 ], [ 38.102943278000055, 36.016790114000059 ], [ 38.110323661000052, 36.012270492000027 ], [ 38.123723350000034, 36.009906621000027 ], [ 38.132798341000068, 35.999023596000029 ], [ 38.147175481000033, 35.996674727000027 ], [ 38.15352228900008, 35.991260344000068 ], [ 38.152824617000078, 35.979260349000072 ], [ 38.155200859000047, 35.978108253000073 ], [ 38.15964357200005, 35.979385320000063 ], [ 38.161817322000047, 35.977624669000079 ], [ 38.163507350000032, 35.970646416000079 ], [ 38.160830615000066, 35.957056837000039 ], [ 38.164125059000071, 35.951703366000061 ], [ 38.176670383000044, 35.953303722000044 ], [ 38.185809328000062, 35.949490786000069 ], [ 38.191098314000044, 35.949850242000025 ], [ 38.200713062000034, 35.942241566000064 ], [ 38.183274012000027, 35.927818651000052 ], [ 38.157330269000056, 35.902492617000064 ], [ 38.135916386000076, 35.877166582000029 ], [ 38.130357012000047, 35.86028256000003 ], [ 38.115326114000027, 35.833515206000072 ], [ 38.125827153000046, 35.830632568000055 ], [ 38.127883948000033, 35.836979003000067 ], [ 38.15094728400004, 35.835368330000051 ], [ 38.153514671000039, 35.837556839000058 ], [ 38.172261211000034, 35.836460738000028 ], [ 38.145132799000066, 35.792664310000077 ], [ 38.169657043000029, 35.786533250000048 ], [ 38.157394921000048, 35.732229566000058 ], [ 38.162481313000058, 35.730070159000036 ], [ 38.163667713000052, 35.724849999000071 ], [ 38.186921154000061, 35.718443438000065 ], [ 38.194278123000061, 35.704575540000064 ], [ 38.198005330000058, 35.691175732000033 ], [ 38.19882343200004, 35.678137744000026 ], [ 38.196965595000052, 35.665170972000055 ], [ 38.192485107000039, 35.652638410000066 ], [ 38.210309536000068, 35.616751891000035 ], [ 38.206982309000068, 35.606532551000043 ], [ 38.253563486000075, 35.591560030000039 ], [ 38.256962334000036, 35.598353333000034 ], [ 38.260803015000079, 35.599686944000041 ], [ 38.264914678000025, 35.599102843000026 ], [ 38.268969745000049, 35.59438599300006 ], [ 38.267110052000078, 35.581340691000037 ], [ 38.302758912000058, 35.568031783000038 ], [ 38.299669344000051, 35.528342719000079 ], [ 38.290400641000076, 35.515509130000055 ], [ 38.27946832400005, 35.505765108000048 ], [ 38.244770100000039, 35.444211410000037 ], [ 38.316751980000049, 35.39538217300003 ] ] ] } },
{ "type": "Feature", "properties": { "shapeName": "Dar'a", "shapeISO": "", "shapeID": "27442178B67726505950673", "shapeGroup": "SYR", "shapeType": "ADM2" }, "geometry": { "type": "Polygon", "coordinates": [ [ [ 35.911569695000026, 32.88259490300004 ], [ 35.907747269000026, 32.880865097000026 ], [ 35.896784038000078, 32.882137540000031 ], [ 35.893445969000027, 32.876817703000029 ], [ 35.883565902000043, 32.868368149000048 ], [ 35.872007370000063, 32.854196548000061 ], [ 35.86274910000003, 32.848455429000069 ], [ 35.852468491000025, 32.844888687000036 ], [ 35.84855079600004, 32.841203689000054 ], [ 35.846334458000058, 32.834962845000064 ], [ 35.847795487000042, 32.83149910000003 ], [ 35.847379685000078, 32.821115494000026 ], [ 35.843351364000057, 32.815206528000033 ], [ 35.833505630000047, 32.809034347000079 ], [ 35.830091476000064, 32.804971695000063 ], [ 35.831125260000078, 32.80282402000006 ], [ 35.829393387000039, 32.801736832000074 ], [ 35.826311111000052, 32.802618027000051 ], [ 35.826025009000034, 32.799768447000076 ], [ 35.822530746000041, 32.79749107400005 ], [ 35.823904037000034, 32.796041489000061 ], [ 35.808847427000046, 32.788393021000047 ], [ 35.807390213000076, 32.783800125000027 ], [ 35.803171158000055, 32.783308029000068 ], [ 35.798818588000074, 32.779767990000039 ], [ 35.791315079000071, 32.779733658000055 ], [ 35.780187606000027, 32.772718429000065 ], [ 35.776018143000044, 32.765756607000071 ], [ 35.773221970000066, 32.765600205000055 ], [ 35.773496627000043, 32.762346268000044 ], [ 35.769910813000024, 32.761228561000053 ], [ 35.767141342000059, 32.756231308000054 ], [ 35.760602951000067, 32.751855850000027 ], [ 35.746850968000047, 32.732103348000066 ], [ 35.755712509000034, 32.735399246000043 ], [ 35.760351181000033, 32.739831924000043 ], [ 35.764192581000032, 32.747320175000027 ], [ 35.769201279000072, 32.750890732000073 ], [ 35.779569626000068, 32.751951218000045 ], [ 35.801382065000041, 32.759561538000071 ], [ 35.807729721000044, 32.756521225000029 ], [ 35.809301376000064, 32.751050949000046 ], [ 35.804471969000076, 32.742670059000034 ], [ 35.807611466000026, 32.738389969000025 ], [ 35.817052841000077, 32.739561081000033 ], [ 35.820222855000054, 32.734601974000043 ], [ 35.826311112000042, 32.731092453000031 ], [ 35.835062027000049, 32.729032517000064 ], [ 35.841272355000058, 32.729429245000063 ], [ 35.861902237000038, 32.735700608000059 ], [ 35.878419876000066, 32.735681534000037 ], [ 35.886381149000044, 32.733129501000064 ], [ 35.894712448000064, 32.727392197000029 ], [ 35.901311875000033, 32.724802017000059 ], [ 35.90913, 32.72592 ], [ 35.920369999000059, 32.72209 ], [ 35.92605, 32.72246 ], [ 35.93084, 32.72465 ], [ 35.93682, 32.72411 ], [ 35.94518, 32.71768 ], [ 35.94801, 32.70697 ], [ 35.95166, 32.70339 ], [ 35.96272, 32.69702 ], [ 35.97464, 32.69687 ], [ 35.97961, 32.69424 ], [ 35.98268, 32.69062 ], [ 35.98291, 32.682 ], [ 35.97259, 32.67348 ], [ 35.97335, 32.67112 ], [ 35.98301, 32.66506 ], [ 35.99361, 32.66143 ], [ 36.01077, 32.6628 ], [ 36.01975, 32.6619 ], [ 36.032801362000043, 32.65800037200006 ], [ 36.036302567000064, 32.654352188000075 ], [ 36.039190292000058, 32.642511368000044 ], [ 36.034860611000056, 32.607110977000048 ], [ 36.036340714000062, 32.60394096400006 ], [ 36.05888175900003, 32.587839126000063 ], [ 36.070440292000058, 32.57579994200006 ], [ 36.084440232000077, 32.549150467000061 ], [ 36.088701248000064, 32.536661148000064 ], [ 36.090761185000076, 32.517942429000072 ], [ 36.110582352000051, 32.523061752000046 ], [ 36.13381004300004, 32.523920059000034 ], [ 36.164720535000072, 32.522241592000057 ], [ 36.178380967000066, 32.51825142000007 ], [ 36.20074272200003, 32.528470993000042 ], [ 36.205610275000026, 32.528371811000056 ], [ 36.217752456000028, 32.521821976000069 ], [ 36.25774, 32.49286 ], [ 36.29611, 32.47049 ], [ 36.336542130000055, 32.44265937800003 ], [ 36.400571823000064, 32.387239456000032 ], [ 36.409662247000028, 32.382200241000078 ], [ 36.463552475000029, 32.377332687000035 ], [ 36.480150223000066, 32.37339210500005 ], [ 36.492769241000076, 32.36750221300008 ], [ 36.500024795000058, 32.361684799000045 ], [ 36.505731582000067, 32.373804092000057 ], [ 36.510286331000032, 32.389226914000062 ], [ 36.521654129000069, 32.437383651000061 ], [ 36.543561935000071, 32.46350669800006 ], [ 36.542865220000067, 32.475192468000046 ], [ 36.538822528000026, 32.482059211000035 ], [ 36.53430684600005, 32.488992624000048 ], [ 36.514055171000052, 32.509666806000041 ], [ 36.507387999000059, 32.537171953000041 ], [ 36.512434005000046, 32.555746078000027 ], [ 36.504930496000043, 32.566110611000056 ], [ 36.491346359000033, 32.568967819000079 ], [ 36.43845176700006, 32.566110611000056 ], [ 36.413076401000069, 32.567895890000045 ], [ 36.405042649000052, 32.584058762000041 ], [ 36.400011711000047, 32.616138198000044 ], [ 36.422590468000067, 32.625512164000043 ], [ 36.431902930000035, 32.628079061000051 ], [ 36.452845248000074, 32.630048457000044 ], [ 36.459033850000026, 32.634142240000074 ], [ 36.464041012000052, 32.642589666000049 ], [ 36.463958808000029, 32.658603160000041 ], [ 36.45594873500005, 32.665509801000042 ], [ 36.442026145000057, 32.67332766100003 ], [ 36.402555183000061, 32.685240290000024 ], [ 36.395492883000031, 32.691851043000042 ], [ 36.39296448500005, 32.697385721000046 ], [ 36.380280106000043, 32.696489577000079 ], [ 36.372476540000036, 32.703667748000044 ], [ 36.366538525000067, 32.704242676000035 ], [ 36.361107365000066, 32.706620331000067 ], [ 36.353844216000027, 32.704735515000039 ], [ 36.332004783000059, 32.706168202000072 ], [ 36.324727583000026, 32.702601937000054 ], [ 36.307437919000051, 32.703740089000064 ], [ 36.303485525000042, 32.699047231000065 ], [ 36.297608328000024, 32.698124409000059 ], [ 36.290640446000054, 32.699600170000053 ], [ 36.261722830000053, 32.714254802000028 ], [ 36.251581842000064, 32.727386976000048 ], [ 36.252847608000025, 32.74300282300004 ], [ 36.247984002000067, 32.757784413000024 ], [ 36.253023881000047, 32.776001687000075 ], [ 36.24043105100003, 32.78358361100004 ], [ 36.235106949000055, 32.783168020000062 ], [ 36.211129307000078, 32.776036367000074 ], [ 36.194939599000065, 32.78235896700005 ], [ 36.185605554000063, 32.795065860000079 ], [ 36.171598335000056, 32.804458177000072 ], [ 36.160088836000057, 32.805944620000048 ], [ 36.135141200000078, 32.804915277000077 ], [ 36.117473480000058, 32.807357582000066 ], [ 36.109518736000041, 32.815660170000058 ], [ 36.08734912500006, 32.824498586000061 ], [ 36.075415906000046, 32.818000335000079 ], [ 36.069025898000064, 32.818890477000025 ], [ 36.062966199000073, 32.81714389900003 ], [ 36.04134477000008, 32.801017117000072 ], [ 36.030998689000057, 32.795611780000058 ], [ 36.020435482000039, 32.786686616000054 ], [ 36.008373074000076, 32.785640987000079 ], [ 36.001282217000039, 32.788773596000055 ], [ 36.00329309500006, 32.794101745000034 ], [ 35.981661359000043, 32.791629387000057 ], [ 35.966759258000025, 32.791953492000061 ], [ 35.957050581000033, 32.806458107000026 ], [ 35.944912004000059, 32.808064513000033 ], [ 35.938102257000025, 32.812489239000058 ], [ 35.925666887000034, 32.815565469000035 ], [ 35.925543043000062, 32.822093302000042 ], [ 35.928166415000078, 32.828255345000059 ], [ 35.940638256000057, 32.83942081400005 ], [ 35.944462241000053, 32.848099296000044 ], [ 35.927561179000065, 32.85154403100006 ], [ 35.926646604000041, 32.86344372800005 ], [ 35.911569695000026, 32.88259490300004 ] ] ] } },
{ "type": "Feature", "properties": { "shapeName": "As-Sanamayn", "shapeISO": "", "shapeID": "27442178B3893178613366", "shapeGroup": "SYR", "shapeType": "ADM2" }, "geometry": { "type": "Polygon", "coordinates": [ [ [ 36.165766484000073, 33.213820638000072 ], [ 36.163682118000054, 33.212482474000069 ], [ 36.156966517000058, 33.197340690000033 ], [ 36.144728042000054, 33.191659781000055 ], [ 36.121036487000026, 33.198356173000036 ], [ 36.114974164000046, 33.197745518000033 ], [ 36.109548759000063, 33.195043119000047 ], [ 36.091060165000044, 33.196913803000029 ], [ 36.084936522000078, 33.196171724000067 ], [ 36.080226162000031, 33.19290316200005 ], [ 36.076113270000064, 33.176612385000055 ], [ 36.079503636000027, 33.167489379000074 ], [ 36.075938027000063, 33.163263791000077 ], [ 36.070072218000064, 33.161324701000069 ], [ 36.057266567000056, 33.161719365000067 ], [ 36.050739541000041, 33.15726912100007 ], [ 36.03560870900003, 33.153857266000045 ], [ 36.025150634000056, 33.153708925000046 ], [ 36.009210827000061, 33.164186538000024 ], [ 35.998835543000041, 33.163654637000036 ], [ 35.989481238000053, 33.158801812000036 ], [ 35.984731991000046, 33.149000414000056 ], [ 35.984807968000041, 33.138650894000079 ], [ 35.988866806000033, 33.125654220000058 ], [ 35.986318588000074, 33.116575241000078 ], [ 35.979040146000045, 33.103162766000025 ], [ 35.968496532000074, 33.091871439000045 ], [ 35.965368210000065, 33.066218181000067 ], [ 35.946275116000038, 33.044338972000048 ], [ 35.946275116000038, 33.036390345000029 ], [ 35.963433679000048, 33.019186918000059 ], [ 35.967462728000044, 33.003386742000032 ], [ 35.97899420400006, 32.992790410000055 ], [ 35.983220725000024, 32.997886878000031 ], [ 35.985387328000058, 33.003701313000079 ], [ 36.001603146000036, 33.008022689000029 ], [ 36.001287731000048, 33.019004586000051 ], [ 36.014857014000029, 33.026562937000051 ], [ 36.038428834000058, 33.032679131000066 ], [ 36.072468475000051, 33.032886447000067 ], [ 36.07355943500005, 33.027935772000035 ], [ 36.082476272000065, 33.018340544000068 ], [ 36.088424280000027, 33.007546010000056 ], [ 36.09436738200003, 32.98615404700007 ], [ 36.113091520000069, 32.939846398000043 ], [ 36.123644146000061, 32.92112067000005 ], [ 36.124432012000057, 32.915711696000074 ], [ 36.134362863000035, 32.911293679000039 ], [ 36.144575879000058, 32.911733061000064 ], [ 36.148061607000045, 32.922503964000043 ], [ 36.144564597000056, 32.930477919000054 ], [ 36.145346970000048, 32.93994183500007 ], [ 36.142732971000044, 32.942864578000069 ], [ 36.142626991000043, 32.946554495000044 ], [ 36.151099964000025, 32.952521491000027 ], [ 36.165742275000071, 32.956572040000026 ], [ 36.173268642000039, 32.960760921000031 ], [ 36.196574430000055, 32.96951877500004 ], [ 36.21325231000003, 32.968763574000036 ], [ 36.253164070000025, 32.973896725000031 ], [ 36.260473352000076, 32.972665016000064 ], [ 36.26427523600006, 32.968757763000042 ], [ 36.274198464000051, 32.969506254000066 ], [ 36.285457745000031, 32.975704545000042 ], [ 36.289893220000067, 32.981561647000035 ], [ 36.296546432000071, 32.984632360000035 ], [ 36.316355721000036, 33.005338675000075 ], [ 36.321612515000027, 33.005831442000044 ], [ 36.338472340000067, 32.986114892000046 ], [ 36.347045997000066, 32.983749746000058 ], [ 36.367344510000066, 32.988169399000071 ], [ 36.376856195000073, 32.987334421000071 ], [ 36.390415859000029, 32.992375819000074 ], [ 36.40237290400006, 32.985570374000076 ], [ 36.415720336000049, 32.980835632000037 ], [ 36.428409485000032, 32.988530600000047 ], [ 36.465945403000035, 32.997313336000047 ], [ 36.505906952000032, 33.000931072000071 ], [ 36.53407737100008, 33.005416967000031 ], [ 36.554549054000063, 33.016706357000032 ], [ 36.552846579000061, 33.02654700100004 ], [ 36.539413686000046, 33.041983044000062 ], [ 36.534936056000049, 33.053766283000073 ], [ 36.531047586000057, 33.055651601000079 ], [ 36.522922058000063, 33.055511146000072 ], [ 36.517942381000069, 33.057729461000065 ], [ 36.500765285000057, 33.087847606000025 ], [ 36.492437263000056, 33.105278723000026 ], [ 36.492231629000059, 33.127538878000053 ], [ 36.49781676200007, 33.156369750000067 ], [ 36.503599138000027, 33.167320792000055 ], [ 36.523778132000075, 33.178920333000065 ], [ 36.572340227000041, 33.182700013000044 ], [ 36.564682566000045, 33.217355454000028 ], [ 36.556131270000037, 33.246298301000024 ], [ 36.548569225000051, 33.252206149000074 ], [ 36.55045663900006, 33.259945695000056 ], [ 36.535788338000032, 33.280514621000066 ], [ 36.528102441000044, 33.283595871000045 ], [ 36.514654560000054, 33.296683226000027 ], [ 36.505617677000032, 33.296231972000044 ], [ 36.494063020000056, 33.283845022000037 ], [ 36.490903759000048, 33.279488965000041 ], [ 36.471309427000051, 33.273178274000031 ], [ 36.466049422000026, 33.269596773000046 ], [ 36.449561193000079, 33.267950346000077 ], [ 36.439642426000034, 33.255413741000041 ], [ 36.432446239000058, 33.253114667000034 ], [ 36.425869227000078, 33.248707625000065 ], [ 36.393254273000025, 33.21726811800005 ], [ 36.397733704000075, 33.193566880000049 ], [ 36.395779588000039, 33.191583673000025 ], [ 36.368293124000047, 33.18386470400003 ], [ 36.34641070300006, 33.198868923000077 ], [ 36.338603362000072, 33.198398483000062 ], [ 36.331827666000038, 33.204799132000062 ], [ 36.322355741000024, 33.209677213000077 ], [ 36.320331331000034, 33.217983269000058 ], [ 36.315964181000027, 33.225172271000076 ], [ 36.307274643000028, 33.227351558000066 ], [ 36.297778503000075, 33.227184979000072 ], [ 36.28248882400004, 33.234378430000049 ], [ 36.276296979000051, 33.246078812000064 ], [ 36.267137920000039, 33.255911970000056 ], [ 36.261414194000054, 33.260157715000048 ], [ 36.244462211000041, 33.266877910000062 ], [ 36.236005490000025, 33.273457086000064 ], [ 36.229762292000032, 33.272987623000063 ], [ 36.226509889000056, 33.269527092000033 ], [ 36.216500831000076, 33.217344037000032 ], [ 36.208670994000045, 33.209876769000061 ], [ 36.203344132000041, 33.208623063000061 ], [ 36.193655983000042, 33.211397120000072 ], [ 36.190189636000071, 33.215385534000063 ], [ 36.182846362000078, 33.218207612000072 ], [ 36.165766484000073, 33.213820638000072 ] ] ] } },
{ "type": "Feature", "properties": { "shapeName": "Izra'", "shapeISO": "", "shapeID": "27442178B99944519185371", "shapeGroup": "SYR", "shapeType": "ADM2" }, "geometry": { "type": "Polygon", "coordinates": [ [ [ 36.361107365000066, 32.706620331000067 ], [ 36.357994339000072, 32.70997712500008 ], [ 36.371319043000028, 32.728408610000031 ], [ 36.375333774000069, 32.744227107000029 ], [ 36.382657541000071, 32.745974230000058 ], [ 36.391261661000044, 32.745933042000047 ], [ 36.392663459000062, 32.747696423000036 ], [ 36.388710396000079, 32.777040419000059 ], [ 36.382257606000053, 32.78713143300007 ], [ 36.375773696000067, 32.826930345000051 ], [ 36.371368258000075, 32.869115198000031 ], [ 36.374631249000061, 32.896243638000044 ], [ 36.381969573000049, 32.915982518000078 ], [ 36.376309804000073, 32.942077434000055 ], [ 36.394087038000066, 32.962698097000043 ], [ 36.415720336000049, 32.980835632000037 ], [ 36.40237290400006, 32.985570374000076 ], [ 36.390415859000029, 32.992375819000074 ], [ 36.376856195000073, 32.987334421000071 ], [ 36.367344510000066, 32.988169399000071 ], [ 36.347045997000066, 32.983749746000058 ], [ 36.338472340000067, 32.986114892000046 ], [ 36.321612515000027, 33.005831442000044 ], [ 36.316355721000036, 33.005338675000075 ], [ 36.296546432000071, 32.984632360000035 ], [ 36.289893220000067, 32.981561647000035 ], [ 36.285457745000031, 32.975704545000042 ], [ 36.274198464000051, 32.969506254000066 ], [ 36.26427523600006, 32.968757763000042 ], [ 36.260473352000076, 32.972665016000064 ], [ 36.253164070000025, 32.973896725000031 ], [ 36.21325231000003, 32.968763574000036 ], [ 36.196574430000055, 32.96951877500004 ], [ 36.173268642000039, 32.960760921000031 ], [ 36.165742275000071, 32.956572040000026 ], [ 36.151099964000025, 32.952521491000027 ], [ 36.142626991000043, 32.946554495000044 ], [ 36.142732971000044, 32.942864578000069 ], [ 36.145346970000048, 32.93994183500007 ], [ 36.144564597000056, 32.930477919000054 ], [ 36.148061607000045, 32.922503964000043 ], [ 36.144575879000058, 32.911733061000064 ], [ 36.134362863000035, 32.911293679000039 ], [ 36.124432012000057, 32.915711696000074 ], [ 36.123644146000061, 32.92112067000005 ], [ 36.113091520000069, 32.939846398000043 ], [ 36.09436738200003, 32.98615404700007 ], [ 36.088424280000027, 33.007546010000056 ], [ 36.082476272000065, 33.018340544000068 ], [ 36.07355943500005, 33.027935772000035 ], [ 36.072468475000051, 33.032886447000067 ], [ 36.038428834000058, 33.032679131000066 ], [ 36.014857014000029, 33.026562937000051 ], [ 36.001287731000048, 33.019004586000051 ], [ 36.001603146000036, 33.008022689000029 ], [ 35.985387328000058, 33.003701313000079 ], [ 35.983220725000024, 32.997886878000031 ], [ 35.97899420400006, 32.992790410000055 ], [ 35.983487634000028, 32.986538612000061 ], [ 35.983722740000076, 32.974548192000043 ], [ 35.98218152700008, 32.969389552000052 ], [ 35.993488092000064, 32.960836818000075 ], [ 35.99728495100004, 32.93756081600003 ], [ 35.987769431000061, 32.929511928000068 ], [ 35.975616050000042, 32.928335794000077 ], [ 35.969928111000058, 32.938943770000037 ], [ 35.966089770000053, 32.941163102000075 ], [ 35.95974190000004, 32.941868421000038 ], [ 35.949632330000043, 32.929172682000058 ], [ 35.94634084300003, 32.927526938000028 ], [ 35.939522761000035, 32.931053532000078 ], [ 35.937982828000031, 32.925033297000027 ], [ 35.944081048000044, 32.918119834000038 ], [ 35.945723017000034, 32.913297063000073 ], [ 35.943449041000065, 32.902037811000071 ], [ 35.938675801000045, 32.89745857500003 ], [ 35.930713547000039, 32.897935580000023 ], [ 35.926625151000053, 32.896666793000065 ], [ 35.911569695000026, 32.88259490300004 ], [ 35.926646604000041, 32.86344372800005 ], [ 35.927561179000065, 32.85154403100006 ], [ 35.944462241000053, 32.848099296000044 ], [ 35.940638256000057, 32.83942081400005 ], [ 35.928166415000078, 32.828255345000059 ], [ 35.925543043000062, 32.822093302000042 ], [ 35.925666887000034, 32.815565469000035 ], [ 35.938102257000025, 32.812489239000058 ], [ 35.944912004000059, 32.808064513000033 ], [ 35.957050581000033, 32.806458107000026 ], [ 35.966759258000025, 32.791953492000061 ], [ 35.981661359000043, 32.791629387000057 ], [ 36.00329309500006, 32.794101745000034 ], [ 36.001282217000039, 32.788773596000055 ], [ 36.008373074000076, 32.785640987000079 ], [ 36.020435482000039, 32.786686616000054 ], [ 36.030998689000057, 32.795611780000058 ], [ 36.04134477000008, 32.801017117000072 ], [ 36.062966199000073, 32.81714389900003 ], [ 36.069025898000064, 32.818890477000025 ], [ 36.075415906000046, 32.818000335000079 ], [ 36.08734912500006, 32.824498586000061 ], [ 36.109518736000041, 32.815660170000058 ], [ 36.117473480000058, 32.807357582000066 ], [ 36.135141200000078, 32.804915277000077 ], [ 36.160088836000057, 32.805944620000048 ], [ 36.171598335000056, 32.804458177000072 ], [ 36.185605554000063, 32.795065860000079 ], [ 36.194939599000065, 32.78235896700005 ], [ 36.211129307000078, 32.776036367000074 ], [ 36.235106949000055, 32.783168020000062 ], [ 36.24043105100003, 32.78358361100004 ], [ 36.253023881000047, 32.776001687000075 ], [ 36.247984002000067, 32.757784413000024 ], [ 36.252847608000025, 32.74300282300004 ], [ 36.251581842000064, 32.727386976000048 ], [ 36.261722830000053, 32.714254802000028 ], [ 36.290640446000054, 32.699600170000053 ], [ 36.297608328000024, 32.698124409000059 ], [ 36.303485525000042, 32.699047231000065 ], [ 36.307437919000051, 32.703740089000064 ], [ 36.324727583000026, 32.702601937000054 ], [ 36.332004783000059, 32.706168202000072 ], [ 36.353844216000027, 32.704735515000039 ], [ 36.361107365000066, 32.706620331000067 ] ] ] } },
{ "type": "Feature", "properties": { "shapeName": "As-Sweida", "shapeISO": "", "shapeID": "27442178B49241886307156", "shapeGroup": "SYR", "shapeType": "ADM2" }, "geometry": { "type": "Polygon", "coordinates": [ [ [ 37.218510873000071, 33.005343049000032 ], [ 37.211764785000071, 33.00174583200004 ], [ 36.838884862000043, 32.859764290000044 ], [ 36.759610973000065, 32.814663255000028 ], [ 36.738588772000071, 32.797253545000046 ], [ 36.737196924000045, 32.791707363000057 ], [ 36.732153047000054, 32.787924303000068 ], [ 36.703796444000034, 32.776791462000062 ], [ 36.694456077000041, 32.780504869000026 ], [ 36.680998956000053, 32.788593519000074 ], [ 36.668178020000028, 32.791698994000058 ], [ 36.630974220000041, 32.805431854000062 ], [ 36.577248084000075, 32.807022092000068 ], [ 36.567700754000043, 32.814548864000074 ], [ 36.555333055000062, 32.81421460100006 ], [ 36.55008951700006, 32.827319187000057 ], [ 36.55331440100008, 32.877447422000046 ], [ 36.545434845000045, 32.880455580000046 ], [ 36.536111030000029, 32.882668643000045 ], [ 36.531775491000076, 32.880533416000048 ], [ 36.526100516000042, 32.868100922000053 ], [ 36.521089313000061, 32.848184681000077 ], [ 36.51964229400005, 32.847639643000036 ], [ 36.465448391000052, 32.873604309000029 ], [ 36.444158610000045, 32.880450144000065 ], [ 36.430488221000076, 32.881528208000077 ], [ 36.422652802000073, 32.880535452000061 ], [ 36.399494985000047, 32.872314964000054 ], [ 36.371368258000075, 32.869115198000031 ], [ 36.375773696000067, 32.826930345000051 ], [ 36.382257606000053, 32.78713143300007 ], [ 36.388710396000079, 32.777040419000059 ], [ 36.392663459000062, 32.747696423000036 ], [ 36.391261661000044, 32.745933042000047 ], [ 36.382657541000071, 32.745974230000058 ], [ 36.375333774000069, 32.744227107000029 ], [ 36.371319043000028, 32.728408610000031 ], [ 36.357994339000072, 32.70997712500008 ], [ 36.361107365000066, 32.706620331000067 ], [ 36.366538525000067, 32.704242676000035 ], [ 36.372476540000036, 32.703667748000044 ], [ 36.380280106000043, 32.696489577000079 ], [ 36.39296448500005, 32.697385721000046 ], [ 36.395492883000031, 32.691851043000042 ], [ 36.402555183000061, 32.685240290000024 ], [ 36.442026145000057, 32.67332766100003 ], [ 36.45594873500005, 32.665509801000042 ], [ 36.463958808000029, 32.658603160000041 ], [ 36.464041012000052, 32.642589666000049 ], [ 36.459033850000026, 32.634142240000074 ], [ 36.452845248000074, 32.630048457000044 ], [ 36.431902930000035, 32.628079061000051 ], [ 36.422590468000067, 32.625512164000043 ], [ 36.400011711000047, 32.616138198000044 ], [ 36.405042649000052, 32.584058762000041 ], [ 36.413076401000069, 32.567895890000045 ], [ 36.43845176700006, 32.566110611000056 ], [ 36.491346359000033, 32.568967819000079 ], [ 36.504930496000043, 32.566110611000056 ], [ 36.512434005000046, 32.555746078000027 ], [ 36.507387999000059, 32.537171953000041 ], [ 36.522033131000057, 32.542914449000079 ], [ 36.540255197000079, 32.556223790000047 ], [ 36.559663778000072, 32.563922963000039 ], [ 36.570165880000047, 32.571911368000031 ], [ 36.570023541000069, 32.584814084000072 ], [ 36.564897116000054, 32.599256713000045 ], [ 36.566142901000035, 32.605264784000042 ], [ 36.586536390000049, 32.608638266000071 ], [ 36.606321498000057, 32.616187745000047 ], [ 36.608801837000044, 32.612230981000039 ], [ 36.609142225000028, 32.598366357000032 ], [ 36.601849555000058, 32.562807578000047 ], [ 36.633590471000048, 32.564132355000027 ], [ 36.669157028000029, 32.572050095000066 ], [ 36.709714889000054, 32.569673538000075 ], [ 36.729471207000074, 32.563024521000045 ], [ 36.742349625000031, 32.553037643000039 ], [ 36.755056381000031, 32.569158554000069 ], [ 36.742383250000046, 32.602951014000041 ], [ 36.734734843000069, 32.616629955000064 ], [ 36.737665176000064, 32.637796402000049 ], [ 36.776929855000049, 32.625497818000042 ], [ 36.807294845000058, 32.612524032000067 ], [ 36.821647200000029, 32.617704544000048 ], [ 36.83396285200007, 32.626959080000063 ], [ 36.844607847000077, 32.63898537700004 ], [ 36.862852321000048, 32.641768044000059 ], [ 36.871339798000065, 32.637189865000039 ], [ 36.874926391000031, 32.630444389000047 ], [ 36.876520700000071, 32.613351826000041 ], [ 36.92326545700007, 32.613286972000026 ], [ 37.052438736000056, 32.627767563000077 ], [ 37.456495285000074, 32.67614936800004 ], [ 37.287229538000076, 32.906621933000054 ], [ 37.278978348000066, 32.926771164000058 ], [ 37.276906967000059, 32.943292618000044 ], [ 37.275255203000029, 32.964624405000052 ], [ 37.276712418000045, 32.995317459000034 ], [ 37.268732071000045, 32.99946022000006 ], [ 37.256792069000028, 33.002996445000065 ], [ 37.218510873000071, 33.005343049000032 ] ] ] } },
{ "type": "Feature", "properties": { "shapeName": "Salkhad", "shapeISO": "", "shapeID": "27442178B39967895671995", "shapeGroup": "SYR", "shapeType": "ADM2" }, "geometry": { "type": "Polygon", "coordinates": [ [ [ 37.456495285000074, 32.67614936800004 ], [ 37.052438736000056, 32.627767563000077 ], [ 36.92326545700007, 32.613286972000026 ], [ 36.876520700000071, 32.613351826000041 ], [ 36.874926391000031, 32.630444389000047 ], [ 36.871339798000065, 32.637189865000039 ], [ 36.862852321000048, 32.641768044000059 ], [ 36.844607847000077, 32.63898537700004 ], [ 36.83396285200007, 32.626959080000063 ], [ 36.821647200000029, 32.617704544000048 ], [ 36.807294845000058, 32.612524032000067 ], [ 36.776929855000049, 32.625497818000042 ], [ 36.737665176000064, 32.637796402000049 ], [ 36.734734843000069, 32.616629955000064 ], [ 36.742383250000046, 32.602951014000041 ], [ 36.755056381000031, 32.569158554000069 ], [ 36.742349625000031, 32.553037643000039 ], [ 36.729471207000074, 32.563024521000045 ], [ 36.709714889000054, 32.569673538000075 ], [ 36.669157028000029, 32.572050095000066 ], [ 36.633590471000048, 32.564132355000027 ], [ 36.601849555000058, 32.562807578000047 ], [ 36.609142225000028, 32.598366357000032 ], [ 36.608801837000044, 32.612230981000039 ], [ 36.606321498000057, 32.616187745000047 ], [ 36.586536390000049, 32.608638266000071 ], [ 36.566142901000035, 32.605264784000042 ], [ 36.564897116000054, 32.599256713000045 ], [ 36.570023541000069, 32.584814084000072 ], [ 36.570165880000047, 32.571911368000031 ], [ 36.559663778000072, 32.563922963000039 ], [ 36.540255197000079, 32.556223790000047 ], [ 36.522033131000057, 32.542914449000079 ], [ 36.507387999000059, 32.537171953000041 ], [ 36.514055171000052, 32.509666806000041 ], [ 36.53430684600005, 32.488992624000048 ], [ 36.538822528000026, 32.482059211000035 ], [ 36.542865220000067, 32.475192468000046 ], [ 36.543561935000071, 32.46350669800006 ], [ 36.521654129000069, 32.437383651000061 ], [ 36.510286331000032, 32.389226914000062 ], [ 36.505731582000067, 32.373804092000057 ], [ 36.500024795000058, 32.361684799000045 ], [ 36.501649856000029, 32.360380173000067 ], [ 36.692060471000048, 32.339151382000068 ], [ 36.703981400000032, 32.326829910000072 ], [ 36.72167015000008, 32.333021164000058 ], [ 36.834810257000072, 32.316442490000043 ], [ 36.866842270000063, 32.342550278000033 ], [ 37.464327062000052, 32.664040232000048 ], [ 37.456495285000074, 32.67614936800004 ] ] ] } },
{ "type": "Feature", "properties": { "shapeName": "Shahba", "shapeISO": "", "shapeID": "27442178B615257865565", "shapeGroup": "SYR", "shapeType": "ADM2" }, "geometry": { "type": "Polygon", "coordinates": [ [ [ 36.572340227000041, 33.182700013000044 ], [ 36.523778132000075, 33.178920333000065 ], [ 36.503599138000027, 33.167320792000055 ], [ 36.49781676200007, 33.156369750000067 ], [ 36.492231629000059, 33.127538878000053 ], [ 36.492437263000056, 33.105278723000026 ], [ 36.500765285000057, 33.087847606000025 ], [ 36.517942381000069, 33.057729461000065 ], [ 36.522922058000063, 33.055511146000072 ], [ 36.531047586000057, 33.055651601000079 ], [ 36.534936056000049, 33.053766283000073 ], [ 36.539413686000046, 33.041983044000062 ], [ 36.552846579000061, 33.02654700100004 ], [ 36.554549054000063, 33.016706357000032 ], [ 36.53407737100008, 33.005416967000031 ], [ 36.505906952000032, 33.000931072000071 ], [ 36.465945403000035, 32.997313336000047 ], [ 36.428409485000032, 32.988530600000047 ], [ 36.415720336000049, 32.980835632000037 ], [ 36.394087038000066, 32.962698097000043 ], [ 36.376309804000073, 32.942077434000055 ], [ 36.381969573000049, 32.915982518000078 ], [ 36.374631249000061, 32.896243638000044 ], [ 36.371368258000075, 32.869115198000031 ], [ 36.399494985000047, 32.872314964000054 ], [ 36.422652802000073, 32.880535452000061 ], [ 36.430488221000076, 32.881528208000077 ], [ 36.444158610000045, 32.880450144000065 ], [ 36.465448391000052, 32.873604309000029 ], [ 36.51964229400005, 32.847639643000036 ], [ 36.521089313000061, 32.848184681000077 ], [ 36.526100516000042, 32.868100922000053 ], [ 36.531775491000076, 32.880533416000048 ], [ 36.536111030000029, 32.882668643000045 ], [ 36.545434845000045, 32.880455580000046 ], [ 36.55331440100008, 32.877447422000046 ], [ 36.55008951700006, 32.827319187000057 ], [ 36.555333055000062, 32.81421460100006 ], [ 36.567700754000043, 32.814548864000074 ], [ 36.577248084000075, 32.807022092000068 ], [ 36.630974220000041, 32.805431854000062 ], [ 36.668178020000028, 32.791698994000058 ], [ 36.680998956000053, 32.788593519000074 ], [ 36.694456077000041, 32.780504869000026 ], [ 36.703796444000034, 32.776791462000062 ], [ 36.732153047000054, 32.787924303000068 ], [ 36.737196924000045, 32.791707363000057 ], [ 36.738588772000071, 32.797253545000046 ], [ 36.759610973000065, 32.814663255000028 ], [ 36.838884862000043, 32.859764290000044 ], [ 37.211764785000071, 33.00174583200004 ], [ 37.218510873000071, 33.005343049000032 ], [ 37.201601029000074, 33.006002426000066 ], [ 37.194208145000061, 33.00821495100007 ], [ 37.128355026000065, 33.018533707000074 ], [ 37.116411210000024, 33.022554398000068 ], [ 37.094854355000052, 33.033025742000063 ], [ 37.049461923000024, 33.04666211600005 ], [ 37.036781120000057, 33.048871521000024 ], [ 36.913490238000065, 33.051806320000026 ], [ 36.884914810000055, 33.056450932000075 ], [ 36.865069220000066, 33.065999618000035 ], [ 36.712264424000068, 33.19289793400003 ], [ 36.707906817000037, 33.194063960000051 ], [ 36.572340227000041, 33.182700013000044 ] ] ] } },
{ "type": "Feature", "properties": { "shapeName": "Quneitra", "shapeISO": "", "shapeID": "27442178B38649296158741", "shapeGroup": "SYR", "shapeType": "ADM2" }, "geometry": { "type": "Polygon", "coordinates": [ [ [ 35.815529275000074, 33.358001468000055 ], [ 35.803060532000075, 33.351610184000037 ], [ 35.79776954700003, 33.346731186000056 ], [ 35.786802292000061, 33.34026908900006 ], [ 35.746610642000064, 33.325342178000028 ], [ 35.742151260000071, 33.324869156000034 ], [ 35.726659774000041, 33.328832626000064 ], [ 35.71750068700004, 33.326410294000027 ], [ 35.713609695000059, 33.321859360000076 ], [ 35.708662033000053, 33.304151535000074 ], [ 35.687650680000047, 33.295160293000038 ], [ 35.658960342000057, 33.274251938000077 ], [ 35.642999650000036, 33.279870987000038 ], [ 35.621019364000063, 33.27139091500004 ], [ 35.622812271000043, 33.265489578000029 ], [ 35.621931076000067, 33.261751175000029 ], [ 35.623479843000041, 33.260652542000059 ], [ 35.621492386000057, 33.259111405000056 ], [ 35.622079849000045, 33.256170272000077 ], [ 35.620042800000078, 33.255220413000075 ], [ 35.621019363000073, 33.253282547000026 ], [ 35.624071122000032, 33.252691269000024 ], [ 35.625139236000052, 33.245389938000073 ], [ 35.622949600000027, 33.24395942700005 ], [ 35.624444962000041, 33.242349625000031 ], [ 35.642721176000066, 33.245599747000028 ], [ 35.651296615000035, 33.249940872000025 ], [ 35.670228958000052, 33.246927261000053 ], [ 35.680341720000058, 33.247549057000072 ], [ 35.684602737000034, 33.242906570000059 ], [ 35.682817460000024, 33.236650467000061 ], [ 35.671159745000068, 33.23072624200006 ], [ 35.667089462000035, 33.225252152000053 ], [ 35.66300392200003, 33.189115524000044 ], [ 35.670579911000061, 33.153230667000059 ], [ 35.653455734000033, 33.12399864200006 ], [ 35.649106980000056, 33.084623337000039 ], [ 35.645746231000032, 33.077867508000054 ], [ 35.646768086000066, 33.062710089000063 ], [ 35.640819433000047, 33.041390118000038 ], [ 35.631967838000037, 33.024900453000043 ], [ 35.629921502000059, 33.013455246000035 ], [ 35.633038595000073, 33.008577351000042 ], [ 35.630587750000075, 32.994871655000054 ], [ 35.633181364000052, 32.990207912000074 ], [ 35.631288312000038, 32.961775475000024 ], [ 35.641267753000079, 32.945833237000045 ], [ 35.656244278000031, 32.94227027900007 ], [ 35.665040970000064, 32.944169998000064 ], [ 35.670747757000072, 32.932046890000038 ], [ 35.66527807500006, 32.923248543000057 ], [ 35.674074172000076, 32.898763657000075 ], [ 35.694995603000052, 32.903040281000074 ], [ 35.715440750000027, 32.903993606000029 ], [ 35.734222936000037, 32.903040282000063 ], [ 35.742544174000045, 32.900899887000037 ], [ 35.749441146000038, 32.902803421000044 ], [ 35.763940811000055, 32.899950027000045 ], [ 35.778314591000026, 32.916532516000075 ], [ 35.776304245000063, 32.925390243000038 ], [ 35.789617538000073, 32.934900284000037 ], [ 35.800554276000071, 32.930856705000053 ], [ 35.830034256000033, 32.934423447000029 ], [ 35.839067459000034, 32.939176559000032 ], [ 35.840257644000076, 32.942743302000054 ], [ 35.836927414000058, 32.946073532000071 ], [ 35.836454391000075, 32.955106735000072 ], [ 35.852380753000034, 32.952016831000037 ], [ 35.872827530000052, 32.960336685000073 ], [ 35.870923995000055, 32.952253342000063 ], [ 35.879007340000044, 32.943933487000038 ], [ 35.881860733000053, 32.934659958000054 ], [ 35.867120742000054, 32.926103592000061 ], [ 35.853757858000051, 32.906568528000037 ], [ 35.875120163000076, 32.906568528000037 ], [ 35.870847702000049, 32.886857987000042 ], [ 35.893445969000027, 32.876817703000029 ], [ 35.896784038000078, 32.882137540000031 ], [ 35.907747269000026, 32.880865097000026 ], [ 35.911569695000026, 32.88259490300004 ], [ 35.926625151000053, 32.896666793000065 ], [ 35.930713547000039, 32.897935580000023 ], [ 35.938675801000045, 32.89745857500003 ], [ 35.943449041000065, 32.902037811000071 ], [ 35.945723017000034, 32.913297063000073 ], [ 35.944081048000044, 32.918119834000038 ], [ 35.937982828000031, 32.925033297000027 ], [ 35.939522761000035, 32.931053532000078 ], [ 35.94634084300003, 32.927526938000028 ], [ 35.949632330000043, 32.929172682000058 ], [ 35.95974190000004, 32.941868421000038 ], [ 35.966089770000053, 32.941163102000075 ], [ 35.969928111000058, 32.938943770000037 ], [ 35.975616050000042, 32.928335794000077 ], [ 35.987769431000061, 32.929511928000068 ], [ 35.99728495100004, 32.93756081600003 ], [ 35.993488092000064, 32.960836818000075 ], [ 35.98218152700008, 32.969389552000052 ], [ 35.983722740000076, 32.974548192000043 ], [ 35.983487634000028, 32.986538612000061 ], [ 35.97899420400006, 32.992790410000055 ], [ 35.967462728000044, 33.003386742000032 ], [ 35.963433679000048, 33.019186918000059 ], [ 35.946275116000038, 33.036390345000029 ], [ 35.946275116000038, 33.044338972000048 ], [ 35.965368210000065, 33.066218181000067 ], [ 35.968496532000074, 33.091871439000045 ], [ 35.979040146000045, 33.103162766000025 ], [ 35.986318588000074, 33.116575241000078 ], [ 35.988866806000033, 33.125654220000058 ], [ 35.984807968000041, 33.138650894000079 ], [ 35.984731991000046, 33.149000414000056 ], [ 35.989481238000053, 33.158801812000036 ], [ 35.992906570000059, 33.180616379000071 ], [ 35.990037918000041, 33.184629440000037 ], [ 35.994520188000024, 33.199056625000026 ], [ 35.993097305000049, 33.200494766000077 ], [ 35.982202530000052, 33.199918747000027 ], [ 35.973600388000079, 33.201829910000072 ], [ 35.962842942000066, 33.200700760000075 ], [ 35.960222245000068, 33.20335960400007 ], [ 35.959264756000039, 33.207563400000026 ], [ 35.960985184000037, 33.218843460000073 ], [ 35.965955734000033, 33.231649399000048 ], [ 35.96633720400007, 33.249425888000076 ], [ 35.963853836000055, 33.259172440000043 ], [ 35.957544327000051, 33.264524460000075 ], [ 35.95047187800003, 33.265672683000048 ], [ 35.940916062000042, 33.263185501000066 ], [ 35.930364609000037, 33.263910294000027 ], [ 35.920080185000074, 33.266626358000053 ], [ 35.915601731000038, 33.265241623000065 ], [ 35.909917832000076, 33.26057243300005 ], [ 35.90307045000003, 33.261083603000031 ], [ 35.89542579700003, 33.254587173000061 ], [ 35.889883042000065, 33.253248215000042 ], [ 35.885484696000049, 33.254201889000058 ], [ 35.874589920000062, 33.271596908000049 ], [ 35.865224838000074, 33.280961991000027 ], [ 35.871725082000069, 33.285360337000043 ], [ 35.87019538900006, 33.289945603000035 ], [ 35.871915817000058, 33.29223823500007 ], [ 35.883001328000034, 33.296827316000076 ], [ 35.883001327000045, 33.29931068500008 ], [ 35.876119614000061, 33.308103561000053 ], [ 35.846303940000041, 33.336584091000077 ], [ 35.815529275000074, 33.358001468000055 ] ] ] } },
{ "type": "Feature", "properties": { "shapeName": "Al Fiq", "shapeISO": "", "shapeID": "27442178B98358455064560", "shapeGroup": "SYR", "shapeType": "ADM2" }, "geometry": { "type": "Polygon", "coordinates": [ [ [ 35.893445969000027, 32.876817703000029 ], [ 35.870847702000049, 32.886857987000042 ], [ 35.875120163000076, 32.906568528000037 ], [ 35.853757858000051, 32.906568528000037 ], [ 35.867120742000054, 32.926103592000061 ], [ 35.881860733000053, 32.934659958000054 ], [ 35.879007340000044, 32.943933487000038 ], [ 35.870923995000055, 32.952253342000063 ], [ 35.872827530000052, 32.960336685000073 ], [ 35.852380753000034, 32.952016831000037 ], [ 35.836454391000075, 32.955106735000072 ], [ 35.836927414000058, 32.946073532000071 ], [ 35.840257644000076, 32.942743302000054 ], [ 35.839067459000034, 32.939176559000032 ], [ 35.830034256000033, 32.934423447000029 ], [ 35.800554276000071, 32.930856705000053 ], [ 35.789617538000073, 32.934900284000037 ], [ 35.776304245000063, 32.925390243000038 ], [ 35.778314591000026, 32.916532516000075 ], [ 35.763940811000055, 32.899950027000045 ], [ 35.749441146000038, 32.902803421000044 ], [ 35.742544174000045, 32.900899887000037 ], [ 35.734222936000037, 32.903040282000063 ], [ 35.715440750000027, 32.903993606000029 ], [ 35.694995603000052, 32.903040281000074 ], [ 35.674074172000076, 32.898763657000075 ], [ 35.66527807500006, 32.923248543000057 ], [ 35.670747757000072, 32.932046890000038 ], [ 35.665040970000064, 32.944169998000064 ], [ 35.656244278000031, 32.94227027900007 ], [ 35.641267753000079, 32.945833237000045 ], [ 35.631288312000038, 32.961775475000024 ], [ 35.628969192000056, 32.955919265000034 ], [ 35.628351212000041, 32.938383102000046 ], [ 35.624307632000068, 32.916944503000025 ], [ 35.62701988200007, 32.911520004000067 ], [ 35.623235703000034, 32.905595779000066 ], [ 35.616788864000057, 32.904951096000048 ], [ 35.614171982000073, 32.900239944000077 ], [ 35.613939285000072, 32.895219803000032 ], [ 35.62311363200007, 32.890310288000023 ], [ 35.644163131000028, 32.86453437800003 ], [ 35.643121719000078, 32.861841202000051 ], [ 35.649564743000042, 32.848592758000052 ], [ 35.649564743000042, 32.840665817000058 ], [ 35.641618729000072, 32.834337235000078 ], [ 35.645685196000045, 32.820722580000051 ], [ 35.644483567000066, 32.810659408000049 ], [ 35.655714035000074, 32.80850029000004 ], [ 35.655027389000054, 32.792654038000023 ], [ 35.66266822800003, 32.77705192600007 ], [ 35.65563011200004, 32.754541397000025 ], [ 35.657087326000067, 32.748167038000076 ], [ 35.654615402000047, 32.737039566000078 ], [ 35.651594162000038, 32.734132767000062 ], [ 35.649198532000071, 32.714006424000047 ], [ 35.645170212000039, 32.708368302000054 ], [ 35.637678147000031, 32.704923630000053 ], [ 35.634566943000038, 32.686364701000059 ], [ 35.642695660000072, 32.681362555000078 ], [ 35.644702352000024, 32.67781584200003 ], [ 35.64932241200006, 32.679869202000077 ], [ 35.654644156000074, 32.684787967000034 ], [ 35.657570672000077, 32.685393453000074 ], [ 35.663928276000036, 32.680347736000044 ], [ 35.669377649000069, 32.684384310000041 ], [ 35.674337878000074, 32.685129456000027 ], [ 35.67163948700005, 32.691060525000069 ], [ 35.688261032000071, 32.707632065000041 ], [ 35.698652267000057, 32.712049484000033 ], [ 35.708280563000073, 32.722169876000066 ], [ 35.739572525000028, 32.732431412000039 ], [ 35.746850968000047, 32.732103348000066 ], [ 35.760602951000067, 32.751855850000027 ], [ 35.767141342000059, 32.756231308000054 ], [ 35.769910813000024, 32.761228561000053 ], [ 35.773496627000043, 32.762346268000044 ], [ 35.773221970000066, 32.765600205000055 ], [ 35.776018143000044, 32.765756607000071 ], [ 35.780187606000027, 32.772718429000065 ], [ 35.791315079000071, 32.779733658000055 ], [ 35.798818588000074, 32.779767990000039 ], [ 35.803171158000055, 32.783308029000068 ], [ 35.807390213000076, 32.783800125000027 ], [ 35.808847427000046, 32.788393021000047 ], [ 35.823904037000034, 32.796041489000061 ], [ 35.822530746000041, 32.79749107400005 ], [ 35.826025009000034, 32.799768447000076 ], [ 35.826311111000052, 32.802618027000051 ], [ 35.829393387000039, 32.801736832000074 ], [ 35.831125260000078, 32.80282402000006 ], [ 35.830091476000064, 32.804971695000063 ], [ 35.833505630000047, 32.809034347000079 ], [ 35.843351364000057, 32.815206528000033 ], [ 35.847379685000078, 32.821115494000026 ], [ 35.847795487000042, 32.83149910000003 ], [ 35.846334458000058, 32.834962845000064 ], [ 35.84855079600004, 32.841203689000054 ], [ 35.852468491000025, 32.844888687000036 ], [ 35.86274910000003, 32.848455429000069 ], [ 35.872007370000063, 32.854196548000061 ], [ 35.883565902000043, 32.868368149000048 ], [ 35.893445969000027, 32.876817703000029 ] ] ] } }
]
}
